node,degree,n_lines,betweenness,closeness,pagerank,eigenvector,x,y,lines,modes,mode_score,hub_score
400080,7,28,0.27942,0.020388,0.001253,0.000114,181088.2612,665672.0736,"rail_10_1, rail_10_2, rail_11_1, rail_11_2, rail_12_1, rail_12_2, rail_14_1, rail_14_2, rail_16_1, rail_16_2, rail_17_1, rail_17_2, rail_1_1, rail_1_2, rail_20_1, rail_20_2, rail_2_1, rail_2_2, rail_3_1, rail_3_2, rail_4_1, rail_4_2, rail_5_1, rail_5_2, rail_8_1, rail_8_2, rail_9_1, rail_9_2","HighSpeed Rail, Interurban Rail, Suburban Rail",8,0.692979
400018,4,28,0.271741,0.019995,0.001294,0.000794,182239.4829,671394.5234,"rail_10_1, rail_10_2, rail_11_1, rail_11_2, rail_12_1, rail_12_2, rail_14_1, rail_14_2, rail_16_1, rail_16_2, rail_17_1, rail_17_2, rail_1_1, rail_1_2, rail_20_1, rail_20_2, rail_2_1, rail_2_2, rail_3_1, rail_3_2, rail_4_1, rail_4_2, rail_5_1, rail_5_2, rail_8_1, rail_8_2, rail_9_1, rail_9_2","HighSpeed Rail, Interurban Rail, Suburban Rail",8,0.641199
400110,7,22,0.208355,0.02023,0.00134,8e-06,179815.0419,662396.4211,"rail_10_1, rail_10_2, rail_11_1, rail_11_2, rail_12_1, rail_12_2, rail_14_1, rail_14_2, rail_16_1, rail_16_2, rail_17_1, rail_17_2, rail_1_1, rail_1_2, rail_20_1, rail_20_2, rail_3_1, rail_3_2, rail_4_1, rail_4_2, rail_5_1, rail_5_2","Interurban Rail, Suburban Rail",7,0.633811
31603,8,20,0.376058,0.012214,0.001173,0.006578,196306.6781,744335.8519,"rail_10_1, rail_10_2, rail_1_1, rail_1_2, rail_2_1, rail_2_2, rail_3_1, rail_3_2, rail_4_1, rail_4_2, rail_5_1, rail_5_2, rail_6_1, rail_6_2, rail_7_1, rail_7_2, rail_8_1, rail_8_2, rail_9_1, rail_9_2","HighSpeed Rail, Interurban Rail, Suburban Rail",8,0.616798
1019,11,10,0.097354,0.011798,0.000695,0.287423,201184.3105,745418.9393,"R321-2, R323-1, R323-2, R324-1, R324-2, R325-1, R325-2, R327-2, R328-2, R330-1",BRT,4,0.561476
400060,7,22,0.097814,0.019793,0.001128,0.000128,182891.0945,674534.0991,"rail_10_1, rail_10_2, rail_11_1, rail_11_2, rail_12_1, rail_12_2, rail_14_1, rail_14_2, rail_16_1, rail_16_2, rail_17_1, rail_17_2, rail_1_1, rail_1_2, rail_20_1, rail_20_2, rail_3_1, rail_3_2, rail_4_1, rail_4_2, rail_5_1, rail_5_2","Interurban Rail, Suburban Rail",7,0.55402
400090,4,22,0.195611,0.020259,0.001082,1.6e-05,180611.8557,664530.8005,"rail_10_1, rail_10_2, rail_11_1, rail_11_2, rail_12_1, rail_12_2, rail_14_1, rail_14_2, rail_16_1, rail_16_2, rail_17_1, rail_17_2, rail_1_1, rail_1_2, rail_20_1, rail_20_2, rail_3_1, rail_3_2, rail_4_1, rail_4_2, rail_5_1, rail_5_2","Interurban Rail, Suburban Rail",7,0.546058
36308,11,6,0.000383,0.011778,0.000888,0.325215,201369.339,745505.189,"m0110a, m0120a, m0210a, m0610a, m0710a, m0910a",BRT,4,0.537091
36634,10,5,0.001654,0.011795,0.000837,0.299212,201183.5296,745444.3922,"m0310a, m0320a, m0510a, m0520a, m0820a",BRT,4,0.495277
400320,8,14,0.052517,0.018527,0.001123,1e-05,188484.2317,650491.5267,"rail_12_1, rail_12_2, rail_15_1, rail_15_2, rail_16_1, rail_16_2, rail_17_1, rail_17_2, rail_3_1, rail_3_2, rail_4_1, rail_4_2, rail_5_1, rail_5_2","Interurban Rail, Suburban Rail",7,0.488219
36404,10,3,0.035374,0.011778,0.000639,0.303635,201356.1211,745266.9645,"m0810a, m0910a, m0920a",BRT,4,0.475234
400415,7,12,0.094822,0.019183,0.000848,1.8e-05,187886.6151,656413.6363,"rail_10_1, rail_10_2, rail_14_1, rail_14_2, rail_1_1, rail_1_2, rail_2_1, rail_2_2, rail_8_1, rail_8_2, rail_9_1, rail_9_2","HighSpeed Rail, Interurban Rail, Suburban Rail",8,0.449852
36632,10,5,0.024653,0.011753,0.000777,0.20437,201601.2384,745129.1874,"m0310a, m0320a, m0510a, m0520a, m0820a",BRT,4,0.44897
400070,3,22,0.026083,0.020285,0.000944,0.000106,181709.5354,667875.7369,"rail_10_1, rail_10_2, rail_11_1, rail_11_2, rail_12_1, rail_12_2, rail_14_1, rail_14_2, rail_16_1, rail_16_2, rail_17_1, rail_17_2, rail_1_1, rail_1_2, rail_20_1, rail_20_2, rail_3_1, rail_3_2, rail_4_1, rail_4_2, rail_5_1, rail_5_2","Interurban Rail, Suburban Rail",7,0.43732
36633,10,2,0.024717,0.011778,0.000385,0.303635,201354.926,745276.0812,"m0820a, m0910a",BRT,4,0.432424
400020,5,14,0.125225,0.017566,0.000889,0.000223,187872.1893,691818.2247,"rail_11_1, rail_11_2, rail_12_1, rail_12_2, rail_14_1, rail_14_2, rail_1_1, rail_1_2, rail_3_1, rail_3_2, rail_4_1, rail_4_2, rail_5_1, rail_5_2","Interurban Rail, Suburban Rail",7,0.431824
36309,9,5,0.000603,0.011768,0.000691,0.244634,201437.1206,745572.6645,"m0120a, m0220a, m0610a, m0720a, m0910a",BRT,4,0.431713
36368,8,11,0.004373,0.011698,0.0015,0.000384,198885.1712,748200.4189,"m0110a, m0120a, m0210a, m0220a, m0610a, m0620a, m0710a, m0720a, m0810a, m0910a, m0920a",BRT,4,0.429183
400241,4,10,0.107499,0.019134,0.001076,0.0,193961.8284,669754.7589,"rail_10_1, rail_10_2, rail_13_1, rail_13_2, rail_15_1, rail_15_2, rail_17_1, rail_17_2, rail_20_1, rail_20_2",Suburban Rail,6,0.42118
36001,10,2,0.001079,0.01178,0.000371,0.30102,201356.4783,745488.7394,"m0120a, m0920a",BRT,4,0.418879
400350,10,6,0.065065,0.018292,0.000671,2.3e-05,181685.1649,646199.4143,"rail_12_1, rail_12_2, rail_19_1, rail_19_2, rail_5_1, rail_5_2","Interurban Rail, Suburban Rail",7,0.418726
400380,6,10,0.124274,0.01506,0.001035,2e-06,168473.9889,631385.5322,"rail_11_1, rail_11_2, rail_12_1, rail_12_2, rail_19_1, rail_19_2, rail_20_1, rail_20_2, rail_5_1, rail_5_2","Interurban Rail, Suburban Rail",7,0.417165
36310,10,2,0.001957,0.011778,0.000331,0.304193,201357.0671,745521.2876,"m0120a, m0620a",BRT,4,0.415889
463640,7,14,0.066543,0.008664,0.001379,3e-06,181753.3048,574524.7781,"rail_17_1, rail_17_2, rail_20_1, rail_20_2, rail_21_1, rail_21_2, rail_2_1, rail_2_2, rail_3_1, rail_3_2, rail_4_1, rail_4_2, rail_9_1, rail_9_2","HighSpeed Rail, Interurban Rail, Suburban Rail",8,0.413744
31609,8,14,0.090317,0.011571,0.000897,0.005164,203788.682,744363.3425,"rail_1_1, rail_1_2, rail_2_1, rail_2_2, rail_3_1, rail_3_2, rail_4_1, rail_4_2, rail_5_1, rail_5_2, rail_8_1, rail_8_2, rail_9_1, rail_9_2","HighSpeed Rail, Interurban Rail",8,0.411503
513023,4,8,0.052875,0.01987,0.001216,0.0,184599.518,662690.276,"LRT-L1, LRT-L2, Mgt1-E, Mgt1-W, Mgt2-E, Mgt2-W, Mgt3-E, Mgt3-W",LRT,5,0.409351
50202,7,10,0.165674,0.012683,0.000858,5e-06,219206.9734,632787.7882,"rail_13_1, rail_13_2, rail_14_1, rail_14_2, rail_18_1, rail_18_2, rail_21_1, rail_21_2, rail_8_1, rail_8_2","HighSpeed Rail, Interurban Rail, Suburban Rail",8,0.406818
521045,7,6,0.058323,0.018403,0.00098,1e-06,188417.8706,648406.7954,"East-N, East-S, M1-KS-LOD, M1-LOD-KS, Yelw-N, Yelw-S","BRT, LRT, Metro",6,0.405572
36301,6,10,0.0078,0.011703,0.0012,0.06772,202098.7898,744948.881,"m0110a, m0120a, m0210a, m0220a, m0310a, m0320a, m0620a, m0710a, m0720a, m0820a",BRT,4,0.388253
400424,7,4,0.118867,0.018946,0.000651,1e-06,177197.9244,655057.7914,"rail_11_1, rail_11_2, rail_20_1, rail_20_2",Suburban Rail,6,0.384168
36004,9,3,0.035879,0.011753,0.000638,0.150651,201507.0047,745054.2563,"m0810a, m0910a, m0920a",BRT,4,0.380043
31616,7,14,0.008298,0.011679,0.001054,0.006565,200860.9536,746247.5431,"rail_10_1, rail_10_2, rail_1_1, rail_1_2, rail_3_1, rail_3_2, rail_4_1, rail_4_2, rail_5_1, rail_5_2, rail_6_1, rail_6_2, rail_7_1, rail_7_2","Interurban Rail, Suburban Rail",7,0.379858
36406,9,1,0.017107,0.011796,0.000264,0.278267,201184.7453,745438.0214,m0810a,BRT,4,0.378254
36306,8,5,0.000392,0.011743,0.000699,0.169643,201679.0011,745184.3903,"m0110a, m0120a, m0210a, m0620a, m0710a",BRT,4,0.377231
987294,6,10,0.092249,0.014813,0.000833,0.000841,192360.2506,715612.5599,"rail_10_1, rail_10_2, rail_11_1, rail_11_2, rail_12_1, rail_12_2, rail_1_1, rail_1_2, rail_5_1, rail_5_2","Interurban Rail, Suburban Rail",7,0.375703
400820,7,10,0.071832,0.01219,0.000964,1e-06,179005.2125,612445.767,"rail_15_1, rail_15_2, rail_17_1, rail_17_2, rail_21_1, rail_21_2, rail_3_1, rail_3_2, rail_4_1, rail_4_2","Interurban Rail, Suburban Rail",7,0.373779
1016,5,10,0.136126,0.011334,0.001041,0.001641,205605.0931,745589.7711,"R321-1, R321-2, R322-1, R322-2, R323-1, R323-2, R329-1, R329-2, R331-1, R331-2",BRT,4,0.371052
36319,7,6,0.001612,0.011732,0.000786,0.15131,201175.2465,745846.574,"m0110a, m0120a, m0210a, m0620a, m0710a, m0920a",BRT,4,0.368712
31605,7,14,0.023579,0.011751,0.000907,0.00194,198618.332,748435.4749,"rail_10_1, rail_10_2, rail_1_1, rail_1_2, rail_3_1, rail_3_2, rail_4_1, rail_4_2, rail_5_1, rail_5_2, rail_6_1, rail_6_2, rail_7_1, rail_7_2","Interurban Rail, Suburban Rail",7,0.366587
512026,5,6,0.091266,0.019817,0.000701,0.0,179203.599,660547.149,"Grn1-N, Grn1-S, Grn2-N, Grn2-S, Grn3-N, Grn3-S",LRT,5,0.365619
1017,6,10,0.136792,0.011561,0.000791,0.013047,203879.7375,744188.8601,"R321-1, R321-2, R322-1, R322-2, R323-1, R323-2, R329-1, R329-2, R331-1, R331-2",BRT,4,0.364725
521078,5,6,0.015856,0.01843,0.001054,1e-06,190425.4502,651667.7587,"East-N, East-S, M1-KS-LOD, M1-LOD-KS, Yelw-N, Yelw-S","BRT, LRT, Metro",6,0.362927
400013,4,10,0.055995,0.017832,0.00089,3e-06,189377.1582,646559.8585,"rail_15_1, rail_15_2, rail_16_1, rail_16_2, rail_17_1, rail_17_2, rail_3_1, rail_3_2, rail_4_1, rail_4_2","Interurban Rail, Suburban Rail",7,0.362411
512111,7,3,0.01852,0.018303,0.000917,1.8e-05,181513.8812,646368.4966,"Light-Blue_S, Turquoise_N, Turquoise_S",LRT,5,0.360595
523010,5,4,0.047124,0.019364,0.000916,0.0,186344.1801,660087.3668,"East-N, East-S, Me03-L, Me03-R","LRT, Metro",6,0.356301
511168,6,4,0.02532,0.018513,0.000866,0.0,189746.2445,677427.4451,"LRT-L1, LRT-L2, LRT151, LRT152",LRT,5,0.348738
523015,5,4,0.044418,0.019608,0.000839,0.0,187226.0145,667999.3035,"East-N, East-S, Me03-L, Me03-R","LRT, Metro",6,0.347831
36402,10,1,0.004066,0.011752,0.000235,0.205122,201601.059,745120.134,m0610a,BRT,4,0.347548
512028,3,6,0.083284,0.019595,0.000863,0.0,179037.522,658933.547,"Grn1-N, Grn1-S, Grn2-N, Grn2-S, Grn3-N, Grn3-S",LRT,5,0.34699
521021,4,4,0.113999,0.020198,0.00063,2e-06,179908.1597,662275.0633,"M1-KS-LOD, M1-LOD-KS, M1-RA-RE, M1-RE-RA",Metro,6,0.341515
511100,6,4,0.061694,0.017023,0.000788,1e-06,175886.0834,641276.3719,"L2-N, L2-S, LRT-L1, LRT-L2",LRT,5,0.340617
521060,4,4,0.115602,0.019844,0.000635,0.0,178977.8154,660615.6023,"M1-KS-LOD, M1-LOD-KS, M1-RA-RE, M1-RE-RA",Metro,6,0.339404
511110,5,5,0.05015,0.01689,0.000909,1e-06,175583.599,640617.0944,"L1-N, L1-S, L2-N, L2-S, LRT-L2",LRT,5,0.338791
511012,5,6,0.027416,0.020339,0.000671,1.8e-05,181114.701,665511.168,"Red-N, Red-S, Red2-N, Red2-S, Shut-N, Shut-S",LRT,5,0.338659
511008,3,6,0.020791,0.019614,0.000984,0.0,184970.063,666692.183,"Red-N, Red-S, Red2-N, Red2-S, Shut-N, Shut-S",LRT,5,0.334526
523002,4,2,0.120012,0.019428,0.000704,0.0,177804.8828,658040.5093,"Me03-L, Me03-R",Metro,6,0.333595
513024,3,6,0.019691,0.019735,0.000961,0.0,185197.1174,662116.2539,"Mgt1-E, Mgt1-W, Mgt2-E, Mgt2-W, Mgt3-E, Mgt3-W",LRT,5,0.332455
511253,5,4,0.043535,0.019724,0.000707,2.1e-05,183073.6073,674713.8697,"LRT121, LRT122, LRT131, LRT132",LRT,5,0.332041
511165,5,4,0.040657,0.018736,0.000779,0.0,189371.152,675486.8677,"LRT-L1, LRT-L2, LRT142, LRT152",LRT,5,0.330105
511176,4,4,0.037557,0.017756,0.000969,0.0,189988.3338,684678.5628,"LRT-L1, LRT-L2, LRT151, LRT152",LRT,5,0.326419
36635,4,6,0.017582,0.011744,0.001123,0.067978,200815.1718,745572.6942,"m0310a, m0320a, m0510a, m0520a, m0810a, m0820a",BRT,4,0.325432
400251,4,6,0.100312,0.019013,0.000543,5e-06,191354.4784,655582.2622,"rail_10_1, rail_10_2, rail_13_1, rail_13_2, rail_15_1, rail_15_2",Suburban Rail,6,0.32536
400250,2,8,0.1011,0.018961,0.000708,0.0,193956.3301,667975.077,"rail_10_1, rail_10_2, rail_13_1, rail_13_2, rail_15_1, rail_15_2, rail_17_1, rail_17_2",Suburban Rail,6,0.32485
51142,5,8,0.018766,0.012061,0.001129,0.0,218940.3621,628862.974,"LRT31, LRT32, LRT41, LRT42, LRT71, LRT72, LRT81, LRT82",LRT,5,0.32393
521056,3,4,0.116293,0.019459,0.00067,0.0,177928.5244,657875.2793,"M1-KS-LOD, M1-LOD-KS, M1-RA-RE, M1-RE-RA",Metro,6,0.323735
516006,4,4,0.00523,0.0187,0.000989,0.0,176553.0248,655370.8368,"ART1-1, ART1-2, ART2-1, ART2-2",LRT,5,0.323718
51103,7,5,0.043962,0.012605,0.000867,1e-06,219097.941,632458.8069,"LRT31, LRT32, LRT41, LRT42, LRT9",LRT,5,0.322426
36000,7,8,0.006757,0.011546,0.000886,0.011099,203587.341,744143.342,"m0110a, m0120a, m0210a, m0220a, m0310a, m0320a, m0720a, m0820a",BRT,4,0.322185
36364,3,11,0.003661,0.011665,0.001308,5.2e-05,198921.188,747788.743,"m0110a, m0120a, m0210a, m0220a, m0610a, m0620a, m0710a, m0720a, m0810a, m0910a, m0920a",BRT,4,0.320996
400410,4,8,0.037718,0.018405,0.000669,3e-06,188453.6855,648427.4224,"rail_16_1, rail_16_2, rail_17_1, rail_17_2, rail_3_1, rail_3_2, rail_4_1, rail_4_2","Interurban Rail, Suburban Rail",7,0.319899
512068,3,6,0.017613,0.019863,0.000858,0.0,179973.5393,668900.7325,"Grn1-N, Grn1-S, Grn2-N, Grn2-S, Grn3-N, Grn3-S",LRT,5,0.319775
511194,4,4,0.055455,0.017625,0.000862,0.0,188168.2085,688226.0389,"LRT131, LRT132, LRT151, LRT152",LRT,5,0.319613
1020,5,10,0.010511,0.011729,0.000785,0.064461,200928.1864,745941.4355,"R321-1, R321-2, R325-1, R325-2, R327-1, R327-2, R328-1, R328-2, R330-1, R330-2",BRT,4,0.319326
511246,3,4,0.128841,0.018411,0.000672,2e-06,187124.8535,685544.2794,"LRT121, LRT122, LRT131, LRT132",LRT,5,0.319266
511009,3,6,0.0212,0.01999,0.000826,0.0,183523.0489,666448.6737,"Red-N, Red-S, Red2-N, Red2-S, Shut-N, Shut-S",LRT,5,0.318642
511051,4,4,0.035751,0.017055,0.000967,0.0,176186.2229,641890.5415,"L2-N, L2-S, LRT-L1, LRT-L2",LRT,5,0.31851
521024,5,4,0.02011,0.020354,0.000629,1.9e-05,180938.8476,665688.0887,"M1-KS-LOD, M1-LOD-KS, M1-RA-RE, M1-RE-RA",Metro,6,0.317951
512027,2,6,0.08314,0.019628,0.000758,0.0,178831.666,659366.011,"Grn1-N, Grn1-S, Grn2-N, Grn2-S, Grn3-N, Grn3-S",LRT,5,0.317366
400252,3,6,0.108688,0.018941,0.000583,1e-06,193818.5898,663312.7944,"rail_10_1, rail_10_2, rail_13_1, rail_13_2, rail_15_1, rail_15_2",Suburban Rail,6,0.316695
521043,3,6,0.015466,0.018347,0.000955,0.0,189874.8229,650356.5694,"East-N, East-S, M1-KS-LOD, M1-LOD-KS, Yelw-N, Yelw-S","BRT, LRT, Metro",6,0.316236
521044,5,5,0.002735,0.018314,0.000785,1e-06,189324.6027,649491.7435,"East-N, East-S, M1-KS-LOD, M1-LOD-KS, Yelw-N","BRT, LRT, Metro",6,0.316132
515070,4,4,0.006266,0.018383,0.000944,0.0,190691.6795,652342.3207,"BRT1-1, BRT1-2, BRT2-1, BRT2-2",BRT,4,0.315481
516008,5,4,0.012913,0.018934,0.000741,1e-06,177163.5897,655059.9453,"ART1-1, ART1-2, ART2-1, ART2-2",LRT,5,0.314994
511252,3,4,0.08641,0.019639,0.000691,3e-06,183353.3675,675412.8741,"LRT121, LRT122, LRT131, LRT132",LRT,5,0.314822
511221,4,4,0.035558,0.017583,0.000894,0.0,187336.4932,688166.413,"LRT121, LRT122, LRT141, LRT142","BRT, LRT",5,0.314418
1018,5,12,0.007197,0.011705,0.000691,0.056459,202088.2279,744931.5589,"R321-1, R321-2, R323-1, R323-2, R324-1, R324-2, R327-1, R327-2, R328-1, R328-2, R330-1, R330-2",BRT,4,0.314046
521039,6,3,0.014546,0.01849,0.000674,0.0,189572.624467,677573.6018,"East-S, M1-RA-RE, M1-RE-RA","LRT, Metro",6,0.313487
511273,6,2,0.039931,0.018819,0.000603,0.0,180046.5489,652653.9868,"LRT-L1, LRT-L2",LRT,5,0.312851
525203,3,5,0.014785,0.018686,0.000952,0.0,190201.8403,672447.42662,"East-N, East-S, M1-KS-LOD, M1-LOD-KS, Yelw-S","BRT, LRT, Metro",6,0.312662
521012,3,4,0.06961,0.01919,0.000765,0.0,180633.5545,655248.1841,"M1-KS-LOD, M1-LOD-KS, M1-RA-RE, M1-RE-RA",Metro,6,0.312349
521009,6,2,0.04155,0.018802,0.000593,0.0,181421.2139,650901.7357,"M1-RA-RE, M1-RE-RA",Metro,6,0.31221
36095,5,4,0.023655,0.012059,0.001215,6e-05,196893.4485,743436.2916,"m0610a, m0620a, m0710a, m0720a",BRT,4,0.312209
521051,4,4,0.03136,0.019192,0.000765,0.0,181982.9704,654300.6641,"M1-KS-LOD, M1-LOD-KS, Yelw-N, Yelw-S","BRT, Metro",6,0.312001
523022,3,4,0.06216,0.019475,0.000762,0.0,187064.7687,666964.0445,"East-N, East-S, Me03-L, Me03-R","LRT, Metro",6,0.311395
525043,7,2,0.003136,0.018284,0.000629,2.1e-05,181777.0013,646257.0049,"BluRT1, BluRT2",BRT,4,0.311268
511016,4,6,0.011249,0.020007,0.000667,0.0,178897.706,663326.155,"Red-N, Red-S, Red2-N, Red2-S, Shut-N, Shut-S",LRT,5,0.311184
512032,3,4,0.073146,0.019406,0.000726,0.0,178833.756,656965.026,"Grn1-N, Grn1-S, Grn3-N, Grn3-S",LRT,5,0.311026
513014,4,6,0.01433,0.020176,0.000634,2e-06,179835.221,662548.522,"Mgt1-E, Mgt1-W, Mgt2-E, Mgt2-W, Mgt3-E, Mgt3-W",LRT,5,0.310006
400423,3,4,0.111294,0.019389,0.000575,0.0,177656.139,658022.1443,"rail_11_1, rail_11_2, rail_20_1, rail_20_2",Suburban Rail,6,0.308898
523026,5,2,0.034054,0.019547,0.000656,0.0,181784.6362,674507.8526,"Me03-L, Me03-R",Metro,6,0.30736
400425,4,4,0.110883,0.017277,0.000593,1e-06,174699.7847,644355.9187,"rail_11_1, rail_11_2, rail_20_1, rail_20_2",Suburban Rail,6,0.307097
521055,3,4,0.069846,0.019396,0.000704,0.0,178869.1384,656916.6836,"M1-KS-LOD, M1-LOD-KS, M1-RA-RE, M1-RE-RA",Metro,6,0.306802
521061,2,4,0.113129,0.020041,0.000632,0.0,179658.9033,661503.4147,"M1-KS-LOD, M1-LOD-KS, M1-RA-RE, M1-RE-RA",Metro,6,0.306501
511222,3,4,0.087807,0.017716,0.000767,0.0,187784.4449,688133.1472,"LRT121, LRT122, LRT131, LRT132",LRT,5,0.3062
400360,4,6,0.064385,0.017001,0.000672,5e-06,175803.5746,640970.4722,"rail_12_1, rail_12_2, rail_19_1, rail_19_2, rail_5_1, rail_5_2","Interurban Rail, Suburban Rail",7,0.306018
511262,3,4,0.04485,0.019559,0.000773,1e-06,182227.0367,674890.346,"LRT121, LRT122, LRT131, LRT132",LRT,5,0.30592
512275,4,4,0.079068,0.013058,0.001022,0.0,162475.542,621269.7581,"Orange_N, Orange_S, RedN, RedS",LRT,5,0.305662
36006,6,3,0.028703,0.011715,0.000885,0.049056,201723.7604,744847.2,"m0810a, m0910a, m0920a",BRT,4,0.305312
515086,4,4,0.009185,0.018328,0.000854,1e-06,188136.121,648376.8072,"BRT1-1, BRT1-2, BRT2-1, BRT2-2",BRT,4,0.304906
521058,2,4,0.112223,0.01968,0.000641,0.0,178322.0544,659981.3459,"M1-KS-LOD, M1-LOD-KS, M1-RA-RE, M1-RE-RA",Metro,6,0.303715
525573,3,4,0.044729,0.01941,0.000767,0.0,187133.9419,667131.9834,"RG-RH1, RG-RH2, RH-RG1, RH-RG2",BRT,4,0.303618
36193,7,5,0.003344,0.011686,0.000932,5.3e-05,197519.1282,748468.4834,"m0110a, m0120a, m0620a, m0710a, m0720a",BRT,4,0.303611
521057,2,4,0.111778,0.019554,0.000651,0.0,177995.6579,659109.9107,"M1-KS-LOD, M1-LOD-KS, M1-RA-RE, M1-RE-RA",Metro,6,0.303607
150620,5,2,0.005197,0.018826,0.000783,0.0,180311.7489,652543.0021,"BRT1-1, BRT1-2",BRT,4,0.303434
525060,5,2,0.022498,0.018526,0.000739,0.0,190065.5311,675928.5192,"LRT141, LRT142","BRT, LRT",5,0.302718
511173,3,4,0.03835,0.018285,0.000868,0.0,189226.937,679681.3185,"LRT-L1, LRT-L2, LRT151, LRT152",LRT,5,0.302539
512030,3,4,0.074635,0.019517,0.000641,0.0,178960.892,657889.754,"Grn1-N, Grn1-S, Grn3-N, Grn3-S",LRT,5,0.302127
36110,5,8,0.005217,0.011319,0.001055,0.000314,205645.2956,745712.4591,"m0110a, m0120a, m0210a, m0220a, m0310a, m0320a, m0410a, m0820a",BRT,4,0.301644
512134,5,4,0.095814,0.01505,0.000638,1e-06,168462.8422,631444.6611,"Orange_N, Orange_S, RedN, RedS",LRT,5,0.301038
50011,5,10,0.039378,0.012463,0.000739,1e-06,220646.7429,632240.9727,"rail_13_1, rail_13_2, rail_14_1, rail_14_2, rail_18_1, rail_18_2, rail_21_1, rail_21_2, rail_8_1, rail_8_2","HighSpeed Rail, Interurban Rail, Suburban Rail",8,0.300446
511172,3,4,0.038755,0.018377,0.000842,0.0,189281.3868,678834.9526,"LRT-L1, LRT-L2, LRT151, LRT152",LRT,5,0.300304
1030,5,4,0.223436,0.012208,0.000252,0.036387,196353.6089,744376.4439,"R322-1, R322-2, R324-1, R324-2",BRT,4,0.300112
511015,3,6,0.015691,0.020122,0.000687,0.0,179798.646,663787.322,"Red-N, Red-S, Red2-N, Red2-S, Shut-N, Shut-S",LRT,5,0.300093
988338,3,6,0.087077,0.015344,0.000802,1.2e-05,200139.3994,699351.001,"rail_10_1, rail_10_2, rail_13_1, rail_13_2, rail_15_1, rail_15_2",Suburban Rail,6,0.299504
400012,4,6,0.05951,0.016963,0.000638,2e-06,191951.2328,645680.8292,"rail_19_1, rail_19_2, rail_20_1, rail_20_2, rail_21_1, rail_21_2","Interurban Rail, Suburban Rail",7,0.299172
51136,4,8,0.024027,0.012061,0.001046,0.0,218940.3621,628862.974,"LRT31, LRT32, LRT41, LRT42, LRT71, LRT72, LRT81, LRT82",LRT,5,0.299169
521023,4,4,0.016627,0.02023,0.000629,5e-06,180792.9973,664532.1311,"M1-KS-LOD, M1-LOD-KS, M1-RA-RE, M1-RE-RA",Metro,6,0.298521
525318,5,2,0.01394,0.01972,0.000641,2e-05,183123.6335,674514.3374,"Hz-KS1, Hz-KS2",BRT,4,0.298194
34006,4,6,0.099088,0.011169,0.000939,9.1e-05,207160.5454,745947.4669,"lrt01, lrt02, lrt03, lrt04, lrt07, lrt08",LRT,5,0.298048
525091,4,2,0.008071,0.019546,0.000805,0.0,181854.9543,658813.8844,"BluRT1, BluRT2",BRT,4,0.297883
523014,3,4,0.039582,0.019478,0.000732,0.0,187490.95,666222.221,"East-N, East-S, Me03-L, Me03-R","LRT, Metro",6,0.29765
34014,5,6,0.094884,0.010611,0.000861,3e-06,212666.6291,747605.9202,"lrt01, lrt02, lrt03, lrt04, lrt05, lrt06",LRT,5,0.297578
400421,4,4,0.081534,0.019852,0.000417,1e-06,179034.6727,660513.5435,"rail_11_1, rail_11_2, rail_20_1, rail_20_2",Suburban Rail,6,0.29707
521006,5,2,0.025907,0.018236,0.000703,1.2e-05,181761.1167,646029.0156,"M1-RA-RE, M1-RE-RA",Metro,6,0.29681
36103,5,8,0.007313,0.011552,0.000976,0.003457,203926.758,744242.158,"m0110a, m0120a, m0210a, m0220a, m0310a, m0320a, m0410a, m0820a",BRT,4,0.296537
516022,5,4,0.006307,0.018731,0.000629,0.0,179775.0125,652712.8275,"ART1-1, ART1-2, ART2-1, ART2-2",LRT,5,0.296038
36324,7,6,0.007767,0.011682,0.000687,0.028491,200806.2578,746340.085,"m0110a, m0120a, m0210a, m0620a, m0710a, m0920a",BRT,4,0.295538
512006,3,4,0.02702,0.020231,0.000699,1.3e-05,181900.5206,667878.6035,"Grn1-N, Grn1-S, Grn3-N, Grn3-S",LRT,5,0.295305
512016,3,6,0.017337,0.020019,0.00065,0.0,179634.338,665920.3709,"Grn1-N, Grn1-S, Grn2-N, Grn2-S, Grn3-N, Grn3-S",LRT,5,0.29513
513004,3,4,0.011239,0.020017,0.000769,0.0,179645.1614,665882.3048,"Mgt1-E, Mgt1-W, Mgt2-E, Mgt2-W",LRT,5,0.294998
230777,4,4,0.041942,0.018549,0.000636,0.0,189700.5987,667054.8364,"RG-RH1, RG-RH2, RH-RG1, RH-RG2",BRT,4,0.294311
51018,6,5,0.009851,0.012446,0.000903,0.0,220766.0895,632246.2303,"LRT11, LRT12, LRT31, LRT32, LRT9",LRT,5,0.29356
511251,2,4,0.086,0.019521,0.000665,0.0,183737.7837,676282.6117,"LRT121, LRT122, LRT131, LRT132",LRT,5,0.293521
36341,5,10,0.000845,0.011574,0.000879,0.002339,200424.957,747115.495,"m0110a, m0120a, m0210a, m0220a, m0610a, m0620a, m0710a, m0720a, m0910a, m0920a",BRT,4,0.293507
513011,3,6,0.004596,0.019972,0.000685,0.0,178844.544,663414.046,"Mgt1-E, Mgt1-W, Mgt2-E, Mgt2-W, Mgt3-E, Mgt3-W",LRT,5,0.29339
400426,2,4,0.109225,0.019081,0.000615,0.0,177397.4084,656498.2245,"rail_11_1, rail_11_2, rail_20_1, rail_20_2",Suburban Rail,6,0.293331
513020,3,6,0.007993,0.019929,0.000676,0.0,182853.913,662971.511,"Mgt1-E, Mgt1-W, Mgt2-E, Mgt2-W, Mgt3-E, Mgt3-W",LRT,5,0.293329
512022,3,6,0.015855,0.020115,0.000633,0.0,179188.538,662907.714,"Grn1-N, Grn1-S, Grn2-N, Grn2-S, Grn3-N, Grn3-S",LRT,5,0.293291
525587,4,4,0.012516,0.016378,0.000901,0.0,196462.7324,668172.9763,"RG-RH1, RG-RH2, RH-RG1, RH-RG2",BRT,4,0.293273
511166,3,4,0.025824,0.018623,0.000811,0.0,189630.8478,675953.8298,"LRT-L1, LRT-L2, LRT151, LRT152",LRT,5,0.293177
512117,4,3,0.012192,0.017709,0.000846,0.0,180269.9905,644515.0102,"Light-Blue_S, Turquoise_N, Turquoise_S",LRT,5,0.293131
513012,3,6,0.011616,0.020107,0.000645,0.0,179220.368,662865.157,"Mgt1-E, Mgt1-W, Mgt2-E, Mgt2-W, Mgt3-E, Mgt3-W",LRT,5,0.292893
1023,5,10,0.007056,0.011636,0.000856,0.000244,199663.8521,747644.5831,"R321-1, R321-2, R325-1, R325-2, R327-1, R327-2, R328-1, R328-2, R330-1, R330-2",BRT,4,0.292888
512020,3,6,0.013551,0.020121,0.000633,0.0,179784.3637,663723.5648,"Grn1-N, Grn1-S, Grn2-N, Grn2-S, Grn3-N, Grn3-S",LRT,5,0.292324
400254,2,6,0.089168,0.018174,0.000649,0.0,195819.701,675833.1316,"rail_10_1, rail_10_2, rail_13_1, rail_13_2, rail_15_1, rail_15_2",Suburban Rail,6,0.29226
524002,5,2,0.048897,0.019174,0.000511,3e-06,187756.5446,656530.0024,"East-N, East-S",LRT,5,0.292059
512055,3,6,0.010653,0.019759,0.000668,0.0,178924.2862,660924.6246,"Grn1-N, Grn1-S, Grn2-N, Grn2-S, Grn3-N, Grn3-S",LRT,5,0.291835
513002,3,6,0.006683,0.02,0.000659,0.0,178880.9137,663040.5548,"Mgt1-E, Mgt1-W, Mgt2-E, Mgt2-W, Mgt3-E, Mgt3-W",LRT,5,0.291387
511250,2,4,0.085591,0.019459,0.00065,0.0,183945.0316,676740.5434,"LRT121, LRT122, LRT131, LRT132",LRT,5,0.290964
516007,3,4,0.0117,0.018823,0.000825,0.0,176871.1969,655199.6526,"ART1-1, ART1-2, ART2-1, ART2-2",LRT,5,0.290524
525578,4,4,0.035773,0.018443,0.000632,0.0,189931.1036,666830.8553,"RG-RH1, RG-RH2, RH-RG1, RH-RG2",BRT,4,0.290075
31611,4,10,0.01551,0.010979,0.000985,0.000637,206870.3783,748712.1066,"rail_1_1, rail_1_2, rail_2_1, rail_2_2, rail_3_1, rail_3_2, rail_4_1, rail_4_2, rail_5_1, rail_5_2","HighSpeed Rail, Interurban Rail",8,0.289905
1021,5,10,0.012341,0.01169,0.00076,0.012234,200748.2762,746290.8966,"R321-1, R321-2, R325-1, R325-2, R327-1, R327-2, R328-1, R328-2, R330-1, R330-2",BRT,4,0.289793
521071,3,4,0.012658,0.018488,0.000841,0.0,190212.1762,673771.3212,"East-N, East-S, M1-KS-LOD, M1-LOD-KS","LRT, Metro",6,0.289757
512011,2,6,0.015969,0.019873,0.000755,0.0,179789.8384,668308.5598,"Grn1-N, Grn1-S, Grn2-N, Grn2-S, Grn3-N, Grn3-S",LRT,5,0.289562
51150,4,6,0.008923,0.011829,0.001137,0.0,220609.9952,628087.1968,"LRT31, LRT32, LRT61, LRT62, LRT81, LRT82",LRT,5,0.28929
523025,3,4,0.024781,0.019337,0.000724,0.0,187241.2756,663059.8097,"East-N, East-S, Me03-L, Me03-R","LRT, Metro",6,0.288672
515045,4,4,0.000614,0.018332,0.000753,1e-06,188649.161,648273.2337,"BRT1-1, BRT1-2, BRT2-1, BRT2-2",BRT,4,0.28857
511249,2,4,0.085185,0.019282,0.000646,0.0,184291.034,678154.5697,"LRT121, LRT122, LRT131, LRT132",LRT,5,0.288477
513022,2,6,0.005399,0.019838,0.000784,0.0,183950.547,662986.159,"Mgt1-E, Mgt1-W, Mgt2-E, Mgt2-W, Mgt3-E, Mgt3-W",LRT,5,0.288251
36190,6,3,0.000978,0.01175,0.000477,0.138679,201658.6886,745336.275,"m0120a, m0220a, m0720a",BRT,4,0.288227
516026,4,4,0.019161,0.018998,0.000632,0.0,181565.717,652436.0143,"ART1-1, ART1-2, ART2-1, ART2-2",LRT,5,0.288001
516025,4,4,0.018877,0.019006,0.00063,0.0,181277.1195,652405.8345,"ART1-1, ART1-2, ART2-1, ART2-2",LRT,5,0.287797
512031,2,4,0.07196,0.019437,0.000674,0.0,178875.779,657406.142,"Grn1-N, Grn1-S, Grn3-N, Grn3-S",LRT,5,0.287698
525088,5,3,0.012703,0.018433,0.000612,1e-06,190583.1498,652231.9665,"East-S, M1-KS-LOD, M1-LOD-KS","LRT, Metro",6,0.287678
521049,4,4,0.021598,0.018559,0.000652,0.0,185146.0403,653071.6668,"M1-KS-LOD, M1-LOD-KS, Yelw-N, Yelw-S","BRT, Metro",6,0.28735
511010,2,6,0.012618,0.01996,0.00074,0.0,182285.706,665861.174,"Red-N, Red-S, Red2-N, Red2-S, Shut-N, Shut-S",LRT,5,0.287126
525097,4,2,0.004456,0.019739,0.000717,0.0,179380.5179,660677.1954,"BluRT1, BluRT2",BRT,4,0.287116
516009,4,4,0.003062,0.018898,0.000688,0.0,177369.7714,654999.5628,"ART1-1, ART1-2, ART2-1, ART2-2",LRT,5,0.286925
521032,3,4,0.009753,0.019127,0.000771,0.0,185149.5562,673021.477,"M1-KS-LOD, M1-LOD-KS, M1-RA-RE, M1-RE-RA",Metro,6,0.285918
511248,2,4,0.084783,0.019018,0.000646,0.0,185141.0951,680239.4503,"LRT121, LRT122, LRT131, LRT132",LRT,5,0.285775
34005,4,6,0.102428,0.011333,0.000814,0.000595,205619.324,745589.6,"lrt01, lrt02, lrt03, lrt04, lrt07, lrt08",LRT,5,0.285723
512007,3,4,0.004416,0.020007,0.000719,2e-06,181450.4606,668352.4672,"Grn1-N, Grn1-S, Grn3-N, Grn3-S",LRT,5,0.285659
521067,3,4,0.006197,0.019093,0.000784,0.0,186324.3613,672814.9079,"M1-KS-LOD, M1-LOD-KS, Yelw-N, Yelw-S","BRT, Metro",6,0.285657
400181,4,4,0.060244,0.018102,0.000532,5e-06,186857.32,647197.0753,"rail_19_1, rail_19_2, rail_20_1, rail_20_2",Suburban Rail,6,0.284975
400253,2,6,0.088626,0.017297,0.00066,0.0,198005.6755,681917.1669,"rail_10_1, rail_10_2, rail_13_1, rail_13_2, rail_15_1, rail_15_2",Suburban Rail,6,0.284802
511011,2,6,0.013521,0.020217,0.000693,2e-06,181469.726,665603.5416,"Red-N, Red-S, Red2-N, Red2-S, Shut-N, Shut-S",LRT,5,0.284163
512037,4,2,0.00448,0.018827,0.000764,0.0,177875.687,654906.295,"Grn1-N, Grn1-S",LRT,5,0.284108
525321,4,2,0.003132,0.019565,0.000707,0.0,181943.3541,674529.2103,"Hz-KS1, Hz-KS2",BRT,4,0.28351
511245,2,4,0.087269,0.017897,0.000706,0.0,187605.7211,687429.0177,"LRT121, LRT122, LRT131, LRT132",LRT,5,0.283499
525201,4,2,0.041893,0.018771,0.000628,0.0,181432.4474,650612.9576,"BluRT1, BluRT2",BRT,4,0.28305
512013,2,6,0.016084,0.019906,0.000699,0.0,179680.02,667490.7786,"Grn1-N, Grn1-S, Grn2-N, Grn2-S, Grn3-N, Grn3-S",LRT,5,0.282957
521010,4,2,0.056413,0.019018,0.000555,0.0,181202.6505,652494.4299,"M1-RA-RE, M1-RE-RA",Metro,6,0.282828
51022,5,5,0.066806,0.012669,0.000731,2e-06,219277.3891,632862.3853,"LRT11, LRT12, LRT21, LRT22, LRT9",LRT,5,0.282712
522006,4,2,0.008522,0.020184,0.000632,3e-06,180843.9582,664399.2502,"Me02-E, Me02-W",Metro,6,0.282525
521004,4,2,0.02434,0.017756,0.000764,3e-06,182316.6609,644585.2208,"M1-RA-RE, M1-RE-RA",Metro,6,0.2825
521047,4,4,0.024019,0.018131,0.000637,0.0,185201.7616,650581.91,"M1-KS-LOD, M1-LOD-KS, Yelw-N, Yelw-S","BRT, Metro",6,0.282417
511036,4,4,0.004119,0.018722,0.00066,0.0,176632.4499,655373.968,"Red-N, Red-S, Red2-N, Red2-S",LRT,5,0.282243
516023,4,4,0.010233,0.018828,0.000629,0.0,180318.8812,652527.7142,"ART1-1, ART1-2, ART2-1, ART2-2",LRT,5,0.282045
511095,4,2,0.036558,0.017112,0.000765,0.0,174897.9672,643266.2702,"L2-N, L2-S",LRT,5,0.281763
512077,4,4,0.027228,0.012419,0.001063,0.0,159676.7102,619002.5689,"Orange_N, Orange_S, RedN, RedS",LRT,5,0.281544
512029,2,4,0.073952,0.019535,0.00061,0.0,179022.217,658377.593,"Grn1-N, Grn1-S, Grn3-N, Grn3-S",LRT,5,0.281542
511255,3,4,0.002177,0.019569,0.000729,5e-06,182475.7774,674797.8934,"LRT121, LRT122, LRT131, LRT132",LRT,5,0.281535
511247,2,4,0.08441,0.018476,0.000655,0.0,186945.0934,684866.7012,"LRT121, LRT122, LRT131, LRT132",LRT,5,0.281439
400248,2,6,0.088083,0.016659,0.000684,0.0,199720.8515,686733.5471,"rail_10_1, rail_10_2, rail_13_1, rail_13_2, rail_15_1, rail_15_2",Suburban Rail,6,0.281309
511013,2,6,0.015484,0.020184,0.000663,2e-06,180528.702,664934.157,"Red-N, Red-S, Red2-N, Red2-S, Shut-N, Shut-S",LRT,5,0.280876
511014,2,6,0.015271,0.020119,0.000668,0.0,180270.096,664258.956,"Red-N, Red-S, Red2-N, Red2-S, Shut-N, Shut-S",LRT,5,0.280782
523023,2,4,0.024603,0.019282,0.000797,0.0,185619.2081,661445.1576,"East-N, East-S, Me03-L, Me03-R","LRT, Metro",6,0.280643
463642,4,14,0.015856,0.008499,0.000908,1e-06,180712.9747,572414.8924,"rail_17_1, rail_17_2, rail_20_1, rail_20_2, rail_21_1, rail_21_2, rail_22_1, rail_22_2, rail_23_1, rail_23_2, rail_3_1, rail_3_2, rail_4_1, rail_4_2","Interurban Rail, Suburban Rail",7,0.280624
36643,5,4,0.025776,0.011703,0.000729,0.06177,202101.449,744945.8354,"m0510a, m0520a, m0610a, m0620a",BRT,4,0.280341
34085,8,4,0.002345,0.011742,0.000655,0.001274,198690.6659,748473.5219,"lrt03, lrt04, lrt07, lrt08",LRT,5,0.280129
513021,2,6,0.005602,0.019864,0.000716,0.0,183239.884,663054.641,"Mgt1-E, Mgt1-W, Mgt2-E, Mgt2-W, Mgt3-E, Mgt3-W",LRT,5,0.280025
515078,3,4,0.002717,0.01841,0.000801,0.0,190618.1317,652006.1632,"BRT1-1, BRT1-2, BRT2-1, BRT2-2",BRT,4,0.279551
512015,2,6,0.016295,0.019959,0.000667,0.0,179746.2489,666607.3432,"Grn1-N, Grn1-S, Grn2-N, Grn2-S, Grn3-N, Grn3-S",LRT,5,0.279502
525065,4,2,0.028298,0.018997,0.000629,0.0,181594.1449,652442.3204,"BluRT1, BluRT2",BRT,4,0.279413
513001,5,2,0.016434,0.020332,0.000434,1.8e-05,180941.712,665543.166,"Mgt1-E, Mgt2-E",LRT,5,0.279318
521063,3,4,0.012241,0.019838,0.000652,0.0,182078.0371,670995.1837,"M1-KS-LOD, M1-LOD-KS, M1-RA-RE, M1-RE-RA",Metro,6,0.279053
511034,3,4,0.006001,0.018648,0.000767,0.0,175854.3455,655791.7548,"Red-N, Red-S, Red2-N, Red2-S",LRT,5,0.279028
512008,3,4,0.003507,0.019921,0.000676,0.0,181488.526,668911.589,"Grn1-N, Grn1-S, Grn3-N, Grn3-S",LRT,5,0.278916
511258,3,4,0.009498,0.016481,0.000919,0.0,189203.7043,692300.0667,"LRT131, LRT132, LRT141, LRT142","BRT, LRT",5,0.278565
34000,6,5,0.053641,0.01155,0.000685,0.003152,203570.7475,744392.0378,"lrt02, lrt03, lrt04, lrt07, lrt08",LRT,5,0.278547
36045,6,4,0.000871,0.012142,0.000886,0.000319,196845.1485,744046.0785,"m0110a, m0620a, m0710a, m0720a",BRT,4,0.278516
522015,4,2,0.008619,0.018357,0.000741,0.0,190934.2245,665562.9191,"Me02-E, Me02-W",Metro,6,0.278478
512049,4,2,0.013681,0.019493,0.000635,0.0,180817.75,657538.817,"Grn2-N, Grn2-S",LRT,5,0.278429
521027,3,4,0.012842,0.020009,0.000632,0.0,181293.6437,668110.8256,"M1-KS-LOD, M1-LOD-KS, M1-RA-RE, M1-RE-RA",Metro,6,0.278417
515018,4,2,0.022057,0.018997,0.000643,0.0,181584.5034,652429.2941,"BRT1-1, BRT1-2",BRT,4,0.278337
525045,4,2,0.04068,0.018333,0.000628,1.1e-05,181562.9348,646631.6706,"BluRT1, BluRT2",BRT,4,0.278332
525559,3,4,0.010315,0.018372,0.000767,0.0,184078.6882,652581.4135,"ART1-1, ART1-2, ART2-1, ART2-2",LRT,5,0.278255
988342,2,6,0.087542,0.015834,0.000724,1e-06,200824.7701,693895.5506,"rail_10_1, rail_10_2, rail_13_1, rail_13_2, rail_15_1, rail_15_2",Suburban Rail,6,0.278117
511254,4,4,0.003037,0.019755,0.000549,2e-05,183017.2425,674573.2911,"LRT121, LRT122, LRT131, LRT132",LRT,5,0.277956
515037,4,4,0.000757,0.01828,0.00067,0.0,189292.1133,649395.4525,"BRT1-1, BRT1-2, BRT2-1, BRT2-2",BRT,4,0.277691
521028,3,4,0.011987,0.019918,0.000635,0.0,181418.5859,669064.5852,"M1-KS-LOD, M1-LOD-KS, M1-RA-RE, M1-RE-RA",Metro,6,0.277568
36099,5,5,0.013759,0.01199,0.000928,5e-05,196472.8133,745695.14,"m0110a, m0120a, m0620a, m0710a, m0720a",BRT,4,0.277379
513009,3,5,0.008394,0.019816,0.000602,0.0,178577.698,664245.162,"Mgt1-E, Mgt1-W, Mgt2-E, Mgt2-W, Mgt3-E",LRT,5,0.277016
521079,4,4,0.002839,0.018295,0.000655,0.0,190013.5272,652532.3715,"M1-KS-LOD, M1-LOD-KS, Yelw-N, Yelw-S","BRT, Metro",6,0.276797
515072,4,4,0.001607,0.018289,0.000659,0.0,189449.5681,649637.9638,"BRT1-1, BRT1-2, BRT2-1, BRT2-2",BRT,4,0.276732
1003,7,6,0.014782,0.010846,0.000692,0.000141,210373.3094,746818.709,"R1001-1, R1001-2, R1002-1, R1002-2, R331-1, R331-2",BRT,4,0.276643
31503,7,2,0.003764,0.01158,0.00087,0.000216,199905.594,746507.661,"s0110a, s0120a",Funicular,2,0.276521
523019,3,2,0.034642,0.019837,0.00065,0.0,182080.1281,670978.2674,"Me03-L, Me03-R",Metro,6,0.276349
513054,3,4,0.022286,0.019348,0.00063,0.0,186409.547,660317.641,"Mgt2-E, Mgt2-W, Mgt3-E, Mgt3-W",LRT,5,0.27599
525574,2,4,0.041094,0.019206,0.000707,0.0,187675.2299,667335.2899,"RG-RH1, RG-RH2, RH-RG1, RH-RG2",BRT,4,0.275847
511159,4,2,0.014088,0.018227,0.000708,0.0,191176.3308,677147.5987,"LRT141, LRT142","BRT, LRT",5,0.275457
512052,3,2,0.010759,0.019327,0.000763,0.0,181810.7,656308.15,"Grn2-N, Grn2-S",LRT,5,0.275013
523005,4,2,0.008764,0.019485,0.000625,0.0,180867.0398,657621.7551,"Me03-L, Me03-R",Metro,6,0.274945
523001,3,2,0.013454,0.019112,0.000765,0.0,176928.2022,658122.917,"Me03-L, Me03-R",Metro,6,0.274336
513013,2,6,0.009651,0.02009,0.000638,0.0,179512.864,662711.165,"Mgt1-E, Mgt1-W, Mgt2-E, Mgt2-W, Mgt3-E, Mgt3-W",LRT,5,0.274243
525059,4,2,0.02123,0.01879,0.000628,0.0,181461.1608,650779.8747,"BluRT1, BluRT2",BRT,4,0.274091
512023,2,6,0.011394,0.020013,0.000635,0.0,178969.3747,662429.9677,"Grn1-N, Grn1-S, Grn2-N, Grn2-S, Grn3-N, Grn3-S",LRT,5,0.27395
523024,2,4,0.024672,0.019303,0.000742,0.0,186463.4217,662301.1337,"East-N, East-S, Me03-L, Me03-R","LRT, Metro",6,0.273872
521035,5,3,0.014668,0.018317,0.0005,1e-06,189378.654667,649587.490133,"M1-KS-LOD, M1-LOD-KS, Yelw-S","BRT, Metro",6,0.273362
512024,2,6,0.01081,0.019912,0.00064,0.0,178802.323,661907.317,"Grn1-N, Grn1-S, Grn2-N, Grn2-S, Grn3-N, Grn3-S",LRT,5,0.273293
513010,2,6,0.003613,0.01986,0.000669,0.0,178742.722,663761.168,"Mgt1-E, Mgt1-W, Mgt2-E, Mgt2-W, Mgt3-E, Mgt3-W",LRT,5,0.273206
512025,2,6,0.010288,0.019789,0.00065,0.0,178634.1559,661227.7808,"Grn1-N, Grn1-S, Grn2-N, Grn2-S, Grn3-N, Grn3-S",LRT,5,0.273155
400441,2,8,0.053785,0.015854,0.000703,1e-06,186431.8946,638813.7428,"rail_15_1, rail_15_2, rail_17_1, rail_17_2, rail_3_1, rail_3_2, rail_4_1, rail_4_2","Interurban Rail, Suburban Rail",7,0.273051
525322,3,2,0.002509,0.019457,0.000767,0.0,181576.5133,674642.1474,"Hz-KS1, Hz-KS2",BRT,4,0.273021
515026,4,2,0.005981,0.019005,0.000654,0.0,181260.3448,652398.1122,"BRT1-1, BRT1-2",BRT,4,0.272753
513031,3,2,0.011611,0.019736,0.00071,2e-06,185577.134,663896.041,"Mgt1-E, Mgt1-W",LRT,5,0.272726
525515,3,2,0.027187,0.018265,0.00077,0.0,190378.5453,667136.1308,"BRT-1, BRT-2",BRT,4,0.272703
36236,3,4,0.017721,0.015641,0.000906,0.0,191882.3717,705024.9536,"brt051, brt052, brt061, brt062",BRT,4,0.272387
512005,3,3,0.025245,0.020053,0.000584,2e-06,182569.9357,668135.0639,"Grn1-N, Grn1-S, Grn3-S",LRT,5,0.272167
1006,5,12,0.000536,0.010595,0.000697,1e-06,208661.7429,751573.1809,"R1001-1, R1001-2, R1002-1, R1002-2, R1003-1, R1003-2, R321-1, R321-2, R322-1, R322-2, R323-1, R323-2",BRT,4,0.272078
1015,4,8,0.029684,0.01119,0.000876,0.000202,206863.4339,746196.5039,"R321-1, R321-2, R322-1, R322-2, R329-1, R329-2, R331-1, R331-2",BRT,4,0.272028
512063,3,2,0.004067,0.019527,0.000748,0.0,184938.325,668661.04,"Grn1-N, Grn1-S",LRT,5,0.271998
512017,2,6,0.006836,0.019944,0.00064,0.0,179581.8434,665407.6848,"Grn1-N, Grn1-S, Grn2-N, Grn2-S, Grn3-N, Grn3-S",LRT,5,0.271809
400460,3,8,0.001141,0.016802,0.00067,3e-06,196343.0087,644492.4792,"rail_18_1, rail_18_2, rail_19_1, rail_19_2, rail_1_1, rail_1_2, rail_20_1, rail_20_2","Interurban Rail, Suburban Rail",7,0.271436
511241,3,4,0.01348,0.017421,0.000774,0.0,187959.1957,688894.763,"LRT141, LRT142, LRT151, LRT152","BRT, LRT",5,0.271289
525087,3,2,0.022559,0.019445,0.000683,0.0,182618.4794,657699.0079,"BluRT1, BluRT2",BRT,4,0.271286
511076,3,4,0.043494,0.016655,0.000727,0.0,175123.2638,639831.98,"L1-N, L1-S, L2-N, L2-S",LRT,5,0.27128
525579,3,4,0.034562,0.018269,0.000633,0.0,190369.1658,667140.4885,"RG-RH1, RG-RH2, RH-RG1, RH-RG2",BRT,4,0.271177
511039,3,4,0.015015,0.019619,0.000596,0.0,185771.8767,667548.3312,"Red2-N, Red2-S, Shut-N, Shut-S",LRT,5,0.271111
511048,4,4,0.011251,0.014465,0.000877,0.0,166106.8119,633143.9628,"L1-N, L1-S, L2-N, L2-S",LRT,5,0.271093
512018,2,6,0.00662,0.019929,0.000635,0.0,179621.7743,664631.9005,"Grn1-N, Grn1-S, Grn2-N, Grn2-S, Grn3-N, Grn3-S",LRT,5,0.270997
525244,3,2,0.025786,0.020003,0.000625,0.0,183453.2338,666598.9138,"Yelw-N, Yelw-S",BRT,4,0.270935
523021,2,2,0.033476,0.019604,0.00076,0.0,182410.5597,673635.1326,"Me03-L, Me03-R",Metro,6,0.270641
525234,3,2,0.025487,0.020019,0.000621,0.0,182748.8467,668202.1776,"Yelw-N, Yelw-S",BRT,4,0.270401
513018,2,6,0.002902,0.019771,0.000655,0.0,182294.831,663024.84,"Mgt1-E, Mgt1-W, Mgt2-E, Mgt2-W, Mgt3-E, Mgt3-W",LRT,5,0.270293
515801,3,4,0.002654,0.018392,0.000728,0.0,190432.3273,651797.4403,"BRT1-1, BRT1-2, BRT2-1, BRT2-2",BRT,4,0.27026
511129,3,4,0.004596,0.016464,0.000869,0.0,188457.3834,692385.0077,"LRT131, LRT132, LRT141, LRT142","BRT, LRT",5,0.26995
511257,3,4,0.016308,0.016612,0.000816,0.0,186656.8249,691047.6808,"LRT121, LRT122, LRT151, LRT152",LRT,5,0.269932
513015,2,6,0.003935,0.019969,0.000633,0.0,180419.999,662466.155,"Mgt1-E, Mgt1-W, Mgt2-E, Mgt2-W, Mgt3-E, Mgt3-W",LRT,5,0.269907
512039,4,3,0.047069,0.019572,0.000392,0.0,181973.9861,674514.2549,"Grn2-S, LRT122, LRT132",LRT,5,0.2698
511029,3,4,0.012149,0.019069,0.000636,0.0,176802.9861,658156.1224,"Red-N, Red-S, Red2-N, Red2-S",LRT,5,0.269429
36645,6,4,0.005829,0.012035,0.000804,0.000209,196616.1012,745390.8372,"m0110a, m0120a, m0620a, m0710a",BRT,4,0.269314
525575,2,4,0.039904,0.019057,0.00067,0.0,188091.4391,667442.7579,"RG-RH1, RG-RH2, RH-RG1, RH-RG2",BRT,4,0.269302
512073,3,3,0.002866,0.016936,0.000881,0.0,176165.9537,640990.6824,"Light-Blue_S, Turquoise_N, Turquoise_S",LRT,5,0.269178
525240,4,2,0.01625,0.019487,0.000552,0.0,180761.1249,657675.1802,"Yelw-N, Yelw-S",BRT,4,0.269146
525246,3,2,0.021504,0.020005,0.000625,0.0,183105.2001,664726.8626,"Yelw-N, Yelw-S",BRT,4,0.269052
512095,3,4,0.084919,0.013229,0.000829,0.0,162241.2174,622431.3284,"Orange_N, Orange_S, RedN, RedS",LRT,5,0.268994
523018,3,2,0.029739,0.019726,0.000616,0.0,183457.2826,670228.1076,"Me03-L, Me03-R",Metro,6,0.2688
51033,6,6,0.003133,0.011865,0.000723,1e-06,215238.824,629378.6201,"LRT11, LRT12, LRT21, LRT22, LRT81, LRT82",LRT,5,0.26849
513016,2,6,0.003043,0.019832,0.000633,0.0,180902.482,662426.024,"Mgt1-E, Mgt1-W, Mgt2-E, Mgt2-W, Mgt3-E, Mgt3-W",LRT,5,0.268224
400500,4,4,0.023893,0.018738,0.000475,2e-06,189454.885,675489.7704,"rail_17_1, rail_17_2, rail_20_1, rail_20_2",Suburban Rail,6,0.26801
1004,4,8,0.024688,0.010781,0.000894,4.1e-05,208615.2535,749722.9198,"R1001-1, R1001-2, R321-1, R321-2, R322-1, R322-2, R329-1, R329-2",BRT,4,0.267988
515008,4,2,0.015842,0.018379,0.000628,0.0,184061.4,652539.6259,"BRT1-1, BRT1-2",BRT,4,0.267707
513017,2,6,0.002214,0.019729,0.000637,0.0,181300.111,662403.167,"Mgt1-E, Mgt1-W, Mgt2-E, Mgt2-W, Mgt3-E, Mgt3-W",LRT,5,0.267277
513019,2,6,0.002174,0.019648,0.000642,0.0,181859.605,662694.655,"Mgt1-E, Mgt1-W, Mgt2-E, Mgt2-W, Mgt3-E, Mgt3-W",LRT,5,0.267177
522012,3,2,0.023767,0.019498,0.000642,0.0,187018.5855,664535.8308,"Me02-E, Me02-W",Metro,6,0.267157
525308,4,2,0.008799,0.018635,0.000628,2e-06,186350.411,676527.1095,"Hz-KS1, Hz-KS2",BRT,4,0.267058
525248,3,2,0.018714,0.019964,0.000621,0.0,182634.2606,662908.7932,"Yelw-N, Yelw-S",BRT,4,0.266834
522027,3,2,0.020603,0.019714,0.000632,0.0,185304.2168,664781.6689,"Me02-E, Me02-W",Metro,6,0.266677
516039,3,4,0.0,0.018401,0.000707,0.0,184063.3676,652356.4477,"ART1-1, ART1-2, ART2-1, ART2-2",LRT,5,0.266455
36347,4,10,0.000651,0.011588,0.000803,0.000512,200142.181,747363.099,"m0110a, m0120a, m0210a, m0220a, m0610a, m0620a, m0710a, m0720a, m0910a, m0920a",BRT,4,0.266397
51021,4,7,0.003008,0.012609,0.000865,1e-06,219688.9636,632791.8999,"LRT11, LRT12, LRT21, LRT22, LRT31, LRT32, LRT9",LRT,5,0.266391
516010,3,4,0.002862,0.018821,0.000663,0.0,177815.3666,654886.9194,"ART1-1, ART1-2, ART2-1, ART2-2",LRT,5,0.266372
511204,3,4,0.00755,0.016827,0.0008,0.0,188053.3634,691042.7619,"LRT141, LRT142, LRT151, LRT152","BRT, LRT",5,0.266095
516024,3,4,0.010665,0.01887,0.000629,0.0,180645.6935,652484.6083,"ART1-1, ART1-2, ART2-1, ART2-2",LRT,5,0.266007
515048,3,2,0.010785,0.018347,0.000766,0.0,185094.9941,651876.3866,"BRT2-1, BRT2-2",BRT,4,0.265815
512110,4,3,0.002062,0.017405,0.000687,0.0,179023.0115,644069.7912,"Light-Blue_S, Turquoise_N, Turquoise_S",LRT,5,0.265718
512235,4,2,0.016205,0.017992,0.000641,2e-06,180477.9803,645700.7649,"Turquoise_N, Turquoise_S",LRT,5,0.265691
513005,2,4,0.006099,0.019818,0.000702,0.0,178827.0119,666096.981,"Mgt1-E, Mgt1-W, Mgt2-E, Mgt2-W",LRT,5,0.265669
525561,4,2,0.009314,0.018465,0.000628,0.0,189763.2835,677617.2489,"Hz-KS1, Hz-KS2",BRT,4,0.26566
521048,3,4,0.01729,0.018365,0.000641,0.0,185136.5701,652079.1246,"M1-KS-LOD, M1-LOD-KS, Yelw-N, Yelw-S","BRT, Metro",6,0.26559
521041,3,4,0.022076,0.018122,0.000642,0.0,187364.5792,648671.5042,"M1-KS-LOD, M1-LOD-KS, Yelw-N, Yelw-S","BRT, Metro",6,0.265383
512038,6,1,0.00201,0.018907,0.0004,1e-06,177340.531,655048.751,Grn1-N,LRT,5,0.265335
522003,3,2,0.009188,0.019819,0.000653,0.0,178554.9929,664210.6611,"Me02-E, Me02-W",Metro,6,0.265223
522011,3,2,0.019219,0.019581,0.000636,0.0,185980.398,664544.4913,"Me02-E, Me02-W",Metro,6,0.265217
525076,3,2,0.027638,0.019164,0.000637,0.0,182179.8734,654286.9695,"BluRT1, BluRT2",BRT,4,0.265074
525576,2,4,0.038713,0.018885,0.000653,0.0,188580.4386,667319.0221,"RG-RH1, RG-RH2, RH-RG1, RH-RG2",BRT,4,0.264898
525056,3,2,0.041802,0.018612,0.000628,0.0,181279.1757,649376.9131,"BluRT1, BluRT2",BRT,4,0.264795
36243,3,4,0.015309,0.01549,0.000861,0.0,192508.0329,704859.3273,"brt051, brt052, brt061, brt062",BRT,4,0.26425
516013,3,4,0.005594,0.018686,0.000646,0.0,178602.7625,654470.9418,"ART1-1, ART1-2, ART2-1, ART2-2",LRT,5,0.264035
525054,3,2,0.041799,0.018525,0.000628,0.0,181150.5313,648556.106,"BluRT1, BluRT2",BRT,4,0.263947
51182,5,4,0.059746,0.012669,0.000654,2e-06,219277.3891,632862.3853,"LRT41, LRT42, LRT51, LRT52",LRT,5,0.263855
513003,2,4,0.00552,0.020074,0.000669,2e-06,180298.4611,665704.85,"Mgt1-E, Mgt1-W, Mgt2-E, Mgt2-W",LRT,5,0.26378
521050,2,4,0.022562,0.018837,0.000704,0.0,183291.3598,653282.2842,"M1-KS-LOD, M1-LOD-KS, Yelw-N, Yelw-S","BRT, Metro",6,0.263696
521053,3,4,0.021941,0.01803,0.000635,0.0,185216.1383,649417.6416,"M1-KS-LOD, M1-LOD-KS, Yelw-N, Yelw-S","BRT, Metro",6,0.263592
525586,3,4,0.01372,0.016575,0.000777,0.0,195756.852,668397.89,"RG-RH1, RG-RH2, RH-RG1, RH-RG2",BRT,4,0.263505
511267,3,2,0.04674,0.019723,0.000513,0.0,185500.2471,664874.431,"LRT-L1, LRT-L2",LRT,5,0.263468
36278,3,4,0.011995,0.014761,0.000922,0.0,196631.7217,706198.6299,"brt051, brt052, brt061, brt062",BRT,4,0.263327
523020,2,2,0.033721,0.019673,0.000695,0.0,182041.1909,672792.2459,"Me03-L, Me03-R",Metro,6,0.263297
516037,3,4,0.001254,0.018488,0.00067,0.0,183800.8332,652009.5358,"ART1-1, ART1-2, ART2-1, ART2-2",LRT,5,0.263288
511126,3,5,0.011326,0.016144,0.000765,0.0,186920.3961,692821.9107,"LRT121, LRT122, LRT131, LRT151, LRT152",LRT,5,0.262987
525514,3,2,0.025971,0.018081,0.000711,0.0,190956.4723,667121.7632,"BRT-1, BRT-2",BRT,4,0.262987
512233,3,3,0.011253,0.017585,0.000752,0.0,179769.9728,644312.9088,"Light-Blue_S, Turquoise_N, Turquoise_S",LRT,5,0.262981
512105,4,4,0.003021,0.014463,0.00084,0.0,166105.7551,633159.4221,"Orange_N, Orange_S, RedN, RedS",LRT,5,0.262825
522008,3,2,0.007307,0.01994,0.00063,0.0,182863.7038,664783.7161,"Me02-E, Me02-W",Metro,6,0.262664
525081,3,2,0.019429,0.019183,0.000645,0.0,182634.9917,655668.3309,"BluRT1, BluRT2",BRT,4,0.262566
512033,2,4,0.008525,0.019293,0.000709,0.0,178819.26,656549.422,"Grn1-N, Grn1-S, Grn3-N, Grn3-S",LRT,5,0.262549
511270,3,2,0.047065,0.019423,0.000527,0.0,182671.6561,657574.0725,"LRT-L1, LRT-L2",LRT,5,0.262351
521025,2,4,0.013116,0.02009,0.000629,2e-06,180848.9753,666399.4313,"M1-KS-LOD, M1-LOD-KS, M1-RA-RE, M1-RE-RA",Metro,6,0.262315
522025,3,2,0.007958,0.019479,0.00066,0.0,177503.7032,660341.8002,"Me02-E, Me02-W",Metro,6,0.262308
521037,4,2,0.001999,0.018647,0.000613,2e-06,186103.7656,676594.3495,"M1-RA-RE, M1-RE-RA",Metro,6,0.262294
516032,3,4,0.003102,0.018676,0.000641,0.0,182904.0414,652299.511,"ART1-1, ART1-2, ART2-1, ART2-2",LRT,5,0.262213
516035,3,4,0.001977,0.018564,0.000653,0.0,183434.802,652130.3475,"ART1-1, ART1-2, ART2-1, ART2-2",LRT,5,0.26214
511271,3,2,0.037147,0.019299,0.000569,0.0,181746.4545,656452.6601,"LRT-L1, LRT-L2",LRT,5,0.262108
523003,3,2,0.005521,0.019484,0.000666,0.0,178750.6763,657861.9466,"Me03-L, Me03-R",Metro,6,0.261961
511266,3,2,0.036462,0.019623,0.000544,0.0,185794.5503,667400.4493,"LRT-L1, LRT-L2",LRT,5,0.261797
521026,2,4,0.012929,0.02003,0.00063,0.0,180614.6092,667341.7075,"M1-KS-LOD, M1-LOD-KS, M1-RA-RE, M1-RE-RA",Metro,6,0.261766
521022,2,4,0.009556,0.020188,0.000629,1e-06,180523.5935,663376.6897,"M1-KS-LOD, M1-LOD-KS, M1-RA-RE, M1-RE-RA",Metro,6,0.261696
36146,4,5,0.011708,0.011886,0.000948,1.2e-05,196298.9488,746515.2112,"m0110a, m0120a, m0620a, m0710a, m0720a",BRT,4,0.2613
525042,4,2,0.003692,0.018219,0.00063,1.1e-05,181850.29,646020.8888,"BluRT1, BluRT2",BRT,4,0.261046
521062,2,4,0.011827,0.019854,0.000641,0.0,181537.8079,670093.4642,"M1-KS-LOD, M1-LOD-KS, M1-RA-RE, M1-RE-RA",Metro,6,0.260971
511274,3,2,0.037255,0.018716,0.000605,0.0,179235.2745,651520.6653,"LRT-L1, LRT-L2",LRT,5,0.260933
525577,2,4,0.037634,0.018657,0.000641,0.0,189356.0543,667304.1806,"RG-RH1, RG-RH2, RH-RG1, RH-RG2",BRT,4,0.260697
984883,4,6,0.033785,0.015944,0.0005,0.000137,190690.2858,704921.5234,"rail_11_1, rail_11_2, rail_12_1, rail_12_2, rail_1_1, rail_1_2","Interurban Rail, Suburban Rail",7,0.260606
523012,3,3,0.018049,0.019514,0.000558,0.0,186924.3086,664442.0477,"East-S, Me03-L, Me03-R","LRT, Metro",6,0.260528
513025,2,4,0.017601,0.019599,0.000636,0.0,185094.1998,661529.4735,"Mgt2-E, Mgt2-W, Mgt3-E, Mgt3-W",LRT,5,0.260404
36250,3,4,0.01411,0.015321,0.000844,0.0,193217.6447,704637.064,"brt051, brt052, brt061, brt062",BRT,4,0.259903
500042,4,4,0.026307,0.01216,0.000913,0.0,178796.6593,612636.6223,"BRT_Blue_E, BRT_Blue_W, BRT_Pink_E, BRT_Pink_W",BRT,4,0.259832
513006,2,4,0.005864,0.019772,0.000655,0.0,178637.9724,665571.8392,"Mgt1-E, Mgt1-W, Mgt2-E, Mgt2-W",LRT,5,0.259314
36318,5,5,0.000208,0.011728,0.000619,0.05708,201198.4787,745867.3194,"m0120a, m0220a, m0610a, m0720a, m0910a",BRT,4,0.259292
521066,2,4,0.004886,0.019141,0.000708,0.0,184905.2676,672467.0069,"M1-KS-LOD, M1-LOD-KS, M1-RA-RE, M1-RE-RA",Metro,6,0.259291
400030,3,4,0.086177,0.018445,0.000341,1.8e-05,186965.432,685482.8831,"rail_11_1, rail_11_2, rail_14_1, rail_14_2",Suburban Rail,6,0.259239
515049,3,2,0.0,0.018831,0.000714,0.0,180340.092,652508.9076,"BRT1-1, BRT1-2",BRT,4,0.259211
525333,3,2,0.017665,0.018922,0.000644,0.0,193910.9119,663286.3733,"BBEld1, BBEld2",BRT,4,0.259194
521068,2,4,0.002512,0.018784,0.000741,0.0,187337.4847,672657.003,"M1-KS-LOD, M1-LOD-KS, Yelw-N, Yelw-S","BRT, Metro",6,0.25887
522022,3,2,0.008026,0.018479,0.000709,0.0,189684.4972,665955.1839,"Me02-E, Me02-W",Metro,6,0.258674
511210,3,4,0.014333,0.016581,0.000735,0.0,186546.1862,691079.6578,"LRT121, LRT122, LRT151, LRT152",LRT,5,0.258585
513063,2,4,0.016903,0.019488,0.000632,0.0,184909.4261,661035.1236,"Mgt2-E, Mgt2-W, Mgt3-E, Mgt3-W",LRT,5,0.258469
36176,6,4,0.002893,0.011801,0.000747,2e-05,196331.4371,747556.6651,"m0110a, m0120a, m0710a, m0720a",BRT,4,0.258415
512035,3,2,0.006034,0.018944,0.000676,0.0,178967.316,655146.361,"Grn1-N, Grn1-S",LRT,5,0.258195
523006,3,2,0.012425,0.019522,0.000606,0.0,181717.1387,658667.7825,"Me03-L, Me03-R",Metro,6,0.257882
511017,2,5,0.008364,0.019642,0.000595,0.0,177902.711,662910.17,"Red-N, Red-S, Red2-N, Red2-S, Shut-N",LRT,5,0.257817
525200,3,2,0.022061,0.018784,0.000628,0.0,181490.36,650980.8364,"BluRT1, BluRT2",BRT,4,0.25774
525494,4,1,0.005597,0.017151,0.000728,0.0,182860.8455,641909.1086,RH-GY1,BRT,4,0.257624
525585,3,4,0.014945,0.016731,0.000713,0.0,195201.8322,668528.7868,"RG-RH1, RG-RH2, RH-RG1, RH-RG2",BRT,4,0.257576
525323,3,2,0.001257,0.019276,0.00066,0.0,181119.7194,674478.43,"Hz-KS1, Hz-KS2",BRT,4,0.257353
400422,3,4,0.009101,0.0195,0.000516,0.0,177447.1169,660333.9903,"rail_11_1, rail_11_2, rail_20_1, rail_20_2",Suburban Rail,6,0.257235
515021,3,2,0.0052,0.018874,0.000676,0.0,180670.2956,652473.551,"BRT1-1, BRT1-2",BRT,4,0.257164
521052,2,4,0.021835,0.018632,0.00067,0.0,184298.2763,653110.2764,"M1-KS-LOD, M1-LOD-KS, Yelw-N, Yelw-S","BRT, Metro",6,0.257126
513052,2,4,0.016283,0.01939,0.000631,0.0,184778.258,660524.0864,"Mgt2-E, Mgt2-W, Mgt3-E, Mgt3-W",LRT,5,0.257104
522026,2,2,0.006183,0.019357,0.000767,0.0,177735.4825,661406.1231,"Me02-E, Me02-W",Metro,6,0.257013
51052,3,6,0.035678,0.012297,0.00088,0.0,221543.9034,633942.4561,"LRT41, LRT42, LRT51, LRT52, LRT71, LRT72",LRT,5,0.256837
512161,5,2,0.018366,0.018312,0.000404,1.7e-05,181664.3053,646425.7674,"Light-Blue_S, Turquoise_S",LRT,5,0.256804
521069,2,4,0.001937,0.018624,0.000738,0.0,188651.5618,672483.8594,"M1-KS-LOD, M1-LOD-KS, Yelw-N, Yelw-S","BRT, Metro",6,0.256766
515014,3,2,0.020864,0.018678,0.000632,0.0,182898.9629,652303.9991,"BRT1-1, BRT1-2",BRT,4,0.256728
511072,3,2,0.0,0.017935,0.000762,1e-06,180385.4603,645492.6684,"L1-N, L1-S",LRT,5,0.256546
514033,3,2,0.00976,0.019737,0.000587,0.0,183649.094,670171.92,"Yelw-N, Yelw-S",BRT,4,0.25644
512009,2,4,0.001927,0.019769,0.000646,0.0,181090.8203,668954.0709,"Grn1-N, Grn1-S, Grn3-N, Grn3-S",LRT,5,0.256371
513062,2,4,0.015937,0.019338,0.000629,0.0,185283.738,660469.3038,"Mgt2-E, Mgt2-W, Mgt3-E, Mgt3-W",LRT,5,0.256296
513053,2,4,0.015912,0.019332,0.00063,0.0,185790.711,660414.992,"Mgt2-E, Mgt2-W, Mgt3-E, Mgt3-W",LRT,5,0.256241
525580,3,4,0.004943,0.018081,0.000633,0.0,190955.2778,667142.6763,"RG-RH1, RG-RH2, RH-RG1, RH-RG2",BRT,4,0.256231
467763,4,4,0.006149,0.009058,0.001197,0.0,177245.8778,589073.2541,"4.4_Bee'rSheva-Rahat_Main, 4.4_Rahat-Bee'rSheva_Main, 4.5_Bee'rSheva-Rahat, 4.5_Rahat-Bee'rSheva",LRT,5,0.256229
51112,6,6,0.003133,0.011865,0.000624,1e-06,215238.824,629378.6201,"LRT11, LRT12, LRT21, LRT22, LRT81, LRT82",LRT,5,0.256138
400190,5,2,0.010391,0.01878,0.00039,0.0,181439.3634,650670.7278,"rail_20_1, rail_20_2",Suburban Rail,6,0.256005
1024,7,6,0.005351,0.011722,0.000492,0.000355,198946.6296,748444.6595,"R321-1, R321-2, R325-1, R325-2, R330-1, R330-2",BRT,4,0.256
36273,3,4,0.007339,0.014849,0.000873,0.0,195730.2441,705952.354,"brt051, brt052, brt061, brt062",BRT,4,0.25599
36708,5,3,0.009192,0.011325,0.000923,0.0,202236.9368,742523.8234,"m0810a, m0910a, m0920a",BRT,4,0.255875
521064,2,4,0.005135,0.019213,0.000672,0.0,184232.1769,671742.3333,"M1-KS-LOD, M1-LOD-KS, M1-RA-RE, M1-RE-RA",Metro,6,0.255607
36046,4,4,0.022919,0.012091,0.000893,0.000744,196816.9745,745026.6512,"m0110a, m0620a, m0710a, m0720a",BRT,4,0.255539
525513,3,2,0.024753,0.017775,0.000678,0.0,191930.9602,667246.2421,"BRT-1, BRT-2",BRT,4,0.255409
511033,2,4,0.006275,0.018683,0.000707,0.0,176009.6665,656232.4482,"Red-N, Red-S, Red2-N, Red2-S",LRT,5,0.25532
513007,2,4,0.005861,0.019774,0.000623,0.0,178362.702,664958.144,"Mgt1-E, Mgt1-W, Mgt2-E, Mgt2-W",LRT,5,0.255248
467750,4,7,0.019893,0.008572,0.00103,0.0,180760.9789,574458.4182,"4.1_Arad-BS, 4.1_BS-Arad, 4.2_LRT_Shoket-BRS, 4.4_Bee'rSheva-Rahat_Main, 4.4_Rahat-Bee'rSheva_Main, 4.5_Bee'rSheva-Rahat, 4.5_Rahat-Bee'rSheva",LRT,5,0.255185
512146,3,3,0.002881,0.016894,0.000771,0.0,177090.4598,642158.2536,"Light-Blue_S, Turquoise_N, Turquoise_S",LRT,5,0.254987
36261,3,4,0.010545,0.015049,0.000837,0.0,194084.9975,705508.0854,"brt051, brt052, brt061, brt062",BRT,4,0.254852
36263,3,4,0.009371,0.01499,0.000846,0.0,194363.2313,705545.3076,"brt051, brt052, brt061, brt062",BRT,4,0.254818
31598,3,8,0.092543,0.013108,0.000498,0.000801,194621.1209,733162.8524,"rail_10_1, rail_10_2, rail_3_1, rail_3_2, rail_4_1, rail_4_2, rail_7_1, rail_7_2","Interurban Rail, Suburban Rail",7,0.254817
513059,2,4,0.002511,0.018032,0.000767,0.0,189943.6694,659370.2985,"Mgt2-E, Mgt2-W, Mgt3-E, Mgt3-W",LRT,5,0.254812
525313,3,2,0.010611,0.018997,0.000628,0.0,185405.0882,674996.0861,"Hz-KS1, Hz-KS2",BRT,4,0.254811
36138,5,4,0.019614,0.010672,0.000878,1e-06,209130.279,750584.764,"m0110a, m0120a, m0410a, m0820a",BRT,4,0.25465
525299,3,2,0.023186,0.018416,0.000628,0.0,189244.3117,678220.5894,"Hz-KS1, Hz-KS2",BRT,4,0.25464
467194,4,6,0.01992,0.008549,0.001075,0.0,182749.3463,573257.9135,"4.1_Arad-BS, 4.1_BS-Arad, 4.2_LRT_BRS-Shoket, 4.2_LRT_Shoket-BRS, 4.3_Ofakim-TelSheva, 4.3_TelSheva-Ofakim",LRT,5,0.254398
511096,3,2,0.035518,0.017066,0.000685,0.0,175078.3705,642645.9582,"L2-N, L2-S",LRT,5,0.254171
523016,3,2,0.028071,0.019557,0.000517,0.0,185125.75,668764.8637,"Me03-L, Me03-R",Metro,6,0.254068
521007,3,2,0.016292,0.018516,0.00064,1e-06,181087.1081,648562.9307,"M1-RA-RE, M1-RE-RA",Metro,6,0.254043
400501,4,4,0.015963,0.018721,0.000392,1.6e-05,186122.5465,676332.6436,"rail_17_1, rail_17_2, rail_20_1, rail_20_2",Suburban Rail,6,0.253892
36358,3,10,0.000691,0.01161,0.000835,4.2e-05,199553.3159,747481.7802,"m0110a, m0120a, m0210a, m0220a, m0610a, m0620a, m0710a, m0720a, m0910a, m0920a",BRT,4,0.253737
34010,5,4,0.088336,0.010835,0.000614,0.000139,210450.2539,747007.6192,"lrt01, lrt02, lrt03, lrt04",LRT,5,0.253618
51194,3,6,0.034588,0.012261,0.000861,0.0,221785.8621,633889.3467,"LRT41, LRT42, LRT51, LRT52, LRT71, LRT72",LRT,5,0.253611
525298,3,2,0.019191,0.018466,0.000628,0.0,189355.7964,677635.7056,"Hz-KS1, Hz-KS2",BRT,4,0.253373
515074,3,2,0.009313,0.018498,0.00066,0.0,185255.6308,652704.1096,"BRT2-1, BRT2-2",BRT,4,0.25331
515075,3,2,0.016186,0.018565,0.00063,0.0,183442.9602,652150.8151,"BRT1-1, BRT1-2",BRT,4,0.253265
525581,3,4,0.003733,0.017769,0.000636,0.0,191952.6916,667239.0636,"RG-RH1, RG-RH2, RH-RG1, RH-RG2",BRT,4,0.253145
525089,2,2,0.006053,0.019477,0.000727,0.0,182292.5537,658231.8317,"BluRT1, BluRT2",BRT,4,0.253118
512054,2,4,0.001559,0.019709,0.000625,0.0,180633.8639,668898.432,"Grn1-N, Grn1-S, Grn3-N, Grn3-S",LRT,5,0.253038
521008,3,2,0.017027,0.018618,0.000617,0.0,181224.036,649485.3067,"M1-RA-RE, M1-RE-RA",Metro,6,0.252547
36631,6,2,0.050006,0.012196,0.000577,0.00583,196452.8459,744345.3163,"m0110a, m0410a",BRT,4,0.252496
525209,3,2,0.032141,0.018122,0.000601,1e-06,187009.8049,647192.0644,"East-N, East-S",LRT,5,0.252371
511068,4,2,0.008624,0.017468,0.000601,0.0,179291.6713,644123.2962,"L1-N, L1-S",LRT,5,0.252314
515013,3,2,0.015989,0.01849,0.000629,0.0,183796.9724,652018.9423,"BRT1-1, BRT1-2",BRT,4,0.252306
525572,2,4,0.001256,0.019196,0.00066,0.0,186576.4978,667273.339,"RG-RH1, RG-RH2, RH-RG1, RH-RG2",BRT,4,0.252256
36361,2,10,0.000463,0.011639,0.000954,1.2e-05,199219.391,747653.2,"m0110a, m0120a, m0210a, m0220a, m0610a, m0620a, m0710a, m0720a, m0910a, m0920a",BRT,4,0.25219
36644,4,4,0.01068,0.011642,0.000942,0.001239,200278.3263,746171.4682,"m0320a, m0520a, m0810a, m0820a",BRT,4,0.252083
513055,2,4,0.010006,0.019137,0.000632,0.0,186967.698,660180.754,"Mgt2-E, Mgt2-W, Mgt3-E, Mgt3-W",LRT,5,0.251988
36115,4,6,0.007222,0.011183,0.000895,3e-05,206911.0511,746234.0276,"m0110a, m0120a, m0210a, m0220a, m0410a, m0820a",BRT,4,0.251914
525245,2,2,0.020164,0.019988,0.000626,0.0,183365.255,665706.1814,"Yelw-N, Yelw-S",BRT,4,0.251667
511032,2,4,0.006659,0.018752,0.00067,0.0,176273.6836,656676.5949,"Red-N, Red-S, Red2-N, Red2-S",LRT,5,0.251589
512232,3,3,0.0,0.017495,0.000707,0.0,179410.8023,644140.3462,"Light-Blue_S, Turquoise_N, Turquoise_S",LRT,5,0.251542
400810,2,8,0.05284,0.013429,0.000721,0.0,182656.2569,624433.898,"rail_15_1, rail_15_2, rail_17_1, rail_17_2, rail_3_1, rail_3_2, rail_4_1, rail_4_2","Interurban Rail, Suburban Rail",7,0.251236
36010,5,3,0.022604,0.011638,0.000806,0.002145,202108.8463,744410.3541,"m0810a, m0910a, m0920a",BRT,4,0.251214
515006,3,2,0.009496,0.018151,0.000669,0.0,185202.4174,650741.536,"BRT2-1, BRT2-2",BRT,4,0.251107
525233,2,2,0.021062,0.019907,0.000624,0.0,183005.3959,667469.7826,"Yelw-N, Yelw-S",BRT,4,0.251032
525582,3,4,0.002511,0.017537,0.000641,0.0,192621.0301,667616.4946,"RG-RH1, RG-RH2, RH-RG1, RH-RG2",BRT,4,0.250954
525512,3,2,0.023569,0.017532,0.000666,0.0,192632.9785,667636.4792,"BRT-1, BRT-2",BRT,4,0.250917
512010,2,4,0.002057,0.019753,0.000602,0.0,180336.1305,668840.2175,"Grn1-N, Grn1-S, Grn3-N, Grn3-S",LRT,5,0.250765
513008,2,4,0.0059,0.019778,0.000585,0.0,178363.373,664626.754,"Mgt1-E, Mgt1-W, Mgt2-E, Mgt2-W",LRT,5,0.250602
1025,5,8,0.001316,0.011683,0.000633,9.1e-05,197390.9113,748444.457,"R325-1, R325-2, R327-1, R327-2, R328-1, R328-2, R330-1, R330-2",BRT,4,0.25038
512051,2,2,0.010159,0.019336,0.000701,0.0,181502.076,656716.216,"Grn2-N, Grn2-S",LRT,5,0.250347
522001,2,2,0.006407,0.01943,0.000707,0.0,177984.6243,662337.0606,"Me02-E, Me02-W",Metro,6,0.250315
511030,2,4,0.00782,0.018947,0.000641,0.0,176759.3956,657682.5679,"Red-N, Red-S, Red2-N, Red2-S",LRT,5,0.250278
36648,7,2,0.001312,0.011602,0.000667,0.000337,200133.0407,746504.1571,"m0310a, m0510a",BRT,4,0.250277
511031,2,4,0.007154,0.018808,0.000653,0.0,176465.5056,657032.3969,"Red-N, Red-S, Red2-N, Red2-S",LRT,5,0.250144
525247,2,2,0.017496,0.01997,0.000624,0.0,182768.4829,663638.1781,"Yelw-N, Yelw-S",BRT,4,0.250064
511130,2,4,0.002718,0.016409,0.000853,0.0,188923.3588,692318.9651,"LRT131, LRT132, LRT141, LRT142","BRT, LRT",5,0.249966
513056,2,4,0.008761,0.018927,0.000636,0.0,187546.693,660098.327,"Mgt2-E, Mgt2-W, Mgt3-E, Mgt3-W",LRT,5,0.24989
511020,2,4,0.006319,0.019308,0.000611,0.0,177367.707,661481.154,"Red-N, Red-S, Red2-N, Red2-S",LRT,5,0.249403
521070,2,4,0.001947,0.018649,0.000677,0.0,189857.6068,672295.5681,"M1-KS-LOD, M1-LOD-KS, Yelw-N, Yelw-S","BRT, Metro",6,0.249366
511021,2,4,0.005755,0.019229,0.000618,0.0,177247.704,661051.162,"Red-N, Red-S, Red2-N, Red2-S",LRT,5,0.249334
511022,2,4,0.005296,0.019178,0.000623,0.0,177129.7,660677.169,"Red-N, Red-S, Red2-N, Red2-S",LRT,5,0.249167
511019,2,4,0.006944,0.01942,0.000597,0.0,177465.707,662072.158,"Red-N, Red-S, Red2-N, Red2-S",LRT,5,0.249077
1022,3,10,0.004273,0.011589,0.000781,0.001486,200111.0645,747253.0974,"R321-1, R321-2, R325-1, R325-2, R327-1, R327-2, R328-1, R328-2, R330-1, R330-2",BRT,4,0.249017
513058,2,4,0.003764,0.018146,0.000707,0.0,189594.9552,659405.8455,"Mgt2-E, Mgt2-W, Mgt3-E, Mgt3-W",LRT,5,0.248974
516042,2,4,0.010414,0.01844,0.00066,0.0,184633.8822,652741.1745,"ART1-1, ART1-2, ART2-1, ART2-2",LRT,5,0.248949
525516,3,2,0.0,0.018444,0.000661,0.0,189917.9864,666825.7971,"BRT-1, BRT-2",BRT,4,0.248849
511023,2,4,0.004898,0.019111,0.000625,0.0,176766.701,660220.168,"Red-N, Red-S, Red2-N, Red2-S",LRT,5,0.248645
513065,2,4,0.007514,0.018781,0.000641,0.0,187957.0868,660163.4067,"Mgt2-E, Mgt2-W, Mgt3-E, Mgt3-W",LRT,5,0.248528
525459,3,2,0.002584,0.018637,0.000634,0.0,175830.3334,655743.804,"ART2-1, ART2-2",LRT,5,0.248412
525337,2,2,0.007565,0.018401,0.000767,0.0,191275.3546,664711.8438,"BBEld1, BBEld2",BRT,4,0.248345
522002,2,2,0.006914,0.019674,0.00067,0.0,178041.1365,663747.5343,"Me02-E, Me02-W",Metro,6,0.248343
511073,3,2,0.001252,0.017823,0.0007,0.0,180376.6475,645002.9486,"L1-N, L1-S",LRT,5,0.2482
36354,3,10,0.000141,0.011626,0.000791,9.3e-05,199692.9411,747726.1306,"m0110a, m0120a, m0210a, m0220a, m0610a, m0620a, m0710a, m0720a, m0910a, m0920a",BRT,4,0.2481
400550,4,2,0.006969,0.019588,0.000409,0.0,187224.2799,668150.5297,"rail_20_1, rail_20_2",Suburban Rail,6,0.24809
512231,5,1,0.030541,0.017009,0.000442,2e-06,175879.4264,641011.8885,Light-Blue_S,LRT,5,0.248085
511024,2,4,0.004517,0.019041,0.000626,0.0,176537.705,659623.168,"Red-N, Red-S, Red2-N, Red2-S",LRT,5,0.247963
511028,2,4,0.004583,0.018969,0.000631,0.0,176504.7264,658262.5066,"Red-N, Red-S, Red2-N, Red2-S",LRT,5,0.247913
513061,2,4,0.006266,0.018603,0.000653,0.0,188411.0469,659926.5218,"Mgt2-E, Mgt2-W, Mgt3-E, Mgt3-W",LRT,5,0.247756
515083,2,4,0.000116,0.018265,0.0007,0.0,188943.1265,648981.5983,"BRT1-1, BRT1-2, BRT2-1, BRT2-2",BRT,4,0.24772
525295,3,2,0.01104,0.018219,0.00063,0.0,191251.8767,677103.3084,"Hz-KS1, Hz-KS2",BRT,4,0.247636
1010,6,4,0.011767,0.010879,0.0007,1.8e-05,206979.299,749922.8102,"R1002-1, R1002-2, R323-1, R323-2",BRT,4,0.247511
511025,2,4,0.004276,0.018986,0.000628,0.0,175939.706,659408.156,"Red-N, Red-S, Red2-N, Red2-S",LRT,5,0.247474
525509,3,2,0.019898,0.016763,0.000711,0.0,195086.421,668555.4286,"BRT-1, BRT-2",BRT,4,0.247458
511027,2,4,0.004119,0.018962,0.00063,0.0,176148.8008,658356.3537,"Red-N, Red-S, Red2-N, Red2-S",LRT,5,0.247456
511018,2,4,0.007591,0.019534,0.000573,0.0,177524.712,662650.161,"Red-N, Red-S, Red2-N, Red2-S",LRT,5,0.247428
511026,2,4,0.004171,0.018968,0.000628,0.0,175953.713,658809.157,"Red-N, Red-S, Red2-N, Red2-S",LRT,5,0.247336
525584,3,4,0.0,0.01687,0.000673,0.0,194611.4075,668648.3355,"RG-RH1, RG-RH2, RH-RG1, RH-RG2",BRT,4,0.247306
513057,2,4,0.005016,0.018385,0.00067,0.0,188879.945,659489.577,"Mgt2-E, Mgt2-W, Mgt3-E, Mgt3-W",LRT,5,0.247288
525583,3,4,0.001242,0.017039,0.000654,0.0,194237.5219,668178.2643,"RG-RH1, RG-RH2, RH-RG1, RH-RG2",BRT,4,0.247159
515802,2,4,0.001423,0.018355,0.000683,0.0,190221.62,651306.2396,"BRT1-1, BRT1-2, BRT2-1, BRT2-2",BRT,4,0.247039
512272,2,4,0.093708,0.014793,0.000633,0.0,168597.3182,630032.8874,"Orange_N, Orange_S, RedN, RedS",LRT,5,0.246949
511003,2,2,0.007012,0.018525,0.000748,0.0,188744.721,666668.166,"Red-N, Red-S",LRT,5,0.246912
525084,2,2,0.017122,0.01921,0.000658,0.0,183324.8563,656542.3096,"BluRT1, BluRT2",BRT,4,0.246852
511187,3,2,0.02805,0.017437,0.000624,0.0,190518.4048,687839.3584,"LRT151, LRT152",LRT,5,0.24682
511240,2,4,0.012147,0.017361,0.00072,0.0,187956.1462,689105.0334,"LRT141, LRT142, LRT151, LRT152","BRT, LRT",5,0.246671
525051,2,2,0.041369,0.01847,0.000628,0.0,181076.5061,648025.6571,"BluRT1, BluRT2",BRT,4,0.246569
511066,3,2,0.004681,0.018039,0.000658,4e-06,180570.9645,645901.7356,"L1-N, L1-S",LRT,5,0.246553
521046,2,4,0.021694,0.017954,0.000638,0.0,186423.3431,649174.5272,"M1-KS-LOD, M1-LOD-KS, Yelw-N, Yelw-S","BRT, Metro",6,0.246387
511077,2,4,0.042346,0.01639,0.000683,0.0,174120.9508,639466.8967,"L1-N, L1-S, L2-N, L2-S",LRT,5,0.246034
525049,2,2,0.041011,0.01843,0.000628,2e-06,181114.9634,647632.886,"BluRT1, BluRT2",BRT,4,0.246033
525020,3,2,0.003763,0.017399,0.000707,0.0,182841.864,643480.8189,"BluRT1, BluRT2",BRT,4,0.246013
516016,2,4,0.005349,0.018636,0.000639,0.0,179319.37,654160.1145,"ART1-1, ART1-2, ART2-1, ART2-2",LRT,5,0.245933
512050,2,2,0.010462,0.019376,0.000661,0.0,181191.071,657073.989,"Grn2-N, Grn2-S",LRT,5,0.245786
521003,3,2,0.015859,0.017432,0.000659,1e-06,182707.8952,643536.2723,"M1-RA-RE, M1-RE-RA",Metro,6,0.245695
1028,5,6,0.00317,0.011799,0.000678,1.7e-05,196242.8709,747525.9166,"R326-1, R326-2, R327-1, R327-2, R328-1, R328-2",BRT,4,0.24566
525511,3,2,0.022359,0.017041,0.000666,0.0,194222.6856,668191.2337,"BRT-1, BRT-2",BRT,4,0.245605
36965,5,4,0.002472,0.008358,0.001046,0.0,228365.0139,733305.1927,"brt031, brt032, brt041, brt042",BRT,4,0.245567
521034,3,2,0.00969,0.019014,0.000555,0.0,185331.6339,674808.1153,"M1-RA-RE, M1-RE-RA",Metro,6,0.245353
516021,2,4,0.005645,0.018683,0.000629,0.0,179277.9255,652935.5414,"ART1-1, ART1-2, ART2-1, ART2-2",LRT,5,0.245328
516029,2,4,0.0,0.018858,0.000636,0.0,182001.387,652205.225,"ART1-1, ART1-2, ART2-1, ART2-2",LRT,5,0.245328
525508,3,2,0.002489,0.016579,0.00077,0.0,195741.4363,668384.8437,"BRT-1, BRT-2",BRT,4,0.245321
516018,2,4,0.00538,0.018643,0.000633,0.0,179048.9385,653616.2646,"ART1-1, ART1-2, ART2-1, ART2-2",LRT,5,0.24527
516020,2,4,0.005492,0.01866,0.000631,0.0,178798.104,653171.6464,"ART1-1, ART1-2, ART2-1, ART2-2",LRT,5,0.245263
512041,2,2,0.014768,0.0196,0.000623,0.0,181061.8057,672200.3317,"Grn2-N, Grn2-S",LRT,5,0.245148
525510,3,2,0.021129,0.016885,0.000678,0.0,194649.2024,668551.7158,"BRT-1, BRT-2",BRT,4,0.245128
390513,4,2,0.020983,0.014916,0.000699,1.4e-05,196057.676,710189.065,"brt061, brt062",BRT,4,0.245103
512062,2,2,0.00232,0.019482,0.000676,0.0,184557.7594,668289.2684,"Grn1-N, Grn1-S",LRT,5,0.245093
512057,2,2,0.014565,0.019563,0.000626,0.0,181271.2358,672758.3055,"Grn2-N, Grn2-S",LRT,5,0.245058
512058,2,2,0.014998,0.019636,0.000618,0.0,180768.128,671773.253,"Grn2-N, Grn2-S",LRT,5,0.245055
512040,2,2,0.014353,0.019534,0.000629,0.0,181602.0657,673651.0743,"Grn2-N, Grn2-S",LRT,5,0.245054
512056,2,2,0.014433,0.019544,0.000627,0.0,181476.4993,673270.4684,"Grn2-N, Grn2-S",LRT,5,0.245005
515005,3,2,0.00274,0.018077,0.000649,0.0,185203.5523,650370.7196,"BRT2-1, BRT2-2",BRT,4,0.24497
512273,2,4,0.092737,0.014625,0.000633,0.0,168189.4386,629114.2052,"Orange_N, Orange_S, RedN, RedS",LRT,5,0.244803
525317,2,2,0.010935,0.019565,0.000636,2e-06,183533.922,674583.6066,"Hz-KS1, Hz-KS2",BRT,4,0.244721
522005,2,2,0.003939,0.01986,0.000636,0.0,179907.9173,664091.1487,"Me02-E, Me02-W",Metro,6,0.244501
512059,2,2,0.015236,0.019675,0.00061,0.0,180658.707,671259.2,"Grn2-N, Grn2-S",LRT,5,0.244463
522004,2,2,0.003513,0.019811,0.000641,0.0,179298.6056,664392.3544,"Me02-E, Me02-W",Metro,6,0.244456
511272,2,2,0.035863,0.018951,0.000593,0.0,180804.3089,654617.1463,"LRT-L1, LRT-L2",LRT,5,0.244447
525243,2,2,0.01289,0.019709,0.000615,0.0,182541.1077,661350.4126,"Yelw-N, Yelw-S",BRT,4,0.244363
515081,2,4,0.00121,0.018324,0.000665,0.0,190100.1045,650792.4588,"BRT1-1, BRT1-2, BRT2-1, BRT2-2",BRT,4,0.244362
512081,3,2,0.002779,0.016675,0.000753,0.0,175259.6669,639864.7798,"Turquoise_N, Turquoise_S",LRT,5,0.24433
525074,2,2,0.022547,0.019014,0.000633,0.0,181952.3679,653491.8926,"BluRT1, BluRT2",BRT,4,0.244154
512097,3,4,0.004023,0.014586,0.00081,0.0,166674.6233,632836.536,"Orange_N, Orange_S, RedN, RedS",LRT,5,0.244024
522007,2,2,0.003687,0.019871,0.000631,0.0,181978.1091,664730.376,"Me02-E, Me02-W",Metro,6,0.243844
525320,2,2,0.000662,0.019489,0.00067,0.0,182329.1095,674300.7938,"Hz-KS1, Hz-KS2",BRT,4,0.24377
521073,3,2,0.011543,0.018513,0.000575,0.0,190094.3107,675971.8563,"M1-KS-LOD, M1-LOD-KS",Metro,6,0.243751
51111,4,6,0.000666,0.011976,0.00079,0.0,218340.0342,628809.812,"LRT31, LRT32, LRT71, LRT72, LRT81, LRT82",LRT,5,0.243651
523017,2,2,0.025852,0.019544,0.000575,0.0,183677.6548,669502.2614,"Me03-L, Me03-R",Metro,6,0.243534
511070,4,4,0.012209,0.014687,0.000635,0.0,167374.704,635701.2971,"L1-N, L1-S, L2-N, L2-S",LRT,5,0.243355
525069,2,2,0.022174,0.01896,0.000631,0.0,181722.0678,653014.474,"BluRT1, BluRT2",BRT,4,0.243169
522009,2,2,0.005517,0.019717,0.00063,0.0,183740.7005,664644.4053,"Me02-E, Me02-W",Metro,6,0.243049
525235,2,2,0.008019,0.01979,0.000615,0.0,182933.5777,669013.7681,"Yelw-N, Yelw-S",BRT,4,0.243042
512042,2,2,0.015473,0.019697,0.000596,0.0,180566.117,670967.818,"Grn2-N, Grn2-S",LRT,5,0.242995
525030,3,2,0.006097,0.017675,0.000653,1e-06,182456.7945,644357.21,"BluRT1, BluRT2",BRT,4,0.242954
512240,3,1,0.034123,0.017065,0.00065,0.0,175107.2003,642630.0976,Light-Blue_S,LRT,5,0.24292
36509,5,3,0.001116,0.011731,0.00045,0.089699,201823.9626,745179.1828,"m0120a, m0220a, m0720a",BRT,4,0.242875
515038,2,4,0.001049,0.018292,0.000655,0.0,189673.983,650107.7694,"BRT1-1, BRT1-2, BRT2-1, BRT2-2",BRT,4,0.242659
512121,4,2,0.018502,0.014723,0.000703,0.0,167489.2027,635902.655,"RedN, RedS",LRT,5,0.242635
522010,2,2,0.005343,0.01967,0.00063,0.0,184538.3359,664717.2943,"Me02-E, Me02-W",Metro,6,0.242611
525319,2,2,0.001246,0.019567,0.000653,2e-06,182718.1555,674265.5121,"Hz-KS1, Hz-KS2",BRT,4,0.24258
522024,2,2,0.001256,0.018101,0.000766,0.0,191706.2066,665586.5332,"Me02-E, Me02-W",Metro,6,0.242539
525062,2,2,0.022578,0.018895,0.000629,0.0,181500.5321,651876.7862,"BluRT1, BluRT2",BRT,4,0.242462
525316,2,2,0.009811,0.019427,0.000631,0.0,183943.9377,674576.7202,"Hz-KS1, Hz-KS2",BRT,4,0.242359
515019,3,2,0.000644,0.018279,0.00062,0.0,190061.7636,652533.2935,"BRT1-1, BRT1-2",BRT,4,0.242352
36654,6,4,0.003375,0.011723,0.00062,0.000595,198418.4068,748369.7996,"m0110a, m0120a, m0620a, m0710a",BRT,4,0.242337
515022,4,2,0.0,0.01874,0.000453,0.0,179801.8133,652688.481,"BRT1-1, BRT1-2",BRT,4,0.242287
522013,2,2,0.010279,0.019117,0.000653,0.0,187915.5416,665083.653,"Me02-E, Me02-W",Metro,6,0.242236
512234,3,2,0.014815,0.017829,0.000604,0.0,180373.9268,645021.3425,"Turquoise_N, Turquoise_S",LRT,5,0.242166
512180,2,4,0.0859,0.013287,0.000739,0.0,162562.9388,622704.0758,"Orange_N, Orange_S, RedN, RedS",LRT,5,0.242091
400021,2,4,0.085635,0.018233,0.000355,2.8e-05,187341.7287,686894.0381,"rail_11_1, rail_11_2, rail_14_1, rail_14_2",Suburban Rail,6,0.242061
511237,2,4,0.00859,0.016884,0.000733,0.0,188034.4964,690827.3789,"LRT141, LRT142, LRT151, LRT152","BRT, LRT",5,0.242055
512185,4,4,0.000186,0.014965,0.000644,0.0,168096.1364,631645.4903,"Orange_N, Orange_S, RedN, RedS",LRT,5,0.241914
525336,2,2,0.008106,0.018481,0.000707,0.0,191662.8229,664318.6503,"BBEld1, BBEld2",BRT,4,0.241911
511239,2,4,0.010959,0.017182,0.000699,0.0,187981.4771,689738.2506,"LRT141, LRT142, LRT151, LRT152","BRT, LRT",5,0.241739
512034,2,3,0.007619,0.019203,0.000602,0.0,178940.11,656234.053,"Grn1-N, Grn1-S, Grn3-N",LRT,5,0.241643
525290,3,2,0.005906,0.017322,0.00067,0.0,194097.4916,675984.1291,"Hz-KS1, Hz-KS2",BRT,4,0.241643
515027,2,2,0.021196,0.018777,0.000636,0.0,182416.6575,652252.8062,"BRT1-1, BRT1-2",BRT,4,0.241612
511264,3,2,0.031911,0.017462,0.000566,0.0,190516.4147,687589.5741,"LRT-L1, LRT-L2",LRT,5,0.241407
525236,2,2,0.007862,0.019749,0.000605,0.0,183252.5162,669778.6284,"Yelw-N, Yelw-S",BRT,4,0.241352
511040,3,2,0.0,0.017716,0.000658,0.0,180375.2796,644543.9857,"L1-N, L1-S",LRT,5,0.241331
525061,2,2,0.021998,0.018803,0.000628,0.0,181547.7993,651319.3156,"BluRT1, BluRT2",BRT,4,0.241262
525327,2,2,0.002511,0.017895,0.000767,0.0,196172.3842,662171.6523,"BBEld1, BBEld2",BRT,4,0.241167
525242,2,2,0.012628,0.019516,0.000604,0.0,181678.0259,659536.742,"Yelw-N, Yelw-S",BRT,4,0.241081
512274,2,4,0.091765,0.01429,0.000632,0.0,166549.8923,627843.2841,"Orange_N, Orange_S, RedN, RedS",LRT,5,0.241021
36738,5,3,0.00057,0.011252,0.000841,1e-06,202909.7984,742403.9488,"m0810a, m0910a, m0920a",BRT,4,0.240996
51006,3,5,0.02367,0.011954,0.000872,0.0,221854.4309,635734.1979,"LRT10, LRT11, LRT12, LRT51, LRT52",LRT,5,0.240952
36195,4,5,0.00256,0.011673,0.000834,0.000167,198044.964,748442.5348,"m0110a, m0120a, m0620a, m0710a, m0720a",BRT,4,0.240945
522014,2,2,0.009058,0.018777,0.000673,0.0,188567.2219,665808.4525,"Me02-E, Me02-W",Metro,6,0.240848
511074,3,2,0.009392,0.017585,0.000631,0.0,179768.7488,644310.2054,"L1-N, L1-S",LRT,5,0.240845
515073,3,2,0.002084,0.017982,0.000625,0.0,185261.883,649275.7955,"BRT2-1, BRT2-2",BRT,4,0.240684
51129,3,6,0.013781,0.012048,0.000848,0.0,216334.6361,629925.1281,"LRT11, LRT12, LRT21, LRT22, LRT81, LRT82",LRT,5,0.240654
512071,2,2,0.002401,0.019234,0.000658,0.0,182198.9523,655917.4024,"Grn2-N, Grn2-S",LRT,5,0.240563
523004,2,2,0.004033,0.019353,0.000643,0.0,179684.657,657599.9577,"Me03-L, Me03-R",Metro,6,0.240561
32004,5,2,0.005207,0.011254,0.00087,3e-06,202899.5876,742138.4094,"c001, c002",Cable Line,3,0.240534
511078,2,4,0.041356,0.016193,0.000658,0.0,173433.1145,639934.3115,"L1-N, L1-S, L2-N, L2-S",LRT,5,0.240492
515007,2,2,0.010096,0.018262,0.000706,0.0,185154.9356,651412.2333,"BRT2-1, BRT2-2",BRT,4,0.240442
500031,3,4,0.011252,0.012131,0.000945,0.0,179296.6453,612239.281,"BRT_Blue_E, BRT_Blue_W, BRT_Pink_E, BRT_Pink_W",BRT,4,0.240155
512060,2,2,0.015715,0.019728,0.000569,0.0,180441.682,670585.112,"Grn2-N, Grn2-S",LRT,5,0.240053
511238,2,4,0.009774,0.017015,0.000702,0.0,188003.8049,690345.295,"LRT141, LRT142, LRT151, LRT152","BRT, LRT",5,0.240036
512238,3,1,0.03407,0.017063,0.000626,0.0,175520.4891,642438.3487,Light-Blue_S,LRT,5,0.239912
512064,2,2,0.001256,0.019333,0.00065,0.0,185202.4893,669104.4795,"Grn1-N, Grn1-S",LRT,5,0.239911
521011,2,2,0.05303,0.018979,0.000493,0.0,180893.9289,653638.3292,"M1-RA-RE, M1-RE-RA",Metro,6,0.239802
525032,3,2,8.2e-05,0.017777,0.000641,1e-06,182369.9365,644705.2679,"BluRT1, BluRT2",BRT,4,0.239773
525315,2,2,0.008803,0.019222,0.00063,0.0,184588.6286,674449.339,"Hz-KS1, Hz-KS2",BRT,4,0.239747
525493,3,1,0.016322,0.017086,0.000682,0.0,182602.7611,641671.7262,RH-GY1,BRT,4,0.239279
511004,2,2,0.007518,0.018637,0.000676,0.0,188048.661,666473.113,"Red-N, Red-S",LRT,5,0.239238
512003,2,2,0.002954,0.019598,0.000616,0.0,183988.0251,668284.1754,"Grn1-N, Grn1-S",LRT,5,0.239039
512048,2,2,0.008312,0.01945,0.000608,0.0,180516.48,657997.496,"Grn2-N, Grn2-S",LRT,5,0.239003
511046,3,4,0.033041,0.015093,0.000628,0.0,168996.4743,637419.2035,"L1-N, L1-S, L2-N, L2-S",LRT,5,0.23898
525334,2,2,0.00929,0.018796,0.000655,0.0,193500.3275,663807.2727,"BBEld1, BBEld2",BRT,4,0.238933
513027,2,4,0.001256,0.017819,0.00066,0.0,190599.7167,659260.6519,"Mgt2-E, Mgt2-W, Mgt3-E, Mgt3-W",LRT,5,0.238834
511049,4,2,0.023717,0.014949,0.000636,0.0,168251.6029,631890.6357,"L1-N, L1-S",LRT,5,0.238822
525335,2,2,0.008669,0.01859,0.000671,0.0,192324.355,664071.7761,"BBEld1, BBEld2",BRT,4,0.238685
525241,2,2,0.012553,0.019492,0.000585,0.0,181056.2507,658922.5745,"Yelw-N, Yelw-S",BRT,4,0.238444
511092,3,4,0.008124,0.014413,0.000764,0.0,166272.4105,633689.4273,"L1-N, L1-S, L2-N, L2-S",LRT,5,0.23843
521075,2,2,0.00559,0.017885,0.000733,0.0,191974.3957,675679.5264,"M1-KS-LOD, M1-LOD-KS",Metro,6,0.238151
521042,2,2,0.015529,0.018324,0.000663,2e-06,181309.4526,646968.3349,"M1-RA-RE, M1-RE-RA",Metro,6,0.238121
36156,3,4,0.01125,0.011176,0.001002,0.0,204814.4885,741891.1676,"m0510a, m0520a, m0610a, m0620a",BRT,4,0.238091
36108,2,8,0.000423,0.011406,0.000957,0.000432,205103.4615,745000.9238,"m0110a, m0120a, m0210a, m0220a, m0310a, m0320a, m0410a, m0820a",BRT,4,0.238064
525314,2,2,0.007943,0.019099,0.000629,0.0,184890.5497,674807.403,"Hz-KS1, Hz-KS2",BRT,4,0.237988
525017,3,2,0.002212,0.017242,0.00066,0.0,183059.3005,642616.6148,"BluRT1, BluRT2",BRT,4,0.237964
36598,4,2,0.005016,0.014,0.000769,0.0,194726.2493,713821.073,"brt061, brt062",BRT,4,0.237945
512237,3,1,0.034887,0.017065,0.000606,0.0,175763.3131,642129.8639,Light-Blue_S,LRT,5,0.237781
512120,2,4,0.090792,0.013963,0.000635,0.0,165611.9911,625946.5595,"Orange_N, Orange_S, RedN, RedS",LRT,5,0.237728
511043,2,4,0.04052,0.016111,0.000645,0.0,172965.1603,639846.435,"L1-N, L1-S, L2-N, L2-S",LRT,5,0.237673
36336,5,6,0.003436,0.011603,0.000608,0.005207,200629.6863,746949.7122,"m0110a, m0120a, m0210a, m0620a, m0710a, m0920a",BRT,4,0.237661
511268,2,2,0.045567,0.019703,0.000441,0.0,185149.0609,663984.1206,"LRT-L1, LRT-L2",LRT,5,0.237004
512181,2,4,0.086882,0.01335,0.00069,0.0,162996.7864,622840.2668,"Orange_N, Orange_S, RedN, RedS",LRT,5,0.236994
34011,4,4,0.092956,0.010778,0.000599,2.1e-05,210978.2596,747241.5994,"lrt01, lrt02, lrt03, lrt04",LRT,5,0.23657
150274,4,1,0.0,0.018778,0.000453,0.0,179974.8108,652760.5982,BRT1-2,BRT,4,0.236489
512236,2,2,0.012595,0.018139,0.000675,4e-06,180910.7438,646157.298,"Turquoise_N, Turquoise_S",LRT,5,0.23648
525332,2,2,0.008761,0.018713,0.000643,0.0,194506.871,663269.4867,"BBEld1, BBEld2",BRT,4,0.23644
511265,2,2,0.029762,0.019005,0.000546,0.0,186420.3564,669938.717,"LRT-L1, LRT-L2",LRT,5,0.236426
36230,2,4,0.018926,0.015782,0.000737,2e-06,191305.2664,705179.2716,"brt051, brt052, brt061, brt062",BRT,4,0.236399
51232,4,4,0.015701,0.012199,0.000757,0.0,221324.7813,630656.0849,"LRT61, LRT62, LRT71, LRT72",LRT,5,0.235949
512190,3,4,0.005191,0.014689,0.000732,0.0,167139.0972,632577.3297,"Orange_N, Orange_S, RedN, RedS",LRT,5,0.235697
525019,2,2,0.002845,0.017318,0.000767,0.0,182983.418,643102.6386,"BluRT1, BluRT2",BRT,4,0.235657
525328,2,2,0.003764,0.018014,0.000707,0.0,195812.201,662076.1858,"BBEld1, BBEld2",BRT,4,0.235436
511079,2,4,0.039682,0.016014,0.000637,0.0,172401.6213,639860.3351,"L1-N, L1-S, L2-N, L2-S",LRT,5,0.23533
500237,4,4,0.013113,0.011827,0.000789,0.0,177037.9574,615141.3485,"BRT_Blue_E, BRT_Blue_W, BRT_Pink_E, BRT_Pink_W",BRT,4,0.235166
512195,3,2,0.020469,0.014793,0.000764,0.0,167728.4028,636276.5735,"RedN, RedS",LRT,5,0.235153
512047,2,2,0.008151,0.019424,0.000577,0.0,180167.985,658411.391,"Grn2-N, Grn2-S",LRT,5,0.234735
525092,2,2,0.011338,0.019245,0.000579,0.0,183151.9116,658906.1788,"Me03-L, Me03-R",Metro,6,0.234689
51106,4,4,0.028338,0.012456,0.000682,0.0,220661.1561,632190.1368,"LRT61, LRT62, LRT71, LRT72",LRT,5,0.234678
36158,3,4,0.012492,0.011243,0.000965,4e-06,204397.845,742231.7909,"m0510a, m0520a, m0610a, m0620a",BRT,4,0.234616
512043,2,2,0.015962,0.019758,0.000522,0.0,180317.261,670202.422,"Grn2-N, Grn2-S",LRT,5,0.234611
512183,2,4,0.087862,0.013419,0.000662,0.0,163485.5812,622908.0642,"Orange_N, Orange_S, RedN, RedS",LRT,5,0.234563
525331,2,2,0.007514,0.018565,0.000644,0.0,194618.0878,662853.2443,"BBEld1, BBEld2",BRT,4,0.234544
511209,2,4,0.013117,0.01642,0.000693,0.0,186615.2424,691688.3765,"LRT121, LRT122, LRT151, LRT152",LRT,5,0.234535
525338,2,2,0.007292,0.018356,0.00066,0.0,191539.4518,665228.4806,"BBEld1, BBEld2",BRT,4,0.234429
511002,2,2,0.006665,0.018483,0.00065,0.0,189158.707,666825.164,"Red-N, Red-S",LRT,5,0.234067
36641,4,3,0.002509,0.010982,0.000932,0.0,205772.5396,740614.067,"m0510a, m0520a, m0620a",BRT,4,0.234049
523000,2,2,0.001256,0.018598,0.000659,0.0,175744.2743,657286.4431,"Me03-L, Me03-R",Metro,6,0.233958
512078,2,4,0.089817,0.013568,0.000638,0.0,163951.3206,623831.4349,"Orange_N, Orange_S, RedN, RedS",LRT,5,0.233913
511275,2,2,0.036027,0.017802,0.000598,0.0,178440.2456,647719.2078,"LRT-L1, LRT-L2",LRT,5,0.233899
512184,2,4,0.08884,0.013494,0.000647,0.0,163800.639,623334.1864,"Orange_N, Orange_S, RedN, RedS",LRT,5,0.233885
500046,3,4,0.018036,0.01201,0.000879,0.0,178068.3307,613792.7108,"BRT_Blue_E, BRT_Blue_W, BRT_Pink_E, BRT_Pink_W",BRT,4,0.233779
511080,2,4,0.038844,0.015936,0.000633,0.0,171942.715,639871.6544,"L1-N, L1-S, L2-N, L2-S",LRT,5,0.233728
525312,2,2,0.00429,0.018826,0.000628,0.0,185957.119,674956.1604,"Hz-KS1, Hz-KS2",BRT,4,0.233616
512061,2,2,0.003896,0.01975,0.000556,0.0,183472.6395,668188.2096,"Grn1-N, Grn1-S",LRT,5,0.233393
525330,2,2,0.006266,0.018359,0.000655,0.0,194783.0884,662267.3749,"BBEld1, BBEld2",BRT,4,0.233335
1005,3,8,0.0211,0.01068,0.000771,5e-06,209065.7795,750548.0003,"R1001-1, R1001-2, R321-1, R321-2, R322-1, R322-2, R329-1, R329-2",BRT,4,0.233325
500222,3,4,0.012492,0.012184,0.000881,0.0,178977.3649,612406.3237,"BRT_Blue_E, BRT_Blue_W, BRT_Pink_E, BRT_Pink_W",BRT,4,0.233277
34083,5,4,9.7e-05,0.01159,0.000693,0.002876,200689.2724,747034.7641,"lrt03, lrt04, lrt07, lrt08",LRT,5,0.233155
400510,2,4,0.018784,0.018414,0.000505,0.0,190881.0535,675214.9661,"rail_17_1, rail_17_2, rail_20_1, rail_20_2",Suburban Rail,6,0.233
511005,2,2,0.008154,0.018724,0.000617,0.0,187573.701,666547.164,"Red-N, Red-S",LRT,5,0.232942
500071,3,4,0.014467,0.012352,0.000858,0.0,164622.9547,619321.0596,"BRT_Blue_E, BRT_Blue_W, BRT_Pink_E, BRT_Pink_W",BRT,4,0.232885
525329,2,2,0.005016,0.01816,0.000671,0.0,195371.1299,662150.4079,"BBEld1, BBEld2",BRT,4,0.232879
511269,2,2,0.042929,0.019274,0.000447,0.0,183689.52,659067.6602,"LRT-L1, LRT-L2",LRT,5,0.232359
36053,4,3,0.015859,0.011376,0.00084,0.0,201757.8601,742814.9516,"m0810a, m0910a, m0920a",BRT,4,0.23228
51010,3,5,0.027329,0.012215,0.000769,0.0,222068.2869,634041.8656,"LRT10, LRT11, LRT12, LRT51, LRT52",LRT,5,0.232271
525288,2,2,0.002511,0.01698,0.000767,0.0,195188.3127,676319.9603,"Hz-KS1, Hz-KS2",BRT,4,0.232221
512082,3,2,0.004979,0.016868,0.000633,0.0,175589.8201,640536.7641,"Turquoise_N, Turquoise_S",LRT,5,0.23218
525311,2,2,0.003211,0.018726,0.000628,0.0,186285.2766,674998.6059,"Hz-KS1, Hz-KS2",BRT,4,0.232155
511169,3,2,0.020471,0.018428,0.000457,0.0,189322.2617,678333.1823,"LRT151, LRT152",LRT,5,0.232141
511081,2,4,0.038004,0.015841,0.00063,0.0,171380.1295,639885.531,"L1-N, L1-S, L2-N, L2-S",LRT,5,0.232095
521074,2,2,0.006831,0.018254,0.000651,0.0,190868.2119,675980.5996,"M1-KS-LOD, M1-LOD-KS",Metro,6,0.232011
514034,2,2,0.005819,0.019533,0.000555,0.0,184048.768,670629.882,"Yelw-N, Yelw-S",BRT,4,0.232006
511097,3,2,0.002176,0.017063,0.000626,0.0,175546.2206,642416.258,"L2-N, L2-S",LRT,5,0.23194
512118,2,3,0.000334,0.01706,0.000716,0.0,177809.9985,642848.2791,"Light-Blue_S, Turquoise_N, Turquoise_S",LRT,5,0.231885
51056,4,6,0.0,0.011865,0.000707,1e-06,215238.824,629378.6201,"LRT11, LRT12, LRT21, LRT22, LRT81, LRT82",LRT,5,0.231798
512249,3,1,0.00071,0.01709,0.000676,0.0,174862.3358,643046.4426,Light-Blue_S,LRT,5,0.231679
512072,2,2,0.006724,0.019054,0.000586,0.0,179115.1281,655688.0907,"Grn1-N, Grn1-S",LRT,5,0.231643
511091,3,4,0.008476,0.014427,0.000705,0.0,166579.3327,634207.7964,"L1-N, L1-S, L2-N, L2-S",LRT,5,0.231301
515117,2,2,0.002511,0.01735,0.00073,0.0,191391.9491,655205.8018,"BRT2-1, BRT2-2",BRT,4,0.231195
512147,3,4,0.006332,0.014785,0.000683,0.0,167567.3338,632338.3461,"Orange_N, Orange_S, RedN, RedS",LRT,5,0.231091
36177,6,3,0.00046,0.011756,0.00059,2.2e-05,196664.7614,748021.7426,"m0110a, m0120a, m0710a",BRT,4,0.231068
525307,2,2,0.007107,0.018439,0.000628,0.0,186505.5507,677168.4873,"Hz-KS1, Hz-KS2",BRT,4,0.231059
51110,3,6,0.003613,0.011977,0.000812,0.0,217902.9481,628912.5213,"LRT31, LRT32, LRT71, LRT72, LRT81, LRT82",LRT,5,0.231054
511055,4,2,0.011621,0.016992,0.000457,2e-06,175737.7894,640972.9208,"L2-N, L2-S",LRT,5,0.230907
525297,2,2,0.0081,0.018361,0.000628,0.0,190082.2638,677602.8011,"Hz-KS1, Hz-KS2",BRT,4,0.230828
516004,2,2,0.002511,0.018544,0.000634,0.0,176380.8357,654954.0398,"ART1-1, ART1-2",LRT,5,0.230807
511208,2,4,0.011919,0.01633,0.000673,0.0,186690.6573,692034.1755,"LRT121, LRT122, LRT151, LRT152",LRT,5,0.23062
521031,2,2,0.001588,0.01837,0.000648,0.0,189172.782,677387.0382,"M1-RA-RE, M1-RE-RA",Metro,6,0.230501
525310,2,2,0.002283,0.018597,0.000628,0.0,186330.471,675444.5839,"Hz-KS1, Hz-KS2",BRT,4,0.230475
51034,4,6,0.0,0.011865,0.000696,1e-06,215238.824,629378.6201,"LRT11, LRT12, LRT21, LRT22, LRT81, LRT82",LRT,5,0.230397
512122,4,2,0.004121,0.014643,0.000662,0.0,167182.3749,635490.1194,"RedN, RedS",LRT,5,0.230368
511230,2,2,0.002511,0.016831,0.000763,0.0,186120.459,687250.0358,"LRT141, LRT142","BRT, LRT",5,0.230325
512162,2,3,0.001142,0.017182,0.000691,0.0,178266.7856,643307.7301,"Light-Blue_S, Turquoise_N, Turquoise_S",LRT,5,0.230213
34082,5,4,0.001455,0.011668,0.000645,0.006094,200953.2653,746297.0227,"lrt03, lrt04, lrt07, lrt08",LRT,5,0.230205
512132,3,4,0.007471,0.014895,0.00066,0.0,168034.4889,632047.0488,"Orange_N, Orange_S, RedN, RedS",LRT,5,0.229793
511044,2,4,0.037163,0.015652,0.000629,0.0,170242.3765,639913.5946,"L1-N, L1-S, L2-N, L2-S",LRT,5,0.229761
512283,3,4,0.01011,0.012049,0.000872,0.0,158263.9702,617431.5775,"Orange_N, Orange_S, RedN, RedS",LRT,5,0.229754
525300,2,2,0.006144,0.018344,0.000628,0.0,188957.3341,678202.4143,"Hz-KS1, Hz-KS2",BRT,4,0.229709
511155,2,2,0.008243,0.017664,0.000672,0.0,192304.8551,678512.3099,"LRT141, LRT142","BRT, LRT",5,0.229621
51035,4,6,0.0,0.011865,0.000688,1e-06,215238.824,629378.6201,"LRT11, LRT12, LRT21, LRT22, LRT81, LRT82",LRT,5,0.229458
511035,5,1,0.00576,0.018293,0.00028,1.6e-05,181498.3442,646303.6858,L1-S,LRT,5,0.22929
525507,3,2,0.001256,0.016373,0.000661,0.0,196473.4578,668148.4975,"BRT-1, BRT-2",BRT,4,0.229221
525309,2,2,0.001539,0.018497,0.000628,0.0,186239.1084,675923.631,"Hz-KS1, Hz-KS2",BRT,4,0.229168
513030,2,2,0.010415,0.019725,0.000501,0.0,185642.258,663347.884,"Mgt1-E, Mgt1-W",LRT,5,0.229149
511119,2,4,0.002511,0.015388,0.000767,0.0,186832.3142,695416.5833,"LRT121, LRT122, LRT151, LRT152",LRT,5,0.229137
525306,2,2,0.006094,0.018282,0.000628,0.0,186594.8217,677728.4528,"Hz-KS1, Hz-KS2",BRT,4,0.229085
515041,3,2,0.002847,0.018154,0.000516,0.0,187521.8818,648649.8381,"BRT2-1, BRT2-2",BRT,4,0.229053
511207,2,4,0.010722,0.016266,0.000669,0.0,186740.4403,692282.2598,"LRT121, LRT122, LRT151, LRT152",LRT,5,0.229013
51152,4,4,0.005415,0.012199,0.000737,0.0,221324.7813,630656.0849,"LRT61, LRT62, LRT71, LRT72",LRT,5,0.228888
511006,2,2,0.009087,0.019032,0.000557,0.0,186613.694,666658.156,"Red-N, Red-S",LRT,5,0.228866
525296,2,2,0.007635,0.018175,0.000629,0.0,190711.5172,677358.6837,"Hz-KS1, Hz-KS2",BRT,4,0.22885
31508,5,4,0.052082,0.011528,0.000479,0.002641,203417.1981,744258.2465,"rail_10_1, rail_10_2, rail_7_1, rail_7_2",Suburban Rail,6,0.228685
18300,4,3,0.005013,0.011035,0.000876,0.0,205518.8141,740975.1256,"m0510a, m0520a, m0620a",BRT,4,0.228621
512046,2,2,0.008272,0.019435,0.000526,0.0,179984.009,658893.889,"Grn2-N, Grn2-S",LRT,5,0.228542
515068,2,2,0.004717,0.018289,0.000627,0.0,183853.2966,652883.3801,"BRT1-1, BRT1-2",BRT,4,0.228465
511075,3,2,0.00459,0.017374,0.000566,0.0,178979.508,643841.9733,"L1-N, L1-S",LRT,5,0.228455
1007,4,6,0.005145,0.010631,0.000758,1e-06,208356.518,751836.2493,"R1002-1, R1002-2, R1003-1, R1003-2, R323-1, R323-2",BRT,4,0.228453
400520,2,4,0.018164,0.01815,0.000492,0.0,192381.8517,674884.2739,"rail_17_1, rail_17_2, rail_20_1, rail_20_2",Suburban Rail,6,0.228442
525301,2,2,0.005217,0.01825,0.000628,0.0,188576.7836,678178.4215,"Hz-KS1, Hz-KS2",BRT,4,0.228381
400402,3,4,0.003091,0.018707,0.000368,4e-06,185387.2905,656439.1846,"rail_16_1, rail_16_2, rail_5_1, rail_5_2","Interurban Rail, Suburban Rail",7,0.228365
36048,5,3,0.01473,0.012035,0.000628,0.000131,196621.7427,745390.3897,"m0620a, m0710a, m0720a",BRT,4,0.228332
511188,2,2,0.025266,0.017403,0.000622,0.0,190051.4764,687903.1771,"LRT151, LRT152",LRT,5,0.228301
51014,4,5,0.003717,0.012278,0.000682,0.0,221673.3835,632192.2709,"LRT10, LRT11, LRT12, LRT31, LRT32",LRT,5,0.228237
523009,2,2,0.011346,0.019144,0.000534,0.0,185487.9133,659156.1272,"Me03-L, Me03-R",Metro,6,0.228117
511069,3,4,0.009399,0.014498,0.000669,0.0,166812.613,634610.1862,"L1-N, L1-S, L2-N, L2-S",LRT,5,0.227899
467821,4,6,0.004014,0.00843,0.000929,0.0,179844.3075,572657.6222,"4.3_Ofakim-TelSheva, 4.3_TelSheva-Ofakim, 4.4_Bee'rSheva-Rahat_Main, 4.4_Rahat-Bee'rSheva_Main, 4.5_Bee'rSheva-Rahat, 4.5_Rahat-Bee'rSheva",LRT,5,0.227898
515116,2,2,0.003764,0.017991,0.000649,0.0,190964.787,653191.2072,"BRT2-1, BRT2-2",BRT,4,0.22784
511276,2,2,0.035411,0.017421,0.000581,0.0,177846.8205,645719.422,"LRT-L1, LRT-L2",LRT,5,0.227804
525210,2,2,0.007171,0.017155,0.000701,0.0,184311.9518,644797.1337,"East-N, East-S",LRT,5,0.227783
525305,2,2,0.00514,0.018186,0.000628,0.0,186972.1279,677787.0657,"Hz-KS1, Hz-KS2",BRT,4,0.227725
511189,2,2,0.025106,0.01739,0.000617,0.0,189995.8071,687590.2236,"LRT151, LRT152",LRT,5,0.227492
511082,2,4,0.036322,0.015467,0.000628,0.0,170230.4202,638770.6716,"L1-N, L1-S, L2-N, L2-S",LRT,5,0.227474
525289,2,2,0.003764,0.017193,0.000707,0.0,194530.441,675998.4401,"Hz-KS1, Hz-KS2",BRT,4,0.227344
512230,3,1,0.034372,0.017021,0.000528,1e-06,175694.2805,641443.8397,Light-Blue_S,LRT,5,0.227265
511094,3,2,0.014144,0.014782,0.000723,0.0,167535.6171,632316.369,"L1-N, L1-S",LRT,5,0.227204
525302,2,2,0.004404,0.018144,0.000628,0.0,188357.1292,677752.1866,"Hz-KS1, Hz-KS2",BRT,4,0.22699
511090,3,4,0.010393,0.014575,0.000652,0.0,167022.4291,635073.3388,"L1-N, L1-S, L2-N, L2-S",LRT,5,0.226887
525294,2,2,0.006894,0.017957,0.000631,0.0,192039.7871,676908.8245,"Hz-KS1, Hz-KS2",BRT,4,0.226742
521038,2,2,0.001139,0.018219,0.000631,0.0,188056.5364,676460.9879,"M1-RA-RE, M1-RE-RA",Metro,6,0.22667
525304,2,2,0.004385,0.018111,0.000628,0.0,187370.9632,677742.2795,"Hz-KS1, Hz-KS2",BRT,4,0.226659
36652,6,3,0.000131,0.010572,0.000648,0.0,208962.6191,751521.5619,"m0110a, m0120a, m0410a",BRT,4,0.226649
525025,2,2,0.004915,0.017534,0.00067,0.0,182600.3096,643899.166,"BluRT1, BluRT2",BRT,4,0.226609
1008,4,6,0.009471,0.010721,0.00072,3e-06,207744.6674,751138.7065,"R1002-1, R1002-2, R1003-1, R1003-2, R323-1, R323-2",BRT,4,0.226516
511089,3,4,0.011299,0.014645,0.00064,0.0,167210.2023,635487.8335,"L1-N, L1-S, L2-N, L2-S",LRT,5,0.226514
36168,3,4,0.021142,0.011458,0.000823,0.007271,203221.2047,743452.4417,"m0510a, m0520a, m0610a, m0620a",BRT,4,0.226446
515067,2,2,0.00396,0.018119,0.000626,0.0,184596.5992,653295.265,"BRT1-1, BRT1-2",BRT,4,0.226362
511190,2,2,0.024967,0.017376,0.000609,0.0,189815.1193,687221.9586,"LRT151, LRT152",LRT,5,0.226283
512270,3,2,0.027995,0.014882,0.000659,0.0,168253.0805,636500.776,"RedN, RedS",LRT,5,0.226244
36187,5,5,0.001826,0.011619,0.000546,0.010965,200563.9498,746780.7944,"m0120a, m0220a, m0610a, m0720a, m0910a",BRT,4,0.2261
525326,2,2,0.001256,0.017775,0.00066,0.0,196544.1025,662236.2896,"BBEld1, BBEld2",BRT,4,0.226089
525303,2,2,0.004074,0.018064,0.000628,0.0,187775.3696,677730.1267,"Hz-KS1, Hz-KS2",BRT,4,0.22606
521036,2,2,0.00073,0.018668,0.000591,0.0,185051.6875,675902.1977,"M1-RA-RE, M1-RE-RA",Metro,6,0.225892
51019,3,5,0.000708,0.012484,0.000791,0.0,220473.9714,632431.6272,"LRT11, LRT12, LRT31, LRT32, LRT9",LRT,5,0.225855
515004,2,2,0.002397,0.01802,0.000635,0.0,185190.0439,649738.1857,"BRT2-1, BRT2-2",BRT,4,0.225791
511045,2,4,0.035487,0.015333,0.000628,0.0,170221.4927,637917.2766,"L1-N, L1-S, L2-N, L2-S",LRT,5,0.225768
525038,2,2,0.00249,0.018026,0.000631,2e-06,182145.557,645482.0427,"BluRT1, BluRT2",BRT,4,0.225457
512067,2,2,0.014318,0.01953,0.000472,0.0,181805.6399,674075.699,"Grn2-N, Grn2-S",LRT,5,0.22543
511125,2,4,0.010006,0.016051,0.000659,0.0,186980.7631,693177.9738,"LRT121, LRT122, LRT151, LRT152",LRT,5,0.22538
36255,3,3,0.011696,0.015234,0.00063,0.0,193424.588,704975.0992,"brt051, brt052, brt061",BRT,4,0.224973
400841,2,8,0.008807,0.012866,0.000709,0.0,162555.7445,620621.0796,"rail_11_1, rail_11_2, rail_12_1, rail_12_2, rail_20_1, rail_20_2, rail_5_1, rail_5_2","Interurban Rail, Suburban Rail",7,0.224788
511083,2,4,0.034656,0.015272,0.000628,0.0,169830.5264,637921.9408,"L1-N, L1-S, L2-N, L2-S",LRT,5,0.224779
515066,2,2,0.003241,0.018004,0.000625,0.0,185152.0025,653575.296,"BRT1-1, BRT1-2",BRT,4,0.224714
511098,3,2,0.002712,0.017066,0.000566,0.0,175758.3289,642149.2876,"L2-N, L2-S",LRT,5,0.224618
512044,2,2,0.01621,0.019811,0.000437,0.0,180151.9268,669541.1182,"Grn2-N, Grn2-S",LRT,5,0.224584
500047,3,4,0.014938,0.011965,0.00082,0.0,178028.6182,614225.9304,"BRT_Blue_E, BRT_Blue_W, BRT_Pink_E, BRT_Pink_W",BRT,4,0.224566
51185,3,4,0.051129,0.012603,0.000641,0.0,219701.6886,633028.2309,"LRT41, LRT42, LRT51, LRT52",LRT,5,0.224365
511191,2,2,0.024937,0.017378,0.000594,0.0,189372.9735,687504.2185,"LRT151, LRT152",LRT,5,0.224357
525293,2,2,0.005653,0.017713,0.000636,0.0,192789.0367,676699.1145,"Hz-KS1, Hz-KS2",BRT,4,0.224329
511229,2,2,0.003764,0.01693,0.000702,0.0,186334.5722,686971.8512,"LRT141, LRT142","BRT, LRT",5,0.224124
525034,2,2,0.001286,0.017883,0.000636,1e-06,182294.1322,645044.247,"BluRT1, BluRT2",BRT,4,0.224051
525239,2,2,0.010188,0.019335,0.000491,0.0,180737.105,656958.4653,"Yelw-N, Yelw-S",BRT,4,0.224039
36421,3,4,0.011776,0.011687,0.000811,0.008924,200513.931,745910.936,"m0320a, m0520a, m0810a, m0820a",BRT,4,0.223835
1027,5,4,0.002636,0.011757,0.000608,1.5e-05,196604.8908,747931.2037,"R327-1, R327-2, R328-1, R328-2",BRT,4,0.223834
516043,4,2,0.011157,0.018541,0.000281,0.0,185118.3527,652872.6019,"ART1-1, ART2-1",LRT,5,0.223687
525478,4,1,0.007598,0.014837,0.000629,0.0,168050.08,636462.5673,RH-GY1,BRT,4,0.223507
36594,3,2,0.008761,0.014171,0.00076,0.0,195588.8625,713712.4707,"brt061, brt062",BRT,4,0.223441
525458,2,2,0.001256,0.018452,0.000587,0.0,175322.9441,655921.6532,"ART2-1, ART2-2",LRT,5,0.223434
511084,2,4,0.033827,0.015172,0.000628,0.0,169173.0703,637911.0024,"L1-N, L1-S, L2-N, L2-S",LRT,5,0.223428
511120,2,4,0.003764,0.015495,0.000708,0.0,186577.2883,695042.878,"LRT121, LRT122, LRT151, LRT152",LRT,5,0.223332
51023,4,4,0.021767,0.012596,0.000603,1e-06,218858.2394,632613.6542,"LRT11, LRT12, LRT21, LRT22",LRT,5,0.223171
515065,2,2,0.002561,0.017892,0.000622,0.0,185463.4019,653007.2402,"BRT1-1, BRT1-2",BRT,4,0.223006
516003,2,2,0.001256,0.018407,0.000587,0.0,176286.0623,654561.8821,"ART1-1, ART1-2",LRT,5,0.222987
51131,3,6,0.008761,0.011938,0.000731,0.0,215635.7519,629709.0358,"LRT11, LRT12, LRT21, LRT22, LRT81, LRT82",LRT,5,0.222782
400470,2,8,0.000115,0.015845,0.000492,1e-06,200655.6509,645373.0965,"rail_18_1, rail_18_2, rail_19_1, rail_19_2, rail_1_1, rail_1_2, rail_20_1, rail_20_2","Interurban Rail, Suburban Rail",7,0.222753
31502,5,2,0.001082,0.011574,0.000716,0.000234,200132.355,746754.533,"s0110a, s0120a",Funicular,2,0.222725
511124,2,4,0.008761,0.015928,0.000651,0.0,187026.6515,693660.3917,"LRT121, LRT122, LRT151, LRT152",LRT,5,0.222595
525292,2,2,0.004412,0.017502,0.000641,0.0,193465.0875,676570.4208,"Hz-KS1, Hz-KS2",BRT,4,0.222346
51100,4,4,0.003693,0.01257,0.000661,1e-06,218633.1908,632765.0626,"LRT31, LRT32, LRT51, LRT52",LRT,5,0.222157
511086,3,4,0.000393,0.014839,0.000629,0.0,167973.8066,636729.3125,"L1-N, L1-S, L2-N, L2-S",LRT,5,0.222128
36592,3,2,0.010006,0.014294,0.000735,2e-06,195755.6703,713127.0792,"brt061, brt062",BRT,4,0.222021
514035,2,2,0.00473,0.019306,0.000496,0.0,184398.6778,671225.8407,"Yelw-N, Yelw-S",BRT,4,0.221983
511037,4,2,0.0,0.018869,0.000281,0.0,177182.782,655287.0318,"Red-N, Red2-N",LRT,5,0.221934
525291,2,2,0.00317,0.017349,0.000653,0.0,193707.4408,676119.749,"Hz-KS1, Hz-KS2",BRT,4,0.221814
511087,3,4,0.000538,0.014782,0.00063,0.0,167772.8988,636295.5702,"L1-N, L1-S, L2-N, L2-S",LRT,5,0.221795
521033,2,2,0.00939,0.019094,0.000494,0.0,185296.5474,673510.1735,"M1-RA-RE, M1-RE-RA",Metro,6,0.221733
525208,2,2,0.029319,0.018265,0.000487,0.0,187766.5931,647838.8406,"East-N, East-S",LRT,5,0.221618
36007,5,2,0.025012,0.01167,0.000587,0.007147,201948.236,744589.5694,"m0910a, m0920a",BRT,4,0.221604
511054,3,1,0.03961,0.017241,0.000447,0.0,174625.3417,644157.0414,L2-S,LRT,5,0.221585
511192,2,2,0.02526,0.017414,0.000567,0.0,188792.3022,687632.8786,"LRT151, LRT152",LRT,5,0.221497
282738,4,2,0.040858,0.012748,0.000608,0.0,160751.6997,620324.3423,"Orange_N, Orange_S",LRT,5,0.221454
521076,2,2,0.004787,0.017391,0.000641,0.0,193619.2961,675353.2425,"M1-KS-LOD, M1-LOD-KS",Metro,6,0.221437
400024,3,2,0.006391,0.018728,0.000398,0.0,179045.6391,651626.124,"rail_20_1, rail_20_2",Suburban Rail,6,0.221426
511088,3,4,0.000707,0.014718,0.000631,0.0,167489.6303,635868.6426,"L1-N, L1-S, L2-N, L2-S",LRT,5,0.221414
525205,2,2,0.01484,0.019056,0.000475,0.0,188446.6806,669378.4672,"East-N, East-S",LRT,5,0.221319
51161,3,4,0.039188,0.012526,0.000662,0.0,218828.5289,632000.2937,"LRT31, LRT32, LRT41, LRT42",LRT,5,0.220935
511228,2,2,0.005016,0.01706,0.00066,0.0,186691.275,686695.7129,"LRT141, LRT142","BRT, LRT",5,0.220786
515115,2,2,0.005016,0.018244,0.000568,0.0,191098.0494,652428.6302,"BRT2-1, BRT2-2",BRT,4,0.22073
512241,2,1,0.000268,0.017068,0.000725,0.0,174987.1961,643596.6565,Light-Blue_S,LRT,5,0.22069
512268,2,2,0.003826,0.016775,0.000686,0.0,175420.1138,640217.7429,"Turquoise_N, Turquoise_S",LRT,5,0.220655
515046,2,2,0.000445,0.017864,0.000613,0.0,185809.0651,648399.0298,"BRT2-1, BRT2-2",BRT,4,0.220594
36157,4,3,0.006254,0.011089,0.000803,0.0,205254.4431,741334.6615,"m0510a, m0520a, m0620a",BRT,4,0.220592
511121,2,4,0.005016,0.015614,0.000673,0.0,186444.444,694567.139,"LRT121, LRT122, LRT151, LRT152",LRT,5,0.220592
511123,2,4,0.007514,0.015803,0.000649,0.0,187088.1613,694159.7273,"LRT121, LRT122, LRT151, LRT152",LRT,5,0.220557
515064,2,2,0.002066,0.017728,0.000617,0.0,186097.3886,652113.6554,"BRT1-1, BRT1-2",BRT,4,0.220549
515069,2,2,0.000167,0.0183,0.000578,0.0,189223.2363,652557.8529,"BRT1-1, BRT1-2",BRT,4,0.220458
51157,4,4,0.033385,0.012121,0.000576,0.0,218858.5769,629300.2407,"LRT31, LRT32, LRT41, LRT42",LRT,5,0.220319
511122,2,4,0.006266,0.015715,0.000657,0.0,186762.9014,694304.4952,"LRT121, LRT122, LRT151, LRT152",LRT,5,0.220207
511277,2,2,0.035001,0.017082,0.000546,0.0,176431.9384,642338.1793,"LRT-L1, LRT-L2",LRT,5,0.219984
51114,3,6,0.003043,0.011912,0.000729,0.0,217646.8639,628517.6118,"LRT31, LRT32, LRT71, LRT72, LRT81, LRT82",LRT,5,0.219754
36197,6,3,0.000363,0.011723,0.000499,0.000595,198417.3315,748367.9931,"m0620a, m0710a, m0720a",BRT,4,0.219683
515061,2,2,0.002216,0.017938,0.000593,0.0,187531.7801,649554.0586,"BRT1-1, BRT1-2",BRT,4,0.219643
36023,5,2,4.3e-05,0.011718,0.000563,0.029769,201563.8635,744797.3272,"m0910a, m0920a",BRT,4,0.219635
525481,3,1,0.031366,0.015068,0.000628,0.0,168947.5194,637258.8102,RH-GY1,BRT,4,0.219505
51104,3,4,0.008761,0.011721,0.00082,0.0,218371.0931,626508.2988,"LRT41, LRT42, LRT61, LRT62",LRT,5,0.219497
31525,4,6,0.003691,0.009713,0.000762,0.000172,216505.9832,757346.703,"rail_1_1, rail_1_2, rail_5_1, rail_5_2, rail_6_1, rail_6_2","Interurban Rail, Suburban Rail",7,0.219471
51053,4,4,0.000462,0.011884,0.000703,0.0,220623.9692,628652.8022,"LRT31, LRT32, LRT81, LRT82",LRT,5,0.219319
511133,3,2,0.005482,0.015845,0.000608,0.0,193381.5963,692027.6401,"LRT141, LRT142","BRT, LRT",5,0.219268
511007,2,2,0.010277,0.019113,0.00047,0.0,186380.707,666685.164,"Red-N, Red-S",LRT,5,0.219207
511109,3,2,0.009648,0.014963,0.00066,0.0,168036.0183,631577.2751,"L2-N, L2-S",LRT,5,0.219011
36445,7,1,0.002156,0.011586,0.000463,0.000216,199967.1982,746538.8798,m0810a,BRT,4,0.218766
51143,4,4,0.0002,0.011922,0.000696,0.0,220366.2108,628898.5752,"LRT71, LRT72, LRT81, LRT82",LRT,5,0.21872
515063,2,2,0.001813,0.017651,0.000609,0.0,186706.8634,651006.1884,"BRT1-1, BRT1-2",BRT,4,0.218662
511132,3,2,0.008147,0.016371,0.000553,0.0,190759.7702,692343.1419,"LRT141, LRT142","BRT, LRT",5,0.218637
511227,2,2,0.006266,0.017097,0.000635,0.0,186806.2811,686639.5071,"LRT141, LRT142","BRT, LRT",5,0.218583
511197,2,2,0.014135,0.017305,0.000591,0.0,188362.1584,689188.0205,"LRT131, LRT132",LRT,5,0.218517
512045,2,2,0.008707,0.019487,0.00044,0.0,179554.856,658908.034,"Grn2-N, Grn2-S",LRT,5,0.218449
525204,2,2,0.014219,0.018775,0.000476,0.0,190456.8504,671050.6155,"East-N, East-S",LRT,5,0.218403
512166,3,4,0.006274,0.011842,0.00081,0.0,157175.6518,616506.9097,"Orange_N, Orange_S, RedN, RedS",LRT,5,0.218285
515003,2,2,0.000673,0.017836,0.000595,0.0,186475.5615,648305.4926,"BRT2-1, BRT2-2",BRT,4,0.218261
511153,2,2,0.007002,0.016792,0.000653,0.0,194199.7766,680813.9975,"LRT141, LRT142","BRT, LRT",5,0.218095
51188,3,4,0.04781,0.012399,0.000617,0.0,220905.1014,633679.6936,"LRT41, LRT42, LRT51, LRT52",LRT,5,0.217942
511186,2,2,0.005037,0.017193,0.000626,0.0,191340.3926,687821.6243,"LRT151, LRT152",LRT,5,0.217765
36661,4,3,0.0,0.01216,0.000717,0.000756,196492.791,744045.7123,"m0110a, m0120a, m0410a",BRT,4,0.217752
36015,4,3,0.002508,0.011718,0.000645,0.024324,201327.4709,744877.836,"m0810a, m0910a, m0920a",BRT,4,0.217687
525480,3,1,0.028471,0.01499,0.000628,0.0,168883.1949,636764.1594,RH-GY1,BRT,4,0.217453
525492,2,1,0.015248,0.016885,0.00066,0.0,182016.6989,641126.9538,RH-GY1,BRT,4,0.217346
511198,2,2,0.01294,0.01706,0.000604,0.0,188414.4585,690056.4453,"LRT131, LRT132",LRT,5,0.217286
515114,2,2,0.00324,0.017991,0.000566,0.0,187582.5694,649358.638,"BRT1-1, BRT1-2",BRT,4,0.217207
525287,2,2,0.001256,0.016834,0.00066,0.0,195653.7336,676539.028,"Hz-KS1, Hz-KS2",BRT,4,0.21689
511196,2,2,0.015337,0.017396,0.000566,0.0,188396.6853,688870.7555,"LRT131, LRT132",LRT,5,0.216774
515118,2,2,0.001256,0.017074,0.00064,0.0,192161.8823,654678.1462,"BRT2-1, BRT2-2",BRT,4,0.21676
515002,2,2,0.001483,0.018011,0.000567,0.0,187270.9564,648249.2303,"BRT2-1, BRT2-2",BRT,4,0.216742
511226,2,2,0.007514,0.017193,0.000609,0.0,186988.8496,686913.2204,"LRT141, LRT142","BRT, LRT",5,0.216737
512108,2,1,0.034509,0.017037,0.000575,0.0,175802.1074,641812.4229,Light-Blue_S,LRT,5,0.216714
525590,2,2,0.002511,0.015904,0.000725,0.0,197334.855,669424.021,"RG-RH1, RH-RG1",BRT,4,0.216572
511193,2,2,0.025888,0.017505,0.000518,0.0,188217.4341,687606.315,"LRT151, LRT152",LRT,5,0.216536
51186,3,4,0.002439,0.012343,0.00077,0.0,221009.7782,633302.6506,"LRT61, LRT62, LRT71, LRT72",LRT,5,0.216494
36898,3,4,0.044486,0.009129,0.000869,0.0,225524.6513,752058.3538,"brt011, brt012, brt021, brt022",BRT,4,0.216218
511199,2,2,0.011752,0.016948,0.000608,0.0,188471.8019,690462.516,"LRT131, LRT132",LRT,5,0.216145
51172,3,4,0.02338,0.012274,0.000699,0.0,221026.0576,631105.6182,"LRT61, LRT62, LRT71, LRT72",LRT,5,0.216141
511067,3,2,0.003757,0.016902,0.000506,0.0,177129.9617,642177.6508,"L1-N, L1-S",LRT,5,0.215943
525595,2,2,0.002511,0.015829,0.000725,0.0,197373.3302,666496.7945,"RG-RH2, RH-RG2",BRT,4,0.215842
525211,2,2,0.006592,0.016952,0.000624,0.0,183544.7125,643582.3557,"East-N, East-S",LRT,5,0.215821
36739,3,3,0.00724,0.011289,0.000877,0.0,202559.0216,742280.5464,"m0810a, m0910a, m0920a",BRT,4,0.215517
511185,2,2,0.003793,0.017007,0.000626,0.0,191945.3667,687599.2907,"LRT151, LRT152",LRT,5,0.215427
511217,2,2,0.020961,0.017147,0.000553,0.0,186389.9757,689071.3197,"LRT121, LRT122",LRT,5,0.215303
400310,4,2,0.004729,0.018486,0.000241,3e-06,188655.301,652700.0346,"rail_5_1, rail_5_2",Interurban Rail,7,0.215269
36862,4,2,0.065579,0.0104,0.000653,0.0,214620.7809,747779.2127,"brt011, brt012",BRT,4,0.215093
511071,3,2,0.013048,0.014688,0.000637,0.0,167123.2436,632559.0114,"L1-N, L1-S",LRT,5,0.215023
31634,4,4,0.011543,0.008544,0.000886,4e-06,227941.8424,725287.4296,"rail_10_1, rail_10_2, rail_7_1, rail_7_2",Suburban Rail,6,0.21461
511225,2,2,0.008761,0.017293,0.000579,0.0,187095.5668,687232.6946,"LRT141, LRT142","BRT, LRT",5,0.214544
51007,2,5,0.024826,0.012017,0.000785,0.0,222136.8319,635379.7362,"LRT10, LRT11, LRT12, LRT51, LRT52",LRT,5,0.214534
511215,2,2,0.019771,0.017023,0.00056,0.0,186466.547,689513.6037,"LRT121, LRT122",LRT,5,0.214422
511200,2,2,0.010564,0.016826,0.000606,0.0,188617.5903,690893.3899,"LRT131, LRT132",LRT,5,0.214189
511184,2,2,0.002547,0.016935,0.000626,0.0,191893.3948,687352.6924,"LRT151, LRT152",LRT,5,0.214185
511118,2,4,0.001256,0.015267,0.000661,0.0,187298.3815,695632.3385,"LRT121, LRT122, LRT151, LRT152",LRT,5,0.214038
511108,2,2,0.008403,0.014848,0.000766,0.0,167562.5072,631801.3372,"L2-N, L2-S",LRT,5,0.213995
511181,2,2,0.00293,0.016962,0.00062,0.0,192619.5877,686807.615,"LRT151, LRT152",LRT,5,0.213844
1026,5,4,0.002028,0.011721,0.000533,2.5e-05,196928.603,748262.2856,"R327-1, R327-2, R328-1, R328-2",BRT,4,0.213772
511182,2,2,0.002528,0.016924,0.000624,0.0,192266.4275,687025.7429,"LRT151, LRT152",LRT,5,0.213756
511180,2,2,0.003334,0.016999,0.000614,0.0,192956.6815,686599.8954,"LRT151, LRT152",LRT,5,0.213668
511219,2,2,0.022167,0.017369,0.000519,0.0,186635.6362,688327.7392,"LRT121, LRT122",LRT,5,0.213652
511232,2,2,0.001256,0.016517,0.000659,0.0,185142.638,686683.7903,"LRT141, LRT142","BRT, LRT",5,0.213602
11236,3,4,0.001256,0.010874,0.000865,0.0,206332.8752,739904.8174,"m0510a, m0520a, m0610a, m0620a",BRT,4,0.213525
511183,2,2,0.002126,0.016891,0.000625,0.0,191906.5568,687018.9999,"LRT151, LRT152",LRT,5,0.213441
512267,2,2,0.001256,0.01656,0.000653,0.0,174937.0562,639596.6151,"Turquoise_N, Turquoise_S",LRT,5,0.213321
511038,3,2,0.007364,0.01958,0.000263,0.0,187197.1079,668208.1821,"Red2-S, Shut-S",LRT,5,0.213264
511179,2,2,0.003736,0.017069,0.000603,0.0,192605.9958,685937.1267,"LRT151, LRT152",LRT,5,0.213095
513029,2,2,0.010387,0.019716,0.000373,0.0,185580.1938,662616.4412,"Mgt1-E, Mgt1-W",LRT,5,0.213026
515060,2,2,0.004333,0.018151,0.000515,0.0,187820.2914,648862.3154,"BRT1-1, BRT1-2",BRT,4,0.212953
467211,5,4,0.011494,0.008486,0.000743,0.0,180565.6727,572305.7775,"4.2_LRT_BRS-Shoket, 4.2_LRT_Shoket-BRS, 4.3_Ofakim-TelSheva, 4.3_TelSheva-Ofakim",LRT,5,0.212832
511195,2,2,0.01655,0.017521,0.000517,0.0,188435.17,688446.765,"LRT131, LRT132",LRT,5,0.212474
51009,2,5,0.02605,0.012109,0.000755,0.0,222277.6546,634749.4966,"LRT10, LRT11, LRT12, LRT51, LRT52",LRT,5,0.212234
511152,2,2,0.005782,0.016374,0.000642,0.0,195372.2991,681849.7469,"LRT141, LRT142","BRT, LRT",5,0.212104
525093,2,1,0.0,0.019487,0.000469,0.0,181110.263,659563.3442,BluRT2,BRT,4,0.212004
511178,2,2,0.004139,0.017128,0.000584,0.0,192307.1711,685380.0182,"LRT151, LRT152",LRT,5,0.211441
512177,3,2,0.064563,0.012956,0.000561,0.0,161741.2663,621111.5761,"Orange_N, Orange_S",LRT,5,0.211417
511201,2,2,0.009378,0.016726,0.000595,0.0,188803.2816,691218.5788,"LRT131, LRT132",LRT,5,0.21133
51130,2,6,0.010006,0.011991,0.000763,0.0,216008.0005,629693.7168,"LRT11, LRT12, LRT21, LRT22, LRT81, LRT82",LRT,5,0.211214
511177,2,2,0.004963,0.017504,0.000548,0.0,190751.185,684980.5162,"LRT151, LRT152",LRT,5,0.210978
511213,2,2,0.018584,0.016905,0.000545,0.0,186549.6856,689939.7037,"LRT121, LRT122",LRT,5,0.210807
511053,3,2,0.0018,0.017151,0.000447,0.0,175034.6407,644058.951,"L2-N, L2-S",LRT,5,0.210127
51228,3,4,0.002447,0.012348,0.000719,0.0,221306.4251,631880.9309,"LRT11, LRT12, LRT31, LRT32",LRT,5,0.210094
51016,3,4,0.002447,0.012348,0.000719,0.0,221306.4251,631880.9309,"LRT11, LRT12, LRT31, LRT32",LRT,5,0.210094
525491,2,1,0.014253,0.016374,0.000644,0.0,180451.5398,639400.0042,RH-GY1,BRT,4,0.209992
512193,3,2,0.003301,0.014573,0.000639,0.0,167003.1484,635067.1655,"RedN, RedS",LRT,5,0.209768
511167,2,2,0.0,0.018534,0.000475,0.0,189786.713,676843.0795,"LRT151, LRT152",LRT,5,0.209718
34063,5,2,0.073441,0.010427,0.000447,0.0,214478.5089,747546.7572,"lrt05, lrt06",LRT,5,0.209706
511224,2,2,0.010006,0.017378,0.000529,0.0,187174.1808,687507.0234,"LRT141, LRT142","BRT, LRT",5,0.209678
511174,2,2,0.00083,0.018204,0.000496,0.0,189192.8671,680398.1843,"LRT151, LRT152",LRT,5,0.209463
525485,3,1,0.010328,0.014973,0.000629,0.0,174785.058,636621.8764,RH-GY1,BRT,4,0.209341
511175,2,2,0.000424,0.018002,0.000511,0.0,189342.8338,682294.7463,"LRT151, LRT152",LRT,5,0.20915
500063,3,4,0.011477,0.011554,0.000739,0.0,174601.4327,617161.2023,"BRT_Blue_E, BRT_Blue_W, BRT_Pink_E, BRT_Pink_W",BRT,4,0.208846
51051,3,4,0.000584,0.012008,0.000742,0.0,220477.3558,629534.1064,"LRT71, LRT72, LRT81, LRT82",LRT,5,0.208806
36647,6,3,0.008436,0.011606,0.000393,0.000314,200107.8199,746445.6889,"m0320a, m0520a, m0820a",BRT,4,0.208686
36141,3,4,0.016899,0.010603,0.000792,0.0,209229.095,751235.658,"m0110a, m0120a, m0410a, m0820a",BRT,4,0.208626
51167,3,4,0.00308,0.012008,0.00073,0.0,220477.3558,629534.1064,"LRT71, LRT72, LRT81, LRT82",LRT,5,0.208409
984885,2,4,0.077008,0.014666,0.000392,9.8e-05,195564.66,705517.463,"rail_10_1, rail_10_2, rail_15_1, rail_15_2",Suburban Rail,6,0.208082
525589,2,2,0.003764,0.016039,0.000641,0.0,196806.7968,669377.0722,"RG-RH1, RH-RG1",BRT,4,0.207901
511163,3,2,0.00592,0.016387,0.000474,0.0,191277.4018,692281.1019,"LRT-L1, LRT141","BRT, LRT",5,0.207893
511085,2,4,0.002106,0.014977,0.000628,0.0,168302.6723,637426.8203,"L1-N, L1-S, L2-N, L2-S",LRT,5,0.207488
525594,2,2,0.003764,0.015993,0.000641,0.0,197443.1289,667144.5909,"RG-RH2, RH-RG2",BRT,4,0.207459
36385,3,2,0.002511,0.011962,0.000825,2e-06,197572.6826,743448.7381,"m0710a, m0720a",BRT,4,0.207357
34084,3,4,0.001105,0.011607,0.000757,0.00054,200114.3528,747604.6954,"lrt03, lrt04, lrt07, lrt08",LRT,5,0.207338
36022,3,3,0.001254,0.011631,0.000778,0.006894,201254.8703,744223.3737,"m0810a, m0910a, m0920a",BRT,4,0.207264
511202,2,2,0.008194,0.016591,0.000574,0.0,189133.6406,691615.785,"LRT131, LRT132",LRT,5,0.206846
30025,3,2,0.014437,0.014079,0.000613,0.0,203424.7927,708721.681,"brt051, brt052",BRT,4,0.206629
511047,2,4,0.001235,0.014913,0.000628,0.0,167943.1245,637214.2168,"L1-N, L1-S, L2-N, L2-S",LRT,5,0.206514
511206,3,2,0.000599,0.016597,0.000463,0.0,186729.7655,691051.3328,"LRT151, LRT152",LRT,5,0.206271
36608,2,2,0.002511,0.013809,0.000802,0.0,193735.3313,713773.8153,"brt061, brt062",BRT,4,0.205808
521002,4,1,0.015007,0.017163,0.00028,0.0,182785.3352,641894.7937,M1-RE-RA,Metro,6,0.205745
36112,2,6,0.000422,0.011258,0.00081,4e-05,206193.7172,745886.6175,"m0110a, m0120a, m0210a, m0220a, m0410a, m0820a",BRT,4,0.20574
282737,3,2,0.042855,0.012816,0.000602,0.0,161180.4936,620418.8534,"Orange_N, Orange_S",LRT,5,0.205567
51180,2,4,0.049942,0.012549,0.000632,0.0,219938.0602,633302.2345,"LRT41, LRT42, LRT51, LRT52",LRT,5,0.205563
512036,2,2,0.003046,0.01869,0.000419,0.0,178635.346,654519.82,"Grn1-N, Grn1-S",LRT,5,0.205535
512123,3,2,0.0024,0.014496,0.000614,0.0,166798.9629,634610.8541,"RedN, RedS",LRT,5,0.205516
36711,3,3,0.001402,0.011253,0.00082,0.0,202933.0111,742694.8566,"m0810a, m0910a, m0920a",BRT,4,0.205477
511058,2,2,0.007159,0.014769,0.000706,0.0,167236.2224,631955.7329,"L2-N, L2-S",LRT,5,0.205107
282739,3,2,0.043953,0.012873,0.00059,0.0,161478.4162,620633.2327,"Orange_N, Orange_S",LRT,5,0.205047
521072,2,1,0.038094,0.019178,0.0003,0.0,186003.0151,659295.532,East-N,LRT,5,0.204709
260147,2,1,0.005164,0.01402,0.000815,0.0,171540.5928,631912.6709,RH-GY2,BRT,4,0.204431
525479,3,1,0.0,0.014913,0.000629,0.0,168628.4324,636447.3708,RH-GY1,BRT,4,0.204181
525469,2,1,0.004424,0.014015,0.000815,0.0,171502.6995,631892.5201,RH-GY2,BRT,4,0.204055
511263,2,2,0.004956,0.015635,0.000636,0.0,198764.1901,682144.5975,"LRT141, LRT142","BRT, LRT",5,0.203757
525591,2,2,0.001256,0.015774,0.000638,0.0,197847.1417,669332.4599,"RG-RH1, RH-RG1",BRT,4,0.203749
51181,2,4,0.048754,0.01249,0.000625,0.0,220331.3639,633362.7131,"LRT41, LRT42, LRT51, LRT52",LRT,5,0.203552
51020,2,5,0.00184,0.012539,0.000737,0.0,220115.1767,632591.4181,"LRT11, LRT12, LRT31, LRT32, LRT9",LRT,5,0.203435
15660,5,1,0.000346,0.011802,0.000597,1.1e-05,196300.5038,747535.409,m0610a,BRT,4,0.203317
525470,3,1,0.003643,0.013956,0.000682,0.0,171021.1324,632074.0353,RH-GY1,BRT,4,0.203162
525596,2,2,0.001256,0.015679,0.000638,0.0,197903.4455,666207.0597,"RG-RH2, RH-RG2",BRT,4,0.20283
511093,3,2,0.011917,0.014588,0.00055,0.0,166670.9978,632815.1981,"L1-N, L1-S",LRT,5,0.202566
511148,2,2,0.004525,0.015553,0.000632,0.0,199185.3725,683046.332,"LRT141, LRT142","BRT, LRT",5,0.202328
511212,2,2,0.0174,0.016683,0.000499,0.0,186599.0956,690774.5926,"LRT121, LRT122",LRT,5,0.202327
15663,5,1,2e-05,0.011756,0.000593,1.4e-05,196633.6915,748020.0438,m0610a,BRT,4,0.202297
512149,2,4,0.008755,0.011996,0.000793,0.0,157942.2802,617240.3797,"Orange_N, Orange_S, RedN, RedS",LRT,5,0.202108
525490,2,1,0.013318,0.015685,0.000638,0.0,178676.8759,636417.222,RH-GY1,BRT,4,0.202089
521080,3,2,0.001644,0.018475,0.00028,1e-06,188679.0952,652736.7345,"M1-LOD-KS, Yelw-N","BRT, Metro",6,0.202014
36606,2,2,0.003764,0.013847,0.000764,0.0,193930.9439,713783.9242,"brt061, brt062",BRT,4,0.201849
512192,3,2,0.001491,0.014426,0.00059,0.0,166562.4535,634215.192,"RedN, RedS",LRT,5,0.201373
984889,3,4,0.021808,0.014957,0.000377,0.000114,195864.0606,710150.6025,"rail_11_1, rail_11_2, rail_12_1, rail_12_2",Suburban Rail,6,0.201332
400570,2,2,0.005126,0.0189,0.000359,0.0,190837.4936,668754.399,"rail_20_1, rail_20_2",Suburban Rail,6,0.201037
31610,3,6,0.023643,0.011101,0.000569,0.000145,206329.0311,747811.2785,"rail_1_1, rail_1_2, rail_3_1, rail_3_2, rail_4_1, rail_4_2",Interurban Rail,7,0.200915
31633,3,4,0.049535,0.00918,0.000725,3.6e-05,219749.9807,728090.351,"rail_10_1, rail_10_2, rail_7_1, rail_7_2",Suburban Rail,6,0.200875
467208,3,6,0.000215,0.008463,0.000856,0.0,180536.9326,572700.3871,"4.2_LRT_BRS-Shoket, 4.2_LRT_Shoket-BRS, 4.4_Bee'rSheva-Rahat_Main, 4.4_Rahat-Bee'rSheva_Main, 4.5_Bee'rSheva-Rahat, 4.5_Rahat-Bee'rSheva",LRT,5,0.200804
51160,2,4,0.038007,0.01246,0.000643,0.0,218592.9083,631622.2123,"LRT31, LRT32, LRT41, LRT42",LRT,5,0.200782
511135,2,2,0.004241,0.015599,0.000617,0.0,194378.8125,691901.887,"LRT141, LRT142","BRT, LRT",5,0.20075
525212,4,1,0.006735,0.017148,0.00027,0.0,182872.3466,641934.3409,East-N,LRT,5,0.200682
51195,3,4,0.003764,0.012141,0.000655,0.0,222517.175,633832.9355,"LRT41, LRT42, LRT71, LRT72",LRT,5,0.200674
511203,2,2,0.007287,0.0165,0.000533,0.0,189224.912,692159.7748,"LRT131, LRT132",LRT,5,0.20039
525489,2,1,0.012468,0.015608,0.000633,0.0,178457.6416,636017.0719,RH-GY1,BRT,4,0.200274
511146,2,2,0.004116,0.015361,0.00063,0.0,200125.8678,685326.0721,"LRT141, LRT142","BRT, LRT",5,0.200012
15901,5,1,0.0,0.011717,0.000576,1.8e-05,196994.6141,748365.9708,m0610a,BRT,4,0.199818
500070,2,4,0.013496,0.011929,0.000762,0.0,168132.0977,618132.1295,"BRT_Blue_E, BRT_Blue_W, BRT_Pink_E, BRT_Pink_W",BRT,4,0.199569
525588,2,2,0.005016,0.016192,0.000556,0.0,196811.2788,668786.1931,"RG-RH1, RH-RG1",BRT,4,0.19923
36588,2,2,0.007662,0.014768,0.000656,2e-06,196474.4904,709612.1373,"brt061, brt062",BRT,4,0.199051
512165,2,4,0.007512,0.011931,0.000778,0.0,157537.7037,617028.7451,"Orange_N, Orange_S, RedN, RedS",LRT,5,0.199008
511107,2,2,0.005961,0.014673,0.000669,0.0,166972.0899,631583.43,"L2-N, L2-S",LRT,5,0.198996
525488,2,1,0.011661,0.015528,0.000631,0.0,178158.0249,635616.3042,RH-GY1,BRT,4,0.198962
36152,5,1,0.025391,0.012142,0.000446,0.000172,196844.9924,744015.0946,m0610a,BRT,4,0.198948
34015,2,6,0.017226,0.01048,0.000757,0.0,213076.2707,746410.3431,"lrt01, lrt02, lrt03, lrt04, lrt05, lrt06",LRT,5,0.198865
511144,2,2,0.003712,0.015269,0.000629,0.0,200490.6641,686478.9498,"LRT141, LRT142","BRT, LRT",5,0.198785
1029,5,4,0.004023,0.012021,0.000382,5.7e-05,196512.356,745416.5693,"R327-1, R327-2, R328-1, R328-2",BRT,4,0.198719
525593,2,2,0.005016,0.016137,0.000556,0.0,197217.2011,667656.8793,"RG-RH2, RH-RG2",BRT,4,0.198702
161460,3,1,0.000732,0.017207,0.000403,0.0,183071.7437,642362.9374,RH-GY1,BRT,4,0.198525
500097,3,2,0.019857,0.01293,0.000618,0.0,161818.9058,620937.6745,"BRT_Blue_E, BRT_Blue_W",BRT,4,0.198447
36144,6,2,0.012103,0.011728,0.000337,0.000522,198869.3532,748448.1122,"m0210a, m0920a",BRT,4,0.198312
512089,3,2,0.02971,0.012626,0.000605,0.0,159971.544,620507.5997,"Orange_N, Orange_S",LRT,5,0.198193
51171,2,4,0.025728,0.012395,0.000671,0.0,220534.1308,631786.0481,"LRT61, LRT62, LRT71, LRT72",LRT,5,0.198165
36213,5,2,0.005206,0.010836,0.000563,0.000131,210465.286,746845.216,"m0210a, m0220a",BRT,4,0.198103
400530,2,2,0.000121,0.018544,0.000381,1e-06,184128.1264,667777.2308,"rail_20_1, rail_20_2",Suburban Rail,6,0.198047
51170,2,4,0.024554,0.012345,0.000677,0.0,220678.8431,631464.7734,"LRT61, LRT62, LRT71, LRT72",LRT,5,0.197922
512288,2,2,0.079583,0.013121,0.00052,0.0,162559.6293,621726.2816,"Orange_N, Orange_S",LRT,5,0.197832
51156,2,4,0.03683,0.012378,0.00063,0.0,218667.8652,631060.416,"LRT31, LRT32, LRT41, LRT42",LRT,5,0.19777
511143,2,2,0.003308,0.015185,0.000628,0.0,199464.4605,686942.9804,"LRT141, LRT142","BRT, LRT",5,0.197644
511164,3,1,0.008582,0.018686,0.000251,0.0,189619.3848,675535.5257,LRT141,BRT,4,0.197426
467202,3,6,0.002612,0.00856,0.000813,0.0,180756.0066,574064.8193,"4.2_LRT_BRS-Shoket, 4.2_LRT_Shoket-BRS, 4.4_Bee'rSheva-Rahat_Main, 4.4_Rahat-Bee'rSheva_Main, 4.5_Bee'rSheva-Rahat, 4.5_Rahat-Bee'rSheva",LRT,5,0.197413
51024,3,4,0.000553,0.011905,0.000657,0.0,220041.7877,628696.3477,"LRT31, LRT32, LRT71, LRT72",LRT,5,0.197162
511099,2,2,0.000154,0.017032,0.000491,0.0,176067.9026,641648.4249,"L2-N, L2-S",LRT,5,0.197139
15443,5,1,0.000812,0.012028,0.000526,6.9e-05,196561.0536,745395.2037,m0610a,BRT,4,0.196883
14579,6,2,0.0,0.011585,0.000378,0.000213,199952.4914,746531.5466,"m0310a, m0510a",BRT,4,0.196566
511142,2,2,0.002904,0.0151,0.000626,0.0,198546.5354,687665.5096,"LRT141, LRT142","BRT, LRT",5,0.196497
512160,2,1,0.002181,0.018111,0.000442,4e-06,181161.4008,645718.398,Light-Blue_S,LRT,5,0.196291
515010,3,1,0.000744,0.018543,0.000281,0.0,185119.385,652886.2747,BRT2-2,BRT,4,0.196235
190170,3,1,0.001233,0.018513,0.000281,0.0,189766.9396,666969.587,BRT-2,BRT,4,0.196227
512151,2,1,0.001248,0.017951,0.000457,1e-06,181259.2131,645061.1818,Light-Blue_S,LRT,5,0.196096
512124,3,2,0.001147,0.014412,0.000547,0.0,166261.618,633703.4619,"RedN, RedS",LRT,5,0.195726
511243,2,2,0.000118,0.01743,0.000448,0.0,187514.1561,688665.0856,"LRT141, LRT142","BRT, LRT",5,0.195642
36522,4,2,0.016606,0.010902,0.00063,4e-06,206873.062,749702.73,"m0310a, m0320a",BRT,4,0.195415
512289,2,2,0.080571,0.013178,0.000491,0.0,162478.8126,622138.0119,"Orange_N, Orange_S",LRT,5,0.195248
511106,2,2,0.004814,0.014587,0.000649,0.0,166719.1597,631227.1167,"L2-N, L2-S",LRT,5,0.195239
511138,2,2,0.003011,0.015015,0.000622,0.0,196817.4566,691230.7654,"LRT141, LRT142","BRT, LRT",5,0.195156
525487,2,1,0.010875,0.015183,0.000629,0.0,175821.3279,635556.2722,RH-GY1,BRT,4,0.194997
51155,2,4,0.035665,0.012294,0.000617,0.0,218707.2208,630461.1341,"LRT31, LRT32, LRT41, LRT42",LRT,5,0.194882
511171,2,2,0.006578,0.016718,0.000469,0.0,190960.7134,690237.0157,"LRT-L1, LRT-L2",LRT,5,0.194146
51189,2,4,0.035904,0.012351,0.000606,0.0,221178.8947,633858.7295,"LRT41, LRT42, LRT51, LRT52",LRT,5,0.194063
511139,2,2,0.002552,0.014865,0.000625,0.0,198889.1491,691047.899,"LRT141, LRT142","BRT, LRT",5,0.193824
51151,2,4,0.001483,0.011743,0.000772,0.0,220278.659,627548.7441,"LRT61, LRT62, LRT81, LRT82",LRT,5,0.193751
525099,2,1,0.0007,0.019743,0.000297,0.0,178959.1235,660947.1801,BluRT2,BRT,4,0.193352
500093,3,2,0.008562,0.012703,0.000635,0.0,160473.6521,620396.4906,"BRT_Blue_E, BRT_Blue_W",BRT,4,0.193348
36511,4,2,0.000313,0.011083,0.000655,2.6e-05,205862.6119,747718.0631,"m0310a, m0320a",BRT,4,0.193191
511162,2,1,0.0,0.018402,0.000402,0.0,190307.7888,676225.5681,LRT142,LRT,5,0.193041
500092,3,2,0.007541,0.012614,0.00064,0.0,159983.279,620718.2959,"BRT_Blue_E, BRT_Blue_W",BRT,4,0.192715
36133,3,4,0.001645,0.010765,0.000704,5e-06,208739.319,749798.555,"m0110a, m0120a, m0410a, m0820a",BRT,4,0.192448
36441,6,1,2.4e-05,0.011606,0.000391,0.000314,200109.5839,746445.1082,m0810a,BRT,4,0.192259
511259,2,2,0.00332,0.016565,0.000477,0.0,188424.7541,691938.3205,"LRT141, LRT142","BRT, LRT",5,0.192227
170132,3,1,0.001072,0.018412,0.000257,1e-06,188865.3434,652849.673,BRT1-1,BRT,4,0.192202
511260,2,2,0.004517,0.016636,0.000467,0.0,188396.0758,691667.1121,"LRT141, LRT142","BRT, LRT",5,0.1922
511105,2,2,0.003675,0.014507,0.000635,0.0,166341.5336,631044.4815,"L2-N, L2-S",LRT,5,0.192165
31504,2,2,0.002511,0.011536,0.00087,3e-05,199678.955,746264.879,"s0110a, s0120a",Funicular,2,0.192106
51107,2,4,0.001268,0.012374,0.00071,0.0,220806.8314,632730.2013,"LRT61, LRT62, LRT71, LRT72",LRT,5,0.192051
36580,2,2,0.006481,0.01451,0.000623,0.0,197741.6821,709778.6071,"brt061, brt062",BRT,4,0.191914
500066,2,4,0.012714,0.011767,0.000715,0.0,169780.3318,617427.1884,"BRT_Blue_E, BRT_Blue_W, BRT_Pink_E, BRT_Pink_W",BRT,4,0.191749
51158,2,4,0.034509,0.012197,0.000601,0.0,219026.6918,629837.9445,"LRT31, LRT32, LRT41, LRT42",LRT,5,0.191398
51125,2,4,0.007514,0.011666,0.000737,0.0,217967.3383,626496.4142,"LRT41, LRT42, LRT61, LRT62",LRT,5,0.191296
511128,2,2,0.003106,0.016292,0.000491,0.0,187807.6012,692460.7231,"LRT131, LRT132",LRT,5,0.191263
51138,3,4,0.002817,0.012011,0.000591,0.0,219279.241,628737.6193,"LRT31, LRT32, LRT71, LRT72",LRT,5,0.19087
512100,3,2,0.009439,0.01268,0.000613,0.0,161634.9641,618756.754,"RedN, RedS",LRT,5,0.190736
32003,2,2,0.003429,0.01135,0.00087,2.6e-05,203142.303,743132.402,"c001, c002",Cable Line,3,0.190702
36217,4,2,0.004338,0.010785,0.000644,2.1e-05,210920.4944,747090.2151,"m0210a, m0220a",BRT,4,0.190677
500096,3,2,0.001331,0.012865,0.000623,0.0,161488.4664,620690.4945,"BRT_Blue_E, BRT_Blue_W",BRT,4,0.190277
500095,3,2,0.001182,0.012808,0.000627,0.0,161195.7345,620471.739,"BRT_Blue_E, BRT_Blue_W",BRT,4,0.19013
15878,6,1,0.00168,0.011724,0.000357,0.000587,198424.8565,748380.6351,m0610a,BRT,4,0.190127
36028,2,3,0.021381,0.011541,0.000735,0.000248,201557.4706,743908.3938,"m0810a, m0910a, m0920a",BRT,4,0.189917
500094,3,2,0.001031,0.012742,0.00063,0.0,160764.7257,620362.4476,"BRT_Blue_E, BRT_Blue_W",BRT,4,0.189793
511205,2,2,0.000745,0.016608,0.000461,0.0,187251.8166,691028.8624,"LRT151, LRT152",LRT,5,0.18952
36011,4,2,0.0,0.011667,0.000573,0.00212,201920.3555,744543.3942,"m0910a, m0920a",BRT,4,0.189471
51025,2,4,0.020541,0.012483,0.000613,0.0,218225.3744,632232.9224,"LRT11, LRT12, LRT21, LRT22",LRT,5,0.189443
511104,2,2,0.00254,0.014405,0.000625,0.0,165876.2707,631323.8916,"L2-N, L2-S",LRT,5,0.189421
525477,2,1,0.00633,0.014778,0.000631,0.0,168060.6392,636190.0648,RH-GY1,BRT,4,0.189289
500109,3,2,0.006602,0.01267,0.000611,0.0,161699.9824,618793.9471,"BRT_Pink_E, BRT_Pink_W",BRT,4,0.189235
525472,2,1,0.001256,0.013737,0.000728,0.0,171628.9108,633045.5369,RH-GY1,BRT,4,0.1891
51026,2,4,0.019316,0.012425,0.000617,0.0,217926.556,631990.1863,"LRT11, LRT12, LRT21, LRT22",LRT,5,0.188826
30003,3,4,0.018678,0.008999,0.000752,0.0,227114.5867,752337.0128,"brt011, brt012, brt021, brt022",BRT,4,0.188761
36051,2,3,0.016734,0.011412,0.000752,0.0,201745.9493,743221.3116,"m0810a, m0910a, m0920a",BRT,4,0.188635
511050,4,1,0.024856,0.015036,0.000274,1e-06,168455.8502,631513.7929,L1-N,LRT,5,0.188569
36860,4,2,0.000261,0.010414,0.00067,0.0,214575.1823,747633.2359,"brt011, brt012",BRT,4,0.188495
51115,3,4,0.001256,0.011707,0.0006,0.0,214412.1176,630165.8881,"LRT11, LRT12, LRT81, LRT82",LRT,5,0.18843
36642,5,1,0.030548,0.012145,0.00034,0.000807,196837.3462,744031.3912,m0410a,BRT,4,0.188343
512150,2,1,0.000321,0.017838,0.000407,0.0,180843.8139,644820.4453,Light-Blue_S,LRT,5,0.188329
500064,2,4,0.011427,0.011582,0.000705,0.0,172373.4585,617207.7558,"BRT_Blue_E, BRT_Blue_W, BRT_Pink_E, BRT_Pink_W",BRT,4,0.188132
525482,2,1,0.003252,0.014833,0.000628,0.0,170135.6257,637459.0783,RH-GY1,BRT,4,0.188059
36709,4,2,0.005337,0.011273,0.000581,1e-06,202738.2963,742315.9752,"m0910a, m0920a",BRT,4,0.18789
36621,2,2,0.001256,0.0136,0.00068,0.0,192695.3078,713368.709,"brt061, brt062",BRT,4,0.187852
500065,2,4,0.012032,0.011623,0.000697,0.0,171710.944,617297.8376,"BRT_Blue_E, BRT_Blue_W, BRT_Pink_E, BRT_Pink_W",BRT,4,0.187796
525476,2,1,0.005088,0.014658,0.000633,0.0,167966.0438,635637.0312,RH-GY1,BRT,4,0.187749
51013,3,3,0.001317,0.012216,0.000604,0.0,221605.1938,632620.9821,"LRT10, LRT11, LRT12",LRT,5,0.187709
51027,2,4,0.018092,0.012347,0.000618,0.0,217608.2954,631580.6006,"LRT11, LRT12, LRT21, LRT22",LRT,5,0.187674
34018,2,6,0.016055,0.010113,0.0007,0.0,216305.7989,744582.5474,"lrt01, lrt02, lrt03, lrt04, lrt05, lrt06",LRT,5,0.187639
500193,3,2,0.004962,0.01224,0.000637,0.0,159437.532,617805.757,"BRT_Pink_E, BRT_Pink_W",BRT,4,0.187569
36906,3,4,0.014971,0.008961,0.000758,0.0,227568.3097,752161.7311,"brt011, brt012, brt021, brt022",BRT,4,0.187537
500027,3,2,0.001263,0.011842,0.00068,0.0,179825.1187,610765.3768,"BRT_Blue_E, BRT_Blue_W",BRT,4,0.187356
51132,2,4,0.001219,0.012412,0.000668,0.0,217620.3003,632770.0367,"LRT31, LRT32, LRT51, LRT52",LRT,5,0.187129
525475,2,1,0.003844,0.014579,0.000638,0.0,167938.2208,635263.3127,RH-GY1,BRT,4,0.187111
51101,2,4,0.00244,0.012469,0.000659,0.0,217986.696,632766.3855,"LRT31, LRT32, LRT51, LRT52",LRT,5,0.187087
515087,2,1,0.0,0.019093,0.0003,0.0,186001.8729,658876.6669,East-S,LRT,5,0.187
31622,3,6,0.010209,0.009903,0.000598,7.5e-05,208101.8459,759252.9231,"rail_2_1, rail_2_2, rail_3_1, rail_3_2, rail_4_1, rail_4_2","HighSpeed Rail, Interurban Rail",8,0.186896
511103,2,2,0.001412,0.014337,0.000614,0.0,165561.131,631513.1464,"L2-N, L2-S",LRT,5,0.186799
463793,3,6,0.015818,0.009462,0.000611,1e-06,180809.9636,586486.6188,"rail_21_1, rail_21_2, rail_3_1, rail_3_2, rail_4_1, rail_4_2",Interurban Rail,7,0.186658
36575,2,2,0.006191,0.014426,0.000589,0.0,198118.405,709139.4126,"brt061, brt062",BRT,4,0.186639
511256,2,1,0.0,0.019309,0.00028,0.0,181165.4739,674631.7671,Me03-R,Metro,6,0.186587
467180,3,4,0.006266,0.008023,0.000854,0.0,188658.801,578137.8485,"4.1_Arad-BS, 4.1_BS-Arad, 4.2_LRT_BRS-Shoket, 4.2_LRT_Shoket-BRS",LRT,5,0.186552
500088,2,2,0.002511,0.012289,0.000767,0.0,158303.7441,621213.8609,"BRT_Blue_E, BRT_Blue_W",BRT,4,0.186507
51121,2,4,0.001256,0.011463,0.000736,0.0,217307.4512,627200.1749,"LRT41, LRT42, LRT61, LRT62",LRT,5,0.186398
512053,2,1,0.002077,0.019186,0.00028,0.0,182486.71,655570.159,Grn2-N,LRT,5,0.186376
36179,5,2,2.3e-05,0.011717,0.00042,2.2e-05,197019.1549,748357.3019,"m0110a, m0710a",BRT,4,0.186353
525474,2,1,0.002599,0.014476,0.000644,0.0,168355.6513,634999.4755,RH-GY1,BRT,4,0.186325
467942,3,4,0.000382,0.008437,0.000839,0.0,180300.5215,576239.165,"4.4_Bee'rSheva-Rahat_Main, 4.4_Rahat-Bee'rSheva_Main, 4.5_Bee'rSheva-Rahat, 4.5_Rahat-Bee'rSheva",LRT,5,0.186128
525483,2,1,0.002445,0.014665,0.000628,0.0,171324.6092,637616.9238,RH-GY1,BRT,4,0.186103
400684,2,2,0.002511,0.012244,0.000767,0.0,203726.654,702041.605,"brt051, brt052",BRT,4,0.186056
513032,2,1,0.00182,0.019607,0.000245,0.0,185960.297,664279.921,Mgt1-W,LRT,5,0.185922
525484,2,1,0.002426,0.014634,0.000628,0.0,172295.3758,636821.4684,RH-GY1,BRT,4,0.185777
51028,2,4,0.016895,0.012242,0.000614,0.0,217285.1545,630909.0808,"LRT11, LRT12, LRT21, LRT22",LRT,5,0.185655
51036,2,4,1e-06,0.012003,0.000692,0.0,222826.9616,633763.1543,"LRT41, LRT42, LRT71, LRT72",LRT,5,0.185636
36482,2,2,0.01125,0.013669,0.000621,0.0,205092.6186,707359.6226,"brt051, brt052",BRT,4,0.185611
51005,2,4,0.010006,0.011869,0.000667,0.0,221790.1412,636334.4803,"LRT11, LRT12, LRT51, LRT52",LRT,5,0.185561
522017,2,1,0.0,0.017626,0.000402,0.0,191189.5004,668548.9086,Me02-W,Metro,6,0.18556
36287,2,2,0.007625,0.014096,0.0006,0.0,201321.1724,708662.6695,"brt051, brt052",BRT,4,0.185449
51123,2,4,0.006266,0.011622,0.000697,0.0,217677.8958,626657.3393,"LRT41, LRT42, LRT61, LRT62",LRT,5,0.185304
36706,5,1,0.002527,0.011719,0.000329,0.029769,201547.3389,744803.0435,m0810a,BRT,4,0.185161
512094,3,2,0.018394,0.012242,0.000569,0.0,159443.3347,617816.8521,"Orange_N, Orange_S",LRT,5,0.184934
51201,2,4,0.001256,0.01139,0.000729,0.0,222589.8108,638366.8763,"LRT11, LRT12, LRT51, LRT52",LRT,5,0.184843
380050,2,2,0.010006,0.013577,0.000627,0.0,204733.5995,707010.1075,"brt051, brt052",BRT,4,0.184841
36513,3,2,0.022663,0.011072,0.000643,2e-05,206224.8364,748087.9574,"m0310a, m0320a",BRT,4,0.184736
36030,2,3,0.020157,0.011516,0.000701,2.9e-05,201751.6652,743899.0864,"m0810a, m0910a, m0920a",BRT,4,0.184729
34054,4,2,0.001823,0.010566,0.000622,0.0,209180.0556,751532.6503,"lrt07, lrt08",LRT,5,0.184631
36285,2,2,0.008073,0.014226,0.000576,0.0,199730.597,708021.0046,"brt051, brt052",BRT,4,0.183997
36050,2,3,0.017745,0.011447,0.000709,0.0,202038.7092,743440.2026,"m0810a, m0910a, m0920a",BRT,4,0.183946
36909,3,4,0.011243,0.008911,0.000746,0.0,228162.9263,751983.468,"brt011, brt012, brt021, brt022",BRT,4,0.183902
467197,3,4,0.04739,0.008651,0.000638,0.0,181887.3474,574400.3369,"4.1_Arad-BS, 4.1_BS-Arad, 4.2_LRT_BRS-Shoket, 4.2_LRT_Shoket-BRS",LRT,5,0.183868
51127,2,4,0.01573,0.012181,0.000607,0.0,216913.0475,630681.5625,"LRT11, LRT12, LRT21, LRT22",LRT,5,0.183703
36907,3,4,0.013732,0.008932,0.000733,0.0,227896.4717,752007.3849,"brt011, brt012, brt021, brt022",BRT,4,0.183568
511056,2,2,0.00029,0.01426,0.000597,0.0,165201.3723,631729.1967,"L2-N, L2-S",LRT,5,0.18347
511059,4,1,0.010698,0.015039,0.000281,1e-06,168373.26,631417.6946,L2-N,LRT,5,0.183174
36031,2,3,0.018933,0.011474,0.000693,3e-06,201943.2728,743639.2665,"m0810a, m0910a, m0920a",BRT,4,0.18281
512284,2,4,0.001256,0.011747,0.000685,0.0,157143.603,615823.4253,"Orange_N, Orange_S, RedN, RedS",LRT,5,0.182774
36090,2,2,0.012492,0.011763,0.000742,0.0,197427.7366,741494.9773,"m0610a, m0620a",BRT,4,0.182725
525471,2,1,0.00168,0.013942,0.00066,0.0,170546.3153,632251.0566,RH-GY1,BRT,4,0.182658
36135,2,4,0.000286,0.010726,0.000766,1e-06,208902.573,750120.775,"m0110a, m0120a, m0410a, m0820a",BRT,4,0.182602
525015,3,1,0.0,0.017171,0.000281,0.0,183112.4137,642110.4345,BluRT1,BRT,4,0.182551
36563,2,2,0.006788,0.014562,0.00054,0.0,197318.8228,708031.7667,"brt061, brt062",BRT,4,0.182183
51004,2,4,0.008761,0.011736,0.000652,0.0,222754.3023,636285.716,"LRT11, LRT12, LRT51, LRT52",LRT,5,0.181893
36903,3,4,0.0,0.008993,0.000764,0.0,227195.046,752319.2534,"brt011, brt012, brt021, brt022",BRT,4,0.181893
51203,2,4,0.002511,0.011497,0.000693,0.0,217052.2547,627166.7199,"LRT41, LRT42, LRT61, LRT62",LRT,5,0.181862
467250,3,4,0.008761,0.008235,0.000791,0.0,185907.232,576459.2698,"4.1_Arad-BS, 4.1_BS-Arad, 4.2_LRT_BRS-Shoket, 4.2_LRT_Shoket-BRS",LRT,5,0.181852
36517,3,2,0.020487,0.010988,0.000633,3e-06,206505.402,748894.563,"m0310a, m0320a",BRT,4,0.181654
51122,2,4,0.005016,0.011569,0.000676,0.0,217321.7928,626827.049,"LRT41, LRT42, LRT61, LRT62",LRT,5,0.181638
31991,2,6,0.02434,0.011298,0.000527,0.000608,205340.8912,746058.4864,"rail_1_1, rail_1_2, rail_3_1, rail_3_2, rail_4_1, rail_4_2",Interurban Rail,7,0.181534
511001,2,1,0.006908,0.018485,0.000278,0.0,189471.314,666887.999,Red-S,LRT,5,0.181386
36912,3,4,0.010006,0.008888,0.000732,0.0,228451.1408,751965.3161,"brt011, brt012, brt021, brt022",BRT,4,0.18137
51124,2,4,0.003764,0.011554,0.000679,0.0,217218.2379,626775.2895,"LRT41, LRT42, LRT61, LRT62",LRT,5,0.181195
36964,4,4,0.0,0.008351,0.000673,0.0,228321.9967,733419.2467,"brt031, brt032, brt041, brt042",BRT,4,0.181008
512242,2,1,0.000813,0.017135,0.000401,0.0,174982.8007,644080.8258,Light-Blue_S,LRT,5,0.180996
34020,2,6,0.014884,0.009883,0.000668,0.0,218607.1612,743688.9334,"lrt01, lrt02, lrt03, lrt04, lrt05, lrt06",LRT,5,0.180846
36504,2,2,0.003764,0.012417,0.000707,0.0,204558.1991,702822.2985,"brt051, brt052",BRT,4,0.180771
51128,2,4,0.014566,0.012132,0.000592,0.0,216611.4224,630483.8463,"LRT11, LRT12, LRT21, LRT22",LRT,5,0.180715
525339,2,1,0.007286,0.018356,0.000281,0.0,191151.9169,665583.5253,BBEld1,BRT,4,0.180662
31597,2,6,0.000228,0.014368,0.000367,0.000189,193200.9984,719746.1943,"rail_10_1, rail_10_2, rail_11_1, rail_11_2, rail_12_1, rail_12_2",Suburban Rail,6,0.180463
400169,2,2,0.008761,0.013103,0.000633,0.0,202165.8746,706208.1705,"brt051, brt052",BRT,4,0.180447
500089,2,2,0.003764,0.012359,0.000707,0.0,158656.114,621508.8941,"BRT_Blue_E, BRT_Blue_W",BRT,4,0.180226
36283,2,2,0.008784,0.014332,0.000535,0.0,199044.7167,707336.9637,"brt051, brt052",BRT,4,0.180177
51193,2,4,0.005016,0.012196,0.000616,0.0,222176.8058,633684.822,"LRT41, LRT42, LRT71, LRT72",LRT,5,0.180172
500072,3,2,0.014503,0.012593,0.000517,0.0,162858.4411,619683.2931,"BRT_Blue_E, BRT_Blue_W",BRT,4,0.180127
51200,2,4,0.002511,0.011433,0.000683,0.0,222273.1027,638280.5573,"LRT11, LRT12, LRT51, LRT52",LRT,5,0.180029
511102,2,2,0.000352,0.014242,0.00057,0.0,165518.0613,632224.0291,"L2-N, L2-S",LRT,5,0.179989
36519,3,2,0.017611,0.010958,0.000631,4e-06,206619.8766,749182.8615,"m0310a, m0320a",BRT,4,0.179932
500206,2,2,1.7e-05,0.011706,0.000766,0.0,158110.4477,616258.3167,"BRT_Pink_E, BRT_Pink_W",BRT,4,0.179684
51003,2,4,0.007514,0.011667,0.000644,0.0,222595.5114,636770.0943,"LRT11, LRT12, LRT51, LRT52",LRT,5,0.179609
44072,2,2,0.064407,0.010371,0.000641,0.0,214888.1624,747684.3833,"brt011, brt012",BRT,4,0.179447
512088,2,2,0.028595,0.012556,0.000595,0.0,159752.3135,620072.1563,"Orange_N, Orange_S",LRT,5,0.179201
500098,2,2,0.017651,0.012861,0.000609,0.0,162297.8451,620995.1231,"BRT_Blue_E, BRT_Blue_W",BRT,4,0.179059
51002,2,4,0.006266,0.011618,0.000645,0.0,222840.256,637035.3864,"LRT11, LRT12, LRT51, LRT52",LRT,5,0.178668
15138,4,1,0.000235,0.011684,0.000542,3.6e-05,197535.6024,748481.9809,m0610a,BRT,4,0.178598
522016,1,2,0.0,0.017754,0.00042,0.0,191993.2278,666628.334,"Me02-E, Me02-W",Metro,6,0.178481
51198,2,4,0.003764,0.011489,0.000662,0.0,222321.0762,637850.7899,"LRT11, LRT12, LRT51, LRT52",LRT,5,0.178449
467205,2,6,0.001403,0.0085,0.000804,0.0,180744.5651,573207.4419,"4.2_LRT_BRS-Shoket, 4.2_LRT_Shoket-BRS, 4.4_Bee'rSheva-Rahat_Main, 4.4_Rahat-Bee'rSheva_Main, 4.5_Bee'rSheva-Rahat, 4.5_Rahat-Bee'rSheva",LRT,5,0.178436
36012,5,1,0.001237,0.01167,0.000375,0.007147,201901.9118,744550.6926,m0810a,BRT,4,0.178359
36024,2,3,2e-06,0.011614,0.000709,0.000835,201151.3547,744288.7095,"m0810a, m0910a, m0920a",BRT,4,0.178214
36143,5,2,0.001589,0.010585,0.000437,1e-06,208826.1171,751690.261,"m0120a, m0320a",BRT,4,0.178148
36493,2,2,0.007514,0.012842,0.000639,0.0,202726.7599,704747.5873,"brt051, brt052",BRT,4,0.178137
36496,2,2,0.005016,0.012554,0.00067,0.0,203866.3968,703369.8325,"brt051, brt052",BRT,4,0.178072
51001,2,4,0.005016,0.01157,0.000647,0.0,222667.6785,637351.8944,"LRT11, LRT12, LRT51, LRT52",LRT,5,0.178002
44070,2,2,0.063233,0.010326,0.000636,0.0,215345.035,747697.1552,"brt011, brt012",BRT,4,0.177861
36495,2,2,0.006266,0.012692,0.000652,0.0,203235.4787,703967.7906,"brt051, brt052",BRT,4,0.177703
36178,5,1,0.004829,0.011759,0.000379,1.4e-05,196642.9376,747994.9773,m0620a,BRT,4,0.177622
31640,2,4,0.050653,0.009919,0.00061,0.000307,211890.9765,731823.0032,"rail_10_1, rail_10_2, rail_7_1, rail_7_2",Suburban Rail,6,0.177572
36374,3,1,0.002511,0.011407,0.000679,0.0,197927.2417,739717.7767,m0620a,BRT,4,0.177379
51015,2,4,0.001679,0.011949,0.000624,0.0,219743.7859,628858.3081,"LRT31, LRT32, LRT71, LRT72",LRT,5,0.177296
36900,2,4,0.019911,0.009046,0.000782,0.0,226536.9767,752266.9043,"brt011, brt012, brt021, brt022",BRT,4,0.176933
36091,2,2,0.013732,0.011819,0.000687,0.0,197149.0716,741797.6517,"m0610a, m0620a",BRT,4,0.176862
36710,2,3,0.002271,0.011279,0.000719,0.0,202702.701,742868.3117,"m0810a, m0910a, m0920a",BRT,4,0.176783
500090,2,2,0.005016,0.012418,0.00067,0.0,159041.0904,621540.6369,"BRT_Blue_E, BRT_Blue_W",BRT,4,0.176783
36858,3,2,0.000261,0.010433,0.000707,0.0,214374.0745,747550.3234,"brt011, brt012",BRT,4,0.17658
36987,5,2,0.009111,0.008368,0.000569,0.0,228296.5929,733132.1364,"brt031, brt032",BRT,4,0.176462
44071,2,2,0.062057,0.01028,0.000631,0.0,215792.0195,747812.9796,"brt011, brt012",BRT,4,0.176374
500091,2,2,0.006266,0.012532,0.000652,0.0,159647.9686,621119.3661,"BRT_Blue_E, BRT_Blue_W",BRT,4,0.176219
467822,3,4,0.01128,0.0084,0.000723,0.0,179045.5717,572843.1643,"4.1_Arad-BS, 4.1_BS-Arad, 4.3_Ofakim-TelSheva, 4.3_TelSheva-Ofakim",LRT,5,0.176045
51108,2,2,0.001256,0.011867,0.00072,0.0,218525.5714,636178.8371,"LRT61, LRT62",LRT,5,0.175944
500099,2,2,0.016582,0.012791,0.000593,0.0,162797.9903,621039.3104,"BRT_Blue_E, BRT_Blue_W",BRT,4,0.175923
511101,2,2,0.001597,0.01436,0.000522,0.0,165831.242,632713.3798,"L2-N, L2-S",LRT,5,0.175617
36431,3,2,0.002268,0.011643,0.000593,0.001205,200299.332,746181.779,"m0310a, m0510a",BRT,4,0.175561
500212,3,2,0.004511,0.012555,0.000517,0.0,162963.879,619414.9341,"BRT_Pink_E, BRT_Pink_W",BRT,4,0.175342
512167,2,2,0.027568,0.01248,0.000572,0.0,159728.7529,619476.7182,"Orange_N, Orange_S",LRT,5,0.175094
51146,2,4,0.00025,0.01169,0.000631,0.0,220094.2321,627204.4842,"LRT61, LRT62, LRT81, LRT82",LRT,5,0.175035
511127,2,2,0.001883,0.016174,0.000375,0.0,187373.3199,692624.3669,"LRT131, LRT132",LRT,5,0.175026
512148,2,2,0.010382,0.012827,0.000605,0.0,162051.0517,619787.9216,"RedN, RedS",LRT,5,0.174949
34064,4,2,0.005339,0.010401,0.000544,0.0,214557.3893,747797.4819,"lrt05, lrt06",LRT,5,0.174834
36870,2,2,0.06088,0.01019,0.00063,0.0,216656.6017,748122.9852,"brt011, brt012",BRT,4,0.174811
512157,2,2,0.00936,0.012763,0.000612,0.0,161929.7086,619326.703,"RedN, RedS",LRT,5,0.174739
34022,2,6,0.013712,0.009492,0.000651,0.0,222017.2528,740801.6228,"lrt01, lrt02, lrt03, lrt04, lrt05, lrt06",LRT,5,0.174391
36639,4,3,0.0,0.011714,0.000406,0.000184,198994.9407,748495.4195,"m0210a, m0220a, m0910a",BRT,4,0.174211
512175,2,2,0.011409,0.01288,0.00059,0.0,162039.2829,620185.2955,"RedN, RedS",LRT,5,0.174129
36018,2,3,2e-06,0.011645,0.000676,0.000418,200992.7498,744555.5595,"m0810a, m0910a, m0920a",BRT,4,0.174113
36093,2,2,0.014971,0.011866,0.000655,1e-06,196941.5525,742064.3231,"m0610a, m0620a",BRT,4,0.173882
34032,2,6,0.004286,0.008362,0.000767,0.0,229561.5225,734144.242,"lrt01, lrt02, lrt03, lrt04, lrt05, lrt06",LRT,5,0.173733
525571,1,2,0.0,0.019044,0.000281,0.0,186203.6869,667454.2289,"RG-RH1, RG-RH2",BRT,4,0.173643
51187,3,2,0.009934,0.012398,0.000496,0.0,220905.1014,633679.6936,"LRT61, LRT62",LRT,5,0.17355
400340,2,2,0.0,0.01762,0.000257,6e-06,183834.2154,648880.1208,"rail_5_1, rail_5_2",Interurban Rail,7,0.173501
1002,4,2,0.006941,0.010784,0.000498,2.2e-05,210911.0354,747143.8408,"R1002-1, R1002-2",BRT,4,0.173434
36872,2,2,0.059701,0.01012,0.000629,0.0,217315.2793,748418.6122,"brt011, brt012",BRT,4,0.173426
36017,2,3,0.001255,0.011676,0.000653,0.002825,201028.7841,744781.9899,"m0810a, m0910a, m0920a",BRT,4,0.17338
32002,2,2,0.004652,0.01146,0.000716,0.000227,202983.3351,743986.6469,"c001, c002",Cable Line,3,0.173195
36175,5,1,0.005812,0.011804,0.000336,1.2e-05,196322.5392,747512.1971,m0620a,BRT,4,0.173088
390202,3,1,0.001252,0.014007,0.000445,0.0,194753.2738,713706.2933,brt062,BRT,4,0.172913
36526,3,2,0.003564,0.010874,0.00063,3e-06,207025.146,749948.381,"m0310a, m0320a",BRT,4,0.172713
512269,3,1,0.026717,0.014949,0.00028,0.0,168625.0708,636722.5884,RedS,LRT,5,0.172677
36097,2,2,0.016208,0.012006,0.000629,7e-06,196915.2315,743061.7686,"m0610a, m0620a",BRT,4,0.172593
44102,2,2,0.05852,0.010073,0.000628,0.0,217766.524,748611.1485,"brt011, brt012",BRT,4,0.172401
500207,2,2,7e-06,0.011726,0.000706,0.0,157934.2532,615704.4327,"BRT_Pink_E, BRT_Pink_W",BRT,4,0.172343
500087,2,2,0.001256,0.01223,0.00066,0.0,158078.8105,620892.2355,"BRT_Blue_E, BRT_Blue_W",BRT,4,0.172034
31505,2,2,0.001256,0.011482,0.000716,4e-06,199496.002,745901.521,"s0110a, s0120a",Funicular,2,0.171789
36529,3,2,0.002381,0.010825,0.00063,1e-06,207314.148,750285.554,"m0310a, m0320a",BRT,4,0.171698
400343,2,2,0.020129,0.01591,0.000303,1.6e-05,190827.895,704944.479,"brt051, brt062",BRT,4,0.171477
36130,2,4,0.000373,0.010839,0.000668,1e-06,208313.98,749012.33,"m0110a, m0120a, m0410a, m0820a",BRT,4,0.17146
512278,2,2,0.012436,0.012923,0.000562,0.0,162272.3653,620395.6758,"RedN, RedS",LRT,5,0.171408
500100,2,2,0.015532,0.012721,0.000566,0.0,163099.5413,620623.9154,"BRT_Blue_E, BRT_Blue_W",BRT,4,0.171384
50111,3,6,0.0,0.012209,0.00033,0.0,221262.9782,630561.3882,"rail_13_1, rail_13_2, rail_14_1, rail_14_2, rail_18_1, rail_18_2",Suburban Rail,6,0.171209
36387,2,2,0.001256,0.011749,0.00069,0.0,197810.9621,741953.5621,"m0710a, m0720a",BRT,4,0.171122
51175,2,2,0.002511,0.011979,0.000668,0.0,218978.1489,635536.7413,"LRT61, LRT62",LRT,5,0.171115
44103,2,2,0.057338,0.010001,0.000628,0.0,218525.3046,748590.6365,"brt011, brt012",BRT,4,0.171099
500225,3,2,0.003763,0.011884,0.000537,0.0,179877.239,611055.4867,"BRT_Pink_E, BRT_Pink_W",BRT,4,0.170984
500049,2,2,0.002492,0.012172,0.000651,0.0,159486.7301,617349.877,"BRT_Pink_E, BRT_Pink_W",BRT,4,0.170866
36534,3,2,0.002287,0.010701,0.000633,0.0,207829.2116,751303.217,"m0310a, m0320a",BRT,4,0.170819
36537,3,2,0.000197,0.010639,0.000643,0.0,208140.0365,751819.4788,"m0310a, m0320a",BRT,4,0.170569
36958,3,2,0.003764,0.008384,0.000805,0.0,229041.1595,758542.0689,"brt021, brt022",BRT,4,0.170538
400681,2,2,0.001256,0.012063,0.00066,0.0,202496.3082,702056.5246,"brt051, brt052",BRT,4,0.170392
36180,5,1,0.001928,0.01172,0.000334,2.1e-05,197000.7984,748340.5705,m0620a,BRT,4,0.170367
36953,4,2,8e-06,0.008398,0.000683,0.0,228615.1584,758679.4134,"brt021, brt022",BRT,4,0.170308
15548,3,1,0.001162,0.011884,0.00059,6e-06,196286.6233,746521.9102,m0610a,BRT,4,0.170275
36125,2,4,0.001367,0.010915,0.000648,0.0,207940.185,748292.695,"m0110a, m0120a, m0410a, m0820a",BRT,4,0.170099
512087,2,2,0.003359,0.012602,0.000608,0.0,161138.8194,618882.0324,"RedN, RedS",LRT,5,0.17001
500208,2,2,0.001244,0.011905,0.000669,0.0,159228.6572,615514.0093,"BRT_Pink_E, BRT_Pink_W",BRT,4,0.170008
500210,2,2,0.002756,0.012451,0.000621,0.0,161077.7072,617509.0189,"BRT_Pink_E, BRT_Pink_W",BRT,4,0.169915
44407,2,2,0.056154,0.009925,0.000628,0.0,219210.3876,748151.5288,"brt011, brt012",BRT,4,0.169804
50118,2,2,0.001256,0.011526,0.000697,0.0,222313.8164,628544.381,"LRT31, LRT32",LRT,5,0.169749
467199,3,4,0.024433,0.008599,0.000611,0.0,181151.6352,574446.0112,"4.1_Arad-BS, 4.1_BS-Arad, 4.2_LRT_BRS-Shoket, 4.2_LRT_Shoket-BRS",LRT,5,0.169718
500209,2,2,0.001563,0.012358,0.00063,0.0,160436.8564,617513.42,"BRT_Pink_E, BRT_Pink_W",BRT,4,0.169627
36121,2,4,0.003639,0.011053,0.000624,0.0,207671.265,747042.802,"m0110a, m0120a, m0410a, m0820a",BRT,4,0.169482
36640,3,2,0.003429,0.011688,0.000505,0.00892,200559.3066,745937.9569,"m0310a, m0510a",BRT,4,0.16944
36123,2,4,0.002456,0.010972,0.000634,0.0,207862.854,747725.587,"m0110a, m0120a, m0410a, m0820a",BRT,4,0.169426
36637,3,2,0.014944,0.011338,0.000526,0.000125,203857.0475,742759.2141,"m0510a, m0520a",BRT,4,0.169279
49021,2,2,0.001413,0.010554,0.000767,0.0,213192.8442,747760.1828,"brt011, brt012",BRT,4,0.169112
36951,4,2,0.010006,0.008411,0.000637,0.0,228705.7295,758514.3708,"brt021, brt022",BRT,4,0.16911
36539,4,2,0.002691,0.010618,0.000491,0.0,208493.7941,751794.3693,"m0310a, m0320a",BRT,4,0.169106
36119,2,4,0.004826,0.011101,0.000613,4e-06,207362.8189,746762.5935,"m0110a, m0120a, m0410a, m0820a",BRT,4,0.169011
521077,2,1,0.004426,0.017343,0.000275,0.0,193991.5292,675765.4979,M1-KS-LOD,Metro,6,0.16885
36743,5,1,0.004215,0.01133,0.000344,0.0,202232.3444,742750.8947,m0910a,BRT,4,0.168766
32005,2,2,0.001256,0.01116,0.000716,0.0,202156.9144,742080.5957,"c001, c002",Cable Line,3,0.168648
51179,2,2,0.003764,0.012078,0.000636,0.0,219411.7977,635004.6508,"LRT61, LRT62",LRT,5,0.168614
500224,2,2,0.005007,0.011945,0.00064,0.0,179850.5588,611488.98,"BRT_Pink_E, BRT_Pink_W",BRT,4,0.168393
512065,1,1,0.0,0.019164,0.000278,0.0,185542.222,669410.353,Grn1-S,LRT,5,0.168259
512133,2,2,0.018412,0.012321,0.000561,0.0,159550.2161,618359.8874,"Orange_N, Orange_S",LRT,5,0.168126
15541,3,1,0.00025,0.011985,0.000568,1.5e-05,196441.631,745715.1641,m0610a,BRT,4,0.168112
34026,2,6,0.012538,0.009005,0.000642,0.0,226850.9578,737063.7153,"lrt01, lrt02, lrt03, lrt04, lrt05, lrt06",LRT,5,0.168001
500211,2,2,0.003248,0.012561,0.000594,0.0,162493.8459,618694.609,"BRT_Pink_E, BRT_Pink_W",BRT,4,0.167878
17328,5,1,6e-06,0.011328,0.000351,0.0,202253.6517,742751.2623,m0810a,BRT,4,0.167813
525324,1,1,0.0,0.019079,0.000281,0.0,180974.7237,673963.4193,Hz-KS1,BRT,4,0.167806
36879,2,2,0.054969,0.009778,0.000627,0.0,220637.4807,748893.0354,"brt011, brt012",BRT,4,0.167764
36636,3,2,0.013706,0.011291,0.000522,1.7e-05,204135.2417,742503.7095,"m0510a, m0520a",BRT,4,0.167762
500205,2,2,0.00127,0.011784,0.00066,0.0,157586.5976,616478.4642,"BRT_Pink_E, BRT_Pink_W",BRT,4,0.167678
36841,2,2,0.033538,0.008926,0.000767,0.0,222541.2355,729746.2564,"brt031, brt032",BRT,4,0.167483
51119,3,2,0.013499,0.011763,0.000484,0.0,218527.8091,626770.4624,"LRT41, LRT42",LRT,5,0.167459
51133,2,4,3.4e-05,0.012361,0.000519,0.0,217268.5096,632730.9842,"LRT31, LRT32, LRT51, LRT52",LRT,5,0.167402
512155,2,2,0.002168,0.012531,0.000596,0.0,160668.7175,618962.4002,"RedN, RedS",LRT,5,0.167379
522018,1,1,0.0,0.019032,0.000281,0.0,177532.4713,659134.6498,Me02-E,Metro,6,0.167347
34031,2,6,0.00547,0.008398,0.000707,0.0,230070.5024,733947.1879,"lrt01, lrt02, lrt03, lrt04, lrt05, lrt06",LRT,5,0.167109
36088,2,2,0.01125,0.011689,0.000627,0.0,197760.9666,741069.9616,"m0610a, m0620a",BRT,4,0.166991
525486,2,1,0.006157,0.014917,0.000441,0.0,174602.8774,636448.4589,RH-GY2,BRT,4,0.16668
36638,3,2,0.016179,0.011386,0.000492,0.000954,203577.8277,743016.4775,"m0510a, m0520a",BRT,4,0.166486
36742,3,2,0.0,0.011236,0.000565,0.0,203032.9194,742541.2873,"m0910a, m0920a",BRT,4,0.166482
51134,3,2,0.011015,0.011913,0.000473,0.0,220842.9603,628657.5158,"LRT61, LRT62",LRT,5,0.166454
36221,2,2,0.002511,0.010717,0.000729,2e-06,211056.702,746513.643,"m0210a, m0220a",BRT,4,0.166443
36514,2,2,0.021502,0.011017,0.000637,3e-06,206394.6773,748616.4046,"m0310a, m0320a",BRT,4,0.166275
51178,2,2,0.005016,0.012215,0.000601,0.0,219827.3462,634166.8661,"LRT61, LRT62",LRT,5,0.166185
51196,2,4,0.001255,0.012076,0.000527,0.0,222680.9901,634247.2956,"LRT41, LRT42, LRT71, LRT72",LRT,5,0.166159
36881,2,2,0.053782,0.009617,0.000626,0.0,222415.9248,748579.4997,"brt011, brt012",BRT,4,0.165594
500035,2,2,7e-06,0.011919,0.000636,0.0,179174.588,611001.6326,"BRT_Blue_E, BRT_Blue_W",BRT,4,0.165461
36746,2,1,0.0,0.011394,0.000726,0.0,197979.3692,739637.1326,m0620a,BRT,4,0.16544
17308,5,1,0.000217,0.011254,0.000337,1e-06,202905.2719,742388.3671,m0810a,BRT,4,0.165434
51038,2,4,0.0,0.012025,0.000527,0.0,223155.955,633358.5783,"LRT41, LRT42, LRT71, LRT72",LRT,5,0.165108
512214,2,2,0.00488,0.012258,0.000589,0.0,158636.3992,619252.4272,"RedN, RedS",LRT,5,0.164977
512178,2,2,0.001254,0.013104,0.000535,0.0,161916.4105,621616.4808,"RedN, RedS",LRT,5,0.164812
43364,2,2,0.052594,0.0096,0.000625,0.0,222589.5134,748676.0097,"brt011, brt012",BRT,4,0.164695
512279,2,2,0.003646,0.01222,0.000593,0.0,158624.96,618993.347,"RedN, RedS",LRT,5,0.164604
1012,4,2,0.001369,0.01098,0.000431,2.4e-05,206498.825,748976.2029,"R323-1, R323-2",BRT,4,0.164454
512276,2,2,0.000267,0.013055,0.000538,0.0,162261.2289,621483.9477,"RedN, RedS",LRT,5,0.164316
34027,2,6,0.011364,0.008722,0.000638,0.0,230709.3592,737105.8772,"lrt01, lrt02, lrt03, lrt04, lrt05, lrt06",LRT,5,0.16425
51225,2,1,0.001256,0.011219,0.000726,0.0,220581.1381,640820.7411,LRT10,LRT,5,0.164243
500073,2,2,0.003315,0.012529,0.000567,0.0,162824.194,619312.4684,"BRT_Pink_E, BRT_Pink_W",BRT,4,0.164176
512213,2,2,0.006114,0.012339,0.00057,0.0,159167.5473,619156.6225,"RedN, RedS",LRT,5,0.163905
34030,2,6,0.006652,0.008431,0.000671,0.0,230519.7442,734154.7924,"lrt01, lrt02, lrt03, lrt04, lrt05, lrt06",LRT,5,0.163424
512164,2,2,0.012535,0.012173,0.000555,0.0,158979.4417,617899.5243,"Orange_N, Orange_S",LRT,5,0.163252
36162,3,2,0.001255,0.011337,0.000526,0.000125,203856.4291,742748.9387,"m0610a, m0620a",BRT,4,0.163203
512156,2,2,0.000981,0.012453,0.000573,0.0,160137.6006,618967.1186,"RedN, RedS",LRT,5,0.163143
36886,2,2,0.051404,0.009494,0.000622,0.0,223707.8473,749175.9891,"brt011, brt012",BRT,4,0.162848
36924,2,4,0.002511,0.008548,0.00077,0.0,232737.4065,751893.0891,"brt011, brt012, brt021, brt022",BRT,4,0.16283
467825,2,4,0.008761,0.008287,0.000768,0.0,177596.0416,573578.1885,"4.1_Arad-BS, 4.1_BS-Arad, 4.3_Ofakim-TelSheva, 4.3_TelSheva-Ofakim",LRT,5,0.16282
36253,3,1,0.0,0.015237,0.000273,0.0,193344.5027,704993.6354,brt062,BRT,4,0.162711
34044,2,6,0.010188,0.008591,0.000639,0.0,232031.6238,735791.7833,"lrt01, lrt02, lrt03, lrt04, lrt05, lrt06",LRT,5,0.162559
512280,2,2,0.002417,0.012148,0.000586,0.0,158429.0226,618535.0417,"RedN, RedS",LRT,5,0.162437
51177,2,2,0.006266,0.012279,0.000562,0.0,220253.4452,634130.6611,"LRT61, LRT62",LRT,5,0.162416
50117,2,2,0.002511,0.011526,0.000634,0.0,222313.8164,628544.381,"LRT31, LRT32",LRT,5,0.162399
51012,2,3,0.000129,0.012111,0.000547,0.0,221528.1936,633366.9097,"LRT10, LRT11, LRT12",LRT,5,0.162365
51039,3,2,0.002492,0.011744,0.000483,0.0,218646.2403,626692.0688,"LRT61, LRT62",LRT,5,0.162353
34029,2,6,0.007832,0.008453,0.000654,0.0,230806.8198,734313.8407,"lrt01, lrt02, lrt03, lrt04, lrt05, lrt06",LRT,5,0.161994
500034,2,2,0.001255,0.01199,0.000599,0.0,178909.1506,611424.035,"BRT_Blue_E, BRT_Blue_W",BRT,4,0.161992
34028,2,6,0.009011,0.008525,0.000642,0.0,231712.9474,734880.0979,"lrt01, lrt02, lrt03, lrt04, lrt05, lrt06",LRT,5,0.161836
500044,2,2,0.019044,0.012082,0.000526,0.0,178536.1191,613302.7774,"BRT_Blue_E, BRT_Blue_W",BRT,4,0.161697
36160,3,2,1.7e-05,0.01129,0.000522,1.7e-05,204133.201,742492.4533,"m0610a, m0620a",BRT,4,0.161687
36955,3,2,0.005016,0.008399,0.000727,0.0,228839.8066,758626.2519,"brt021, brt022",BRT,4,0.161375
512179,2,2,0.002242,0.013162,0.000497,0.0,162044.6429,622022.8943,"RedN, RedS",LRT,5,0.161108
523028,1,1,0.0,0.018382,0.00028,0.0,175288.7556,656846.7334,Me03-L,Metro,6,0.160988
36888,2,2,0.050213,0.009419,0.000617,0.0,224544.1433,749478.3216,"brt011, brt012",BRT,4,0.160972
467925,3,2,0.014602,0.009457,0.000607,0.0,180756.912,586470.4044,"4.4_Bee'rSheva-Rahat_Main, 4.4_Rahat-Bee'rSheva_Main",LRT,5,0.160893
31992,5,2,0.00478,0.010823,0.000266,0.000819,210183.5865,746927.015,"rail_6_1, rail_6_2",Suburban Rail,6,0.160885
500219,2,2,0.002175,0.01194,0.000588,0.0,177355.4753,612082.315,"BRT_Pink_E, BRT_Pink_W",BRT,4,0.160546
500218,2,2,0.001255,0.011897,0.000594,0.0,177238.1111,612478.957,"BRT_Pink_E, BRT_Pink_W",BRT,4,0.160497
500223,2,2,0.006255,0.012028,0.000566,0.0,179987.5131,612055.281,"BRT_Pink_E, BRT_Pink_W",BRT,4,0.160432
500043,2,2,0.019964,0.012109,0.000511,0.0,178661.9339,613091.4627,"BRT_Blue_E, BRT_Blue_W",BRT,4,0.160415
36164,3,2,0.00249,0.011386,0.000492,0.000954,203577.7345,743008.3271,"m0610a, m0620a",BRT,4,0.160411
36656,4,1,0.016163,0.010573,0.000425,0.0,209236.9558,751519.8116,m0820a,BRT,4,0.160206
34033,2,6,0.004142,0.008321,0.00066,0.0,229062.0926,733439.2981,"lrt01, lrt02, lrt03, lrt04, lrt05, lrt06",LRT,5,0.15992
34089,4,2,0.000342,0.012208,0.000279,0.005728,196366.9223,744361.7665,"lrt04, lrt08",LRT,5,0.159914
36040,3,1,0.008891,0.009899,0.000632,9e-06,208144.9038,759246.7785,m0820a,BRT,4,0.159719
51221,2,1,0.002511,0.011281,0.000678,0.0,220579.7418,640329.1651,LRT10,LRT,5,0.159431
467192,2,4,0.010006,0.008327,0.000733,0.0,185010.679,575447.1948,"4.1_Arad-BS, 4.1_BS-Arad, 4.2_LRT_BRS-Shoket, 4.2_LRT_Shoket-BRS",LRT,5,0.159288
15685,4,2,0.0,0.011712,0.000337,0.000184,199006.4001,748506.2894,"m0910a, m0920a",BRT,4,0.159281
34056,2,2,0.00017,0.010477,0.000698,0.0,209981.5051,751385.6982,"lrt07, lrt08",LRT,5,0.159241
500220,2,2,0.00326,0.011983,0.00057,0.0,177717.1015,612176.6902,"BRT_Pink_E, BRT_Pink_W",BRT,4,0.15923
36890,2,2,0.049019,0.009377,0.00061,0.0,224908.0152,749821.44,"brt011, brt012",BRT,4,0.159046
36840,2,2,0.032407,0.00888,0.000707,0.0,222912.3046,730239.9549,"brt031, brt032",BRT,4,0.15903
36737,3,2,0.003156,0.011303,0.000488,0.0,202433.2145,742879.1675,"m0810a, m0910a",BRT,4,0.158951
34068,2,2,0.001599,0.009765,0.000745,0.0,216934.9091,753625.3342,"lrt05, lrt06",LRT,5,0.158819
467824,2,4,0.010006,0.008344,0.000727,0.0,178372.6147,573274.8688,"4.1_Arad-BS, 4.1_BS-Arad, 4.3_Ofakim-TelSheva, 4.3_TelSheva-Ofakim",LRT,5,0.158798
513060,1,2,0.0,0.017516,0.000281,0.0,191564.8597,659355.0756,"Mgt2-W, Mgt3-W",LRT,5,0.158749
467248,2,4,0.020777,0.008584,0.00067,0.0,182379.3839,573614.0194,"4.1_Arad-BS, 4.1_BS-Arad, 4.2_LRT_BRS-Shoket, 4.2_LRT_Shoket-BRS",LRT,5,0.158693
36913,2,4,0.008761,0.008845,0.000692,0.0,228974.9159,751785.7556,"brt011, brt012, brt021, brt022",BRT,4,0.158644
500217,2,2,0.000336,0.011848,0.000586,0.0,177157.8734,612939.3947,"BRT_Pink_E, BRT_Pink_W",BRT,4,0.158606
36373,2,1,0.003764,0.011454,0.000653,0.0,197567.4568,739707.2637,m0620a,BRT,4,0.158557
467249,2,4,0.01125,0.008476,0.00071,0.0,183414.3666,574017.4547,"4.1_Arad-BS, 4.1_BS-Arad, 4.2_LRT_BRS-Shoket, 4.2_LRT_Shoket-BRS",LRT,5,0.158408
36630,3,2,0.002542,0.011187,0.000494,3.8e-05,206139.456,746716.5333,"m0310a, m0320a",BRT,4,0.158276
512281,2,2,0.001192,0.012054,0.000564,0.0,157897.1154,618146.9126,"RedN, RedS",LRT,5,0.158207
500045,2,2,0.018125,0.012038,0.000504,0.0,178228.6961,613588.1366,"BRT_Blue_E, BRT_Blue_W",BRT,4,0.158046
51218,2,1,0.003764,0.011396,0.000652,0.0,221120.5442,639613.5473,LRT10,LRT,5,0.157857
36961,3,2,0.001256,0.00831,0.000717,0.0,230071.4054,758788.4174,"brt021, brt022",BRT,4,0.157664
516000,1,1,0.0,0.018308,0.00026,0.0,176497.7637,654359.248,ART1-2,LRT,5,0.157648
36008,4,1,0.0,0.011663,0.000368,0.00212,201982.478,744550.4357,m0810a,BRT,4,0.157619
36817,3,2,0.020773,0.008562,0.000628,0.0,226125.3649,732088.2243,"brt031, brt032",BRT,4,0.157535
50114,2,2,0.003764,0.011688,0.000578,0.0,221509.0428,627653.7951,"LRT31, LRT32",LRT,5,0.157506
503064,1,1,0.0,0.01829,0.00026,0.0,174878.8513,656109.9786,ART2-2,LRT,5,0.157472
51163,2,2,0.013333,0.012036,0.000513,0.0,221215.6712,629510.9284,"LRT61, LRT62",LRT,5,0.157091
512163,2,2,0.011302,0.0121,0.000515,0.0,158539.3434,617652.5872,"Orange_N, Orange_S",LRT,5,0.156987
500032,2,2,0.002502,0.012065,0.000548,0.0,178943.7614,611945.723,"BRT_Blue_E, BRT_Blue_W",BRT,4,0.156931
36921,2,4,0.003764,0.008617,0.000712,0.0,231870.4899,751550.1621,"brt011, brt012, brt021, brt022",BRT,4,0.156796
36372,2,1,0.005016,0.011474,0.000633,0.0,197567.6215,739864.8896,m0620a,BRT,4,0.156767
36814,3,2,0.018794,0.008548,0.000628,0.0,226283.8006,732269.9414,"brt031, brt032",BRT,4,0.156501
36854,2,2,0.002563,0.010575,0.00066,0.0,213008.574,747676.1223,"brt011, brt012",BRT,4,0.156479
51048,3,2,0.002829,0.012081,0.000408,0.0,219144.7879,629244.6249,"LRT81, LRT82",LRT,5,0.156394
467829,2,4,0.001622,0.008482,0.000727,0.0,180658.2315,575703.8483,"4.4_Bee'rSheva-Rahat_Main, 4.4_Rahat-Bee'rSheva_Main, 4.5_Bee'rSheva-Rahat, 4.5_Rahat-Bee'rSheva",LRT,5,0.15634
265017,2,1,0.003721,0.013959,0.000441,0.0,171039.4211,632096.7653,RH-GY2,BRT,4,0.156267
51220,2,1,0.005016,0.011442,0.000631,0.0,221246.8344,639286.7353,LRT10,LRT,5,0.156204
31656,2,6,0.001256,0.008735,0.000608,2e-05,227966.5882,758830.0668,"rail_1_1, rail_1_2, rail_5_1, rail_5_2, rail_6_1, rail_6_2","Interurban Rail, Suburban Rail",7,0.156144
500216,2,2,0.000503,0.011855,0.000565,0.0,177045.8504,613441.6632,"BRT_Pink_E, BRT_Pink_W",BRT,4,0.156143
51135,2,2,0.012174,0.011974,0.000514,0.0,221011.4066,629094.6947,"LRT61, LRT62",LRT,5,0.156049
36173,2,1,0.006266,0.011529,0.000618,0.0,197591.1301,740279.0579,m0620a,BRT,4,0.155942
36596,2,1,0.0,0.014002,0.000447,0.0,194739.2174,713725.0736,brt062,BRT,4,0.155905
500221,2,2,0.00451,0.012092,0.000529,0.0,178454.9009,612316.9488,"BRT_Pink_E, BRT_Pink_W",BRT,4,0.15572
51216,2,1,0.006266,0.011518,0.000614,0.0,221568.1315,638801.832,LRT10,LRT,5,0.155356
36915,2,4,0.007514,0.008817,0.000672,0.0,229340.4028,751797.2128,"brt011, brt012, brt021, brt022",BRT,4,0.155335
36892,2,2,0.047825,0.009238,0.000594,0.0,225560.4403,751386.0729,"brt011, brt012",BRT,4,0.155249
988307,2,4,0.007666,0.010638,0.000529,0.0,160668.6031,602786.4838,"rail_11_1, rail_11_2, rail_20_1, rail_20_2",Suburban Rail,6,0.155245
51144,2,2,0.014721,0.01183,0.000508,0.0,218555.6663,627267.5597,"LRT41, LRT42",LRT,5,0.15506
36843,2,2,0.034723,0.008961,0.00066,0.0,222254.21,729369.9595,"brt031, brt032",BRT,4,0.155011
36917,2,4,0.006266,0.008788,0.00067,0.0,229713.86,751769.1228,"brt011, brt012, brt021, brt022",BRT,4,0.154274
36222,2,2,0.001256,0.010679,0.000639,0.0,211145.95,746198.9,"m0210a, m0220a",BRT,4,0.154218
36370,2,1,0.007514,0.011554,0.000597,0.0,197447.6623,740398.3417,m0620a,BRT,4,0.154059
463984,3,4,0.005508,0.00873,0.000542,1e-06,165189.1883,581245.4293,"rail_11_1, rail_11_2, rail_20_1, rail_20_2",Suburban Rail,6,0.153952
51148,2,2,0.01595,0.011898,0.000489,0.0,218743.0468,627722.8447,"LRT41, LRT42",LRT,5,0.153881
36536,2,2,0.001195,0.010672,0.000636,0.0,207861.8117,751582.2668,"m0310a, m0320a",BRT,4,0.153829
15139,3,1,0.000467,0.011676,0.000476,9.9e-05,198068.0195,748462.4126,m0610a,BRT,4,0.153789
525325,1,1,0.0,0.017638,0.000281,0.0,196977.7299,662284.733,BBEld2,BRT,4,0.15377
36147,4,1,0.0,0.010983,0.000398,0.0,205758.2257,740610.3662,m0610a,BRT,4,0.153669
36531,2,2,0.0,0.010762,0.000631,0.0,207680.939,750722.749,"m0310a, m0320a",BRT,4,0.153497
51213,2,1,0.007514,0.011585,0.000589,0.0,221839.1809,638373.5803,LRT10,LRT,5,0.153484
36838,2,2,0.031328,0.008824,0.00067,0.0,222849.2722,731078.4908,"brt031, brt032",BRT,4,0.153431
36920,2,4,0.005016,0.008628,0.00068,0.0,231806.9381,751411.9879,"brt011, brt012, brt021, brt022",BRT,4,0.153429
500238,2,2,0.0,0.011738,0.000554,0.0,180565.3357,610644.7037,"BRT_Blue_E, BRT_Blue_W",BRT,4,0.153348
51164,2,2,0.014499,0.012087,0.000473,0.0,221365.6664,629862.1978,"LRT61, LRT62",LRT,5,0.153109
390287,2,1,0.0,0.014301,0.000399,2e-06,195900.808,713102.153,brt062,BRT,4,0.152722
51237,2,1,0.001256,0.012465,0.000537,0.0,219376.2023,631615.6953,LRT9,LRT,5,0.152648
521054,1,1,0.0,0.018078,0.000237,0.0,189629.3268,678806.4902,M1-RA-RE,Metro,6,0.152608
467907,2,4,0.001256,0.008297,0.000712,0.0,178251.4954,571851.6665,"4.4_Bee'rSheva-Rahat_Main, 4.4_Rahat-Bee'rSheva_Main, 4.5_Bee'rSheva-Rahat, 4.5_Rahat-Bee'rSheva",LRT,5,0.152514
34067,2,2,0.002847,0.009979,0.000672,0.0,216174.7101,751549.2328,"lrt05, lrt06",LRT,5,0.15229
36149,4,1,0.002502,0.011085,0.00037,0.0,205276.4401,741309.3428,m0610a,BRT,4,0.152244
500215,2,2,0.001752,0.01192,0.000521,0.0,177508.103,613497.4146,"BRT_Pink_E, BRT_Pink_W",BRT,4,0.15173
512282,2,2,5.4e-05,0.012002,0.000519,0.0,158063.3579,617816.8603,"RedN, RedS",LRT,5,0.151525
36371,2,1,0.008761,0.011588,0.000566,0.0,197440.9123,740660.3679,m0620a,BRT,4,0.151091
36894,2,2,0.046628,0.009185,0.000568,0.0,225011.888,751742.5036,"brt011, brt012",BRT,4,0.150928
36979,2,2,0.006055,0.008499,0.000764,0.0,227511.8769,725474.3064,"brt041, brt042",BRT,4,0.15087
36835,2,2,0.030249,0.008812,0.000653,0.0,222912.0988,731245.1754,"brt031, brt032",BRT,4,0.150625
36239,2,1,0.0,0.015564,0.000282,0.0,192204.5492,704950.5168,brt062,BRT,4,0.150375
51212,2,1,0.008761,0.011661,0.000553,0.0,221677.974,637831.0482,LRT10,LRT,5,0.1502
36650,2,1,0.001256,0.009731,0.000728,0.0,208497.6618,760900.7176,m0820a,BRT,4,0.150062
1001,2,2,0.001107,0.01069,0.000605,3e-06,211813.8012,747425.0177,"R1002-1, R1002-2",BRT,4,0.150028
32001,4,1,0.005877,0.011531,0.000297,0.001959,203419.5955,744319.1954,c001,Cable Line,3,0.149925
36714,3,2,0.001252,0.008392,0.000645,0.0,228518.4713,758719.5175,"brt021, brt022",BRT,4,0.149345
50113,2,2,0.005016,0.011771,0.000499,0.0,220916.3301,627803.3756,"LRT31, LRT32",LRT,5,0.149065
36384,3,1,0.003762,0.012029,0.000398,8e-06,197105.4007,743446.532,m0720a,BRT,4,0.148797
21099,2,2,0.029168,0.008802,0.000641,0.0,222920.5924,731385.4529,"brt031, brt032",BRT,4,0.148541
467950,2,4,0.002861,0.008532,0.000654,0.0,180740.4533,575014.6586,"4.4_Bee'rSheva-Rahat_Main, 4.4_Rahat-Bee'rSheva_Main, 4.5_Bee'rSheva-Rahat, 4.5_Rahat-Bee'rSheva",LRT,5,0.148308
36926,2,4,0.001256,0.008474,0.000662,0.0,233752.6313,751771.3464,"brt011, brt012, brt021, brt022",BRT,4,0.148003
51147,2,2,0.001327,0.01169,0.000508,0.0,219070.851,626637.4291,"LRT61, LRT62",LRT,5,0.147729
467791,2,4,0.005016,0.007876,0.000692,0.0,190543.7303,579526.9982,"4.1_Arad-BS, 4.1_BS-Arad, 4.2_LRT_BRS-Shoket, 4.2_LRT_Shoket-BRS",LRT,5,0.147585
34057,2,2,3.2e-05,0.010586,0.000597,1e-06,209830.7141,749951.0345,"lrt07, lrt08",LRT,5,0.14749
36831,2,2,0.028087,0.00879,0.000636,0.0,223032.6896,731531.0779,"brt031, brt032",BRT,4,0.147322
36383,3,1,0.0,0.012032,0.000398,8e-06,197079.2595,743446.5912,m0710a,BRT,4,0.147166
467884,2,4,0.002511,0.008343,0.000659,0.0,178628.3617,572410.3541,"4.4_Bee'rSheva-Rahat_Main, 4.4_Rahat-Bee'rSheva_Main, 4.5_Bee'rSheva-Rahat, 4.5_Rahat-Bee'rSheva",LRT,5,0.146936
51141,2,2,0.017184,0.011983,0.000422,0.0,218867.1808,628319.207,"LRT41, LRT42",LRT,5,0.146856
463980,2,4,0.006547,0.009569,0.000549,0.0,159255.5066,591160.9936,"rail_11_1, rail_11_2, rail_20_1, rail_20_2",Suburban Rail,6,0.146848
515120,1,1,0.0,0.016944,0.000275,0.0,192003.4193,655100.6919,BRT2-1,BRT,4,0.146266
34066,2,2,0.004093,0.010082,0.00061,0.0,215915.4966,750545.0237,"lrt05, lrt06",LRT,5,0.146022
36829,2,2,0.027014,0.008758,0.000631,0.0,223514.0826,731452.375,"brt031, brt032",BRT,4,0.146015
1011,3,2,0.0,0.010913,0.000426,5e-06,206763.5771,749612.0008,"R323-1, R323-2",BRT,4,0.145966
36376,2,1,0.010006,0.011634,0.000512,0.0,197779.6896,740655.9704,m0620a,BRT,4,0.145374
467827,2,4,0.007514,0.00817,0.000642,0.0,176167.4985,574573.3407,"4.1_Arad-BS, 4.1_BS-Arad, 4.3_Ofakim-TelSheva, 4.3_TelSheva-Ofakim",LRT,5,0.145351
36649,2,1,0.002511,0.009766,0.000682,0.0,208362.7226,760558.9475,m0820a,BRT,4,0.145157
36827,2,2,0.02595,0.008727,0.00063,0.0,223845.7753,731106.667,"brt031, brt032",BRT,4,0.145079
51049,2,2,0.00168,0.012035,0.000457,0.0,219491.9548,629267.4068,"LRT81, LRT82",LRT,5,0.144895
51042,2,2,0.000565,0.011903,0.000471,0.0,217283.0994,629438.3395,"LRT81, LRT82",LRT,5,0.144851
525286,1,1,0.0,0.016723,0.000281,0.0,196009.4164,676706.8294,Hz-KS2,BRT,4,0.144848
36075,2,1,0.008719,0.010385,0.000609,0.0,209419.6263,753255.5269,m0820a,BRT,4,0.144727
34034,5,3,0.005084,0.008352,0.000281,0.0,228488.5154,733349.9856,"lrt01, lrt03, lrt05",LRT,5,0.144549
36080,2,1,0.007486,0.010307,0.000617,0.0,209409.4307,753997.9911,m0820a,BRT,4,0.144529
34069,2,2,0.000367,0.009596,0.000649,2e-06,217331.2456,755410.1882,"lrt05, lrt06",LRT,5,0.144511
36825,2,2,0.024892,0.008716,0.000629,0.0,223974.8647,731007.6336,"brt031, brt032",BRT,4,0.144331
51145,2,2,0.000197,0.011649,0.000488,0.0,219404.634,626584.0769,"LRT61, LRT62",LRT,5,0.144303
36896,2,2,0.045431,0.009171,0.00052,0.0,225022.876,751914.8567,"brt011, brt012",BRT,4,0.144222
51043,2,2,0.000592,0.011822,0.000472,0.0,217055.6073,628798.6439,"LRT81, LRT82",LRT,5,0.144202
36083,2,1,0.006252,0.01026,0.000622,0.0,209349.8559,754453.1425,m0820a,BRT,4,0.144098
36264,2,1,0.0,0.014982,0.000277,0.0,194402.5564,705548.1811,brt062,BRT,4,0.144066
36078,2,1,0.00995,0.010421,0.000593,0.0,209386.3305,752922.7643,m0820a,BRT,4,0.143693
36056,2,1,0.003764,0.009808,0.00066,0.0,208204.8236,760140.0181,m0820a,BRT,4,0.143295
19000,2,2,0.023837,0.008661,0.000628,0.0,224832.6571,731189.4273,"brt031, brt032",BRT,4,0.143283
36081,2,1,0.005016,0.010191,0.000625,0.0,209237.5196,755112.4915,m0820a,BRT,4,0.143255
51211,2,1,0.010006,0.011717,0.000489,0.0,221729.6307,637424.3495,LRT10,LRT,5,0.143247
36822,2,2,0.022797,0.008627,0.000628,0.0,225122.2775,731656.4729,"brt031, brt032",BRT,4,0.142429
36978,2,2,0.004997,0.008462,0.000704,0.0,227549.6219,726087.981,"brt041, brt042",BRT,4,0.142413
15948,4,1,0.000197,0.012144,0.000216,0.000236,196829.2993,744032.0122,m0120a,BRT,4,0.142299
51050,2,2,0.000552,0.011956,0.000446,0.0,219993.7269,629617.4442,"LRT81, LRT82",LRT,5,0.142221
36655,2,1,0.006266,0.009861,0.000638,1e-06,208029.733,759622.1819,m0820a,BRT,4,0.142206
36646,2,1,0.005016,0.00983,0.000644,0.0,208111.0075,759933.2179,m0820a,BRT,4,0.142125
512228,1,1,0.0,0.016469,0.000278,0.0,174704.957,639360.387,Turquoise_N,LRT,5,0.142103
511231,1,1,0.0,0.016429,0.00028,0.0,184976.7067,686402.4875,LRT141,BRT,4,0.141912
36085,2,1,0.003779,0.010077,0.000626,0.0,208970.2053,756210.672,m0820a,BRT,4,0.141763
1014,3,2,0.010672,0.011168,0.000334,5e-05,207154.8736,745961.0239,"R331-1, R331-2",BRT,4,0.141662
36819,2,2,0.021776,0.008595,0.000628,0.0,225623.8784,731824.665,"brt031, brt032",BRT,4,0.141658
36073,2,1,0.011179,0.010463,0.000565,0.0,209346.3132,752529.1641,m0820a,BRT,4,0.141133
36087,2,1,0.00254,0.010028,0.000628,0.0,208831.2522,756684.2907,m0820a,BRT,4,0.140933
467927,2,2,0.009712,0.0093,0.00061,0.0,179391.4602,587654.751,"4.4_Bee'rSheva-Rahat_Main, 4.4_Rahat-Bee'rSheva_Main",LRT,5,0.140917
1013,3,2,0.001466,0.011084,0.000366,0.000193,205865.0178,747718.8571,"R323-1, R323-2",BRT,4,0.140826
500214,2,2,0.0,0.011935,0.000436,0.0,178204.8217,614377.6797,"BRT_Pink_E, BRT_Pink_W",BRT,4,0.140518
51166,2,2,0.004239,0.012106,0.000406,0.0,220904.6406,630122.3927,"LRT71, LRT72",LRT,5,0.140257
467928,2,2,0.00847,0.009177,0.000615,0.0,178722.2372,588949.2034,"4.4_Bee'rSheva-Rahat_Main, 4.4_Rahat-Bee'rSheva_Main",LRT,5,0.139768
36812,2,2,0.017807,0.008529,0.000628,0.0,226376.5273,732589.6863,"brt031, brt032",BRT,4,0.139204
51040,2,2,0.001736,0.012002,0.000414,0.0,216670.6902,629854.4926,"LRT81, LRT82",LRT,5,0.139168
36066,2,1,0.0013,0.009886,0.000629,0.0,208088.3555,757927.0309,m0820a,BRT,4,0.13908
36653,2,1,0.001173,0.009851,0.000631,1e-06,208072.4211,758628.3673,m0820a,BRT,4,0.138971
51055,2,2,0.001817,0.011912,0.000419,0.0,217646.8639,628517.6118,"LRT81, LRT82",LRT,5,0.138946
35023,4,2,0.0,0.008353,0.000434,0.0,228487.9591,733335.4969,"brt032, brt042",BRT,4,0.13871
36809,2,2,0.016828,0.0085,0.000627,0.0,226800.0273,732882.4525,"brt031, brt032",BRT,4,0.138442
36940,2,2,0.017444,0.008585,0.000618,0.0,227324.6351,757052.4241,"brt021, brt022",BRT,4,0.138342
360268,2,2,0.007113,0.008514,0.000659,0.0,227496.725,725226.843,"brt041, brt042",BRT,4,0.138292
36938,2,2,0.018678,0.008608,0.00061,0.0,227014.595,757161.7204,"brt021, brt022",BRT,4,0.13812
36942,2,2,0.016208,0.008547,0.000623,0.0,227841.1874,757103.7021,"brt021, brt022",BRT,4,0.138069
36807,2,2,0.015856,0.008473,0.000627,0.0,227129.1638,733219.3636,"brt031, brt032",BRT,4,0.137723
467764,2,2,0.007245,0.009125,0.000606,0.0,178100.0926,589095.1236,"4.4_Bee'rSheva-Rahat_Main, 4.4_Rahat-Bee'rSheva_Main",LRT,5,0.137603
36944,2,2,0.014971,0.008517,0.000625,0.0,228250.4339,757213.5912,"brt021, brt022",BRT,4,0.13756
1009,3,2,6.9e-05,0.010823,0.000365,3e-06,207326.988,750295.6784,"R323-1, R323-2",BRT,4,0.137519
51030,2,2,0.000951,0.012263,0.000382,0.0,221427.1071,633666.8424,"LRT71, LRT72",LRT,5,0.137357
36935,2,2,0.019911,0.008642,0.000594,0.0,226593.3271,757350.3012,"brt021, brt022",BRT,4,0.13708
467818,2,2,0.001256,0.008188,0.000696,0.0,184140.2546,570407.378,"4.2_LRT_BRS-Shoket, 4.2_LRT_Shoket-BRS",LRT,5,0.137072
36946,2,2,0.013732,0.008492,0.000628,0.0,228539.3008,757403.4358,"brt021, brt022",BRT,4,0.137061
36999,2,2,0.014885,0.00846,0.000626,0.0,227367.9083,733287.0357,"brt031, brt032",BRT,4,0.137033
34059,2,2,0.001117,0.010949,0.000479,1.1e-05,208864.1757,746678.1106,"lrt07, lrt08",LRT,5,0.136831
984890,2,2,0.00898,0.01408,0.000208,1e-06,203378.7501,708667.7958,"rail_13_1, rail_13_2",Suburban Rail,6,0.136746
36932,2,2,0.021142,0.00888,0.000568,0.0,224487.7721,754979.2339,"brt021, brt022",BRT,4,0.13667
36948,2,2,0.012492,0.008462,0.00063,0.0,228685.0575,757800.7636,"brt021, brt022",BRT,4,0.136461
36997,2,2,0.013914,0.00844,0.000625,0.0,227722.9705,733237.4112,"brt031, brt032",BRT,4,0.13627
500033,2,2,0.0,0.011722,0.000419,0.0,176068.106,615610.9348,"BRT_Blue_E, BRT_Blue_W",BRT,4,0.136266
51236,2,1,0.002511,0.012537,0.000396,0.0,219213.8536,632045.5911,LRT9,LRT,5,0.13625
36950,2,2,0.01125,0.008446,0.000632,0.0,228738.7571,758017.0747,"brt021, brt022",BRT,4,0.136117
36072,2,1,0.012407,0.010534,0.000515,0.0,209280.5077,751867.8989,m0820a,BRT,4,0.136115
36976,2,2,0.003981,0.008366,0.000664,0.0,227674.1031,727776.5999,"brt041, brt042",BRT,4,0.136105
14871,2,1,0.000963,0.011544,0.000477,3e-05,199694.4671,746728.4609,m0810a,BRT,4,0.136048
467926,2,2,0.002415,0.009388,0.000589,0.0,180023.7562,586741.8018,"4.4_Bee'rSheva-Rahat_Main, 4.4_Rahat-Bee'rSheva_Main",LRT,5,0.135913
511117,1,2,0.0,0.015147,0.000281,0.0,187775.9331,695840.3456,"LRT121, LRT151",LRT,5,0.135676
19226,2,2,0.01295,0.008424,0.000622,0.0,227776.7635,732949.9816,"brt031, brt032",BRT,4,0.135331
500233,2,2,0.0,0.011783,0.000404,0.0,180582.835,611191.8454,"BRT_Blue_E, BRT_Pink_W",BRT,4,0.134982
36993,2,2,0.011992,0.008412,0.000618,0.0,227823.6932,732728.075,"brt031, brt032",BRT,4,0.134274
34051,4,1,0.00046,0.010584,0.00027,0.0,208844.7053,751690.6898,lrt07,LRT,5,0.133875
36716,2,2,0.0,0.008385,0.000658,0.0,228474.244,758808.1747,"brt021, brt022",BRT,4,0.133774
467807,2,2,0.001256,0.008242,0.000664,0.0,187089.8316,572889.6363,"4.3_Ofakim-TelSheva, 4.3_TelSheva-Ofakim",LRT,5,0.1336
195251,1,1,0.0,0.015562,0.000281,0.0,199658.2163,668084.5561,BRT-1,BRT,4,0.13359
1000,3,2,9.7e-05,0.010604,0.000351,1e-06,212713.4102,747546.4682,"R1002-1, R1002-2",BRT,4,0.133557
525592,1,1,0.0,0.015639,0.000274,0.0,198394.4599,669342.8554,RH-RG1,BRT,4,0.133464
36211,2,2,0.000432,0.010856,0.000461,1.9e-05,210206.9172,746473.8996,"m0210a, m0220a",BRT,4,0.13327
36930,2,2,0.022371,0.009081,0.00052,0.0,225156.7775,752524.3949,"brt021, brt022",BRT,4,0.133128
51231,2,1,0.001256,0.01229,0.000393,0.0,221503.9078,631540.0449,LRT9,LRT,5,0.132937
36991,2,2,0.011033,0.008403,0.000609,0.0,227938.4177,732618.8368,"brt031, brt032",BRT,4,0.132703
36974,2,2,0.003009,0.008339,0.000643,0.0,227712.5946,728280.916,"brt041, brt042",BRT,4,0.132675
525597,1,1,0.0,0.015519,0.000274,0.0,198460.8201,665854.6657,RH-RG2,BRT,4,0.132298
36815,2,2,0.0,0.008556,0.000628,0.0,226195.0343,732150.8486,"brt031, brt032",BRT,4,0.131606
467761,2,2,0.002565,0.009006,0.000583,0.0,177001.4823,588428.9159,"4.5_Bee'rSheva-Rahat, 4.5_Rahat-Bee'rSheva",LRT,5,0.13158
13148,2,1,0.000736,0.011553,0.000438,5e-06,199504.8269,746928.7657,m0810a,BRT,4,0.13114
10309,3,1,2e-06,0.010985,0.00035,0.0,205760.3175,740630.1415,m0620a,BRT,4,0.131007
31501,3,1,0.001225,0.011567,0.000297,0.000893,200352.829,747022.63,s0110a,Funicular,2,0.130999
12017,3,1,0.000169,0.01113,0.000338,8e-06,206129.9862,747205.1143,m0320a,BRT,4,0.130975
36660,3,1,0.0,0.011129,0.000338,8e-06,206137.2119,747215.1768,m0310a,BRT,4,0.130889
51276,2,1,0.01125,0.011828,0.000376,0.0,221663.342,636612.9988,LRT10,LRT,5,0.130754
467934,2,2,0.001256,0.00728,0.000715,0.0,163796.5822,581011.667,"4.3_Ofakim-TelSheva, 4.3_TelSheva-Ofakim",LRT,5,0.130608
467944,2,2,0.002511,0.008268,0.000633,0.0,182977.6641,570587.1916,"4.2_LRT_BRS-Shoket, 4.2_LRT_Shoket-BRS",LRT,5,0.130521
525473,1,1,0.0,0.013679,0.000403,0.0,171500.0736,633326.1549,RH-GY1,BRT,4,0.130484
36990,2,2,0.010072,0.008379,0.000595,0.0,228255.7773,732927.3036,"brt031, brt032",BRT,4,0.130295
18907,3,1,4e-06,0.011058,0.000332,0.0,205419.3849,741130.6601,m0520a,BRT,4,0.129416
36972,2,2,0.002047,0.008297,0.000622,0.0,227770.1327,729058.21,"brt041, brt042",BRT,4,0.129263
467756,2,2,0.001208,0.008968,0.000564,0.0,175243.1156,588459.371,"4.4_Bee'rSheva-Rahat_Main, 4.4_Rahat-Bee'rSheva_Main",LRT,5,0.128106
467765,2,2,0.001406,0.008923,0.000561,0.0,177052.7861,587310.1427,"4.5_Bee'rSheva-Rahat, 4.5_Rahat-Bee'rSheva",LRT,5,0.127496
51120,1,4,0.0,0.011433,0.000406,0.0,217243.0284,627421.8661,"LRT41, LRT42, LRT61, LRT62",LRT,5,0.127472
21062,2,2,0.00109,0.008284,0.000603,0.0,227769.0768,729314.1261,"brt041, brt042",BRT,4,0.126282
51032,1,4,0.0,0.011337,0.000403,0.0,222844.862,638689.0426,"LRT11, LRT12, LRT51, LRT52",LRT,5,0.126204
467808,2,2,0.002511,0.008296,0.000587,0.0,186300.6734,572912.0509,"4.3_Ofakim-TelSheva, 4.3_TelSheva-Ofakim",LRT,5,0.125042
467933,2,2,0.002511,0.007326,0.000661,0.0,163931.1907,580167.8069,"4.3_Ofakim-TelSheva, 4.3_TelSheva-Ofakim",LRT,5,0.124915
36375,2,1,0.0,0.011393,0.000402,0.0,197991.5994,739635.1583,m0620a,BRT,4,0.124762
467819,2,2,0.003764,0.008326,0.000575,0.0,182149.1891,570801.4259,"4.2_LRT_BRS-Shoket, 4.2_LRT_Shoket-BRS",LRT,5,0.124426
51117,1,4,0.0,0.01166,0.000349,0.0,214078.3694,630241.3179,"LRT11, LRT12, LRT81, LRT82",LRT,5,0.122542
36967,2,2,0.001233,0.008208,0.000572,0.0,227655.3788,731202.2954,"brt041, brt042",BRT,4,0.121748
467932,2,2,0.003764,0.007363,0.000624,0.0,163965.3517,579480.602,"4.3_Ofakim-TelSheva, 4.3_TelSheva-Ofakim",LRT,5,0.121118
467755,2,2,4.8e-05,0.0089,0.00051,0.0,174422.3619,588026.9965,"4.4_Bee'rSheva-Rahat_Main, 4.4_Rahat-Bee'rSheva_Main",LRT,5,0.120223
36850,3,1,0.003712,0.010603,0.000281,0.0,212730.345,747634.3815,brt012,BRT,4,0.120195
467767,2,2,0.000246,0.008838,0.000509,0.0,176413.0335,586338.4446,"4.5_Bee'rSheva-Rahat, 4.5_Rahat-Bee'rSheva",LRT,5,0.11955
15667,2,1,0.001477,0.011618,0.00033,8e-06,198804.6312,747349.7775,m0810a,BRT,4,0.118669
467922,2,2,0.001256,0.006399,0.000688,0.0,218802.3475,573002.7679,"4.1_Arad-BS, 4.1_BS-Arad",LRT,5,0.118644
17111,3,1,0.0,0.011324,0.000225,0.0,202227.34,742530.1983,m0810a,BRT,4,0.118586
51109,1,2,0.0,0.011752,0.000399,0.0,217993.1609,636813.2111,"LRT61, LRT62",LRT,5,0.117382
36658,2,1,0.00597,0.011761,0.00029,0.000488,201059.5999,743889.371,m0410a,BRT,4,0.117291
467949,2,2,0.005016,0.007419,0.000581,0.0,164924.8012,579073.7395,"4.3_Ofakim-TelSheva, 4.3_TelSheva-Ofakim",LRT,5,0.116839
467920,2,2,0.002511,0.006978,0.000621,0.0,205874.3258,574297.8847,"4.1_Arad-BS, 4.1_BS-Arad",LRT,5,0.116488
467943,2,2,0.005016,0.008429,0.000496,0.0,180893.0032,571576.5501,"4.2_LRT_BRS-Shoket, 4.2_LRT_Shoket-BRS",LRT,5,0.116047
467794,2,2,0.003764,0.007715,0.000555,0.0,192602.9642,577843.4011,"4.1_Arad-BS, 4.1_BS-Arad",LRT,5,0.116011
467941,2,2,0.013461,0.008489,0.000458,0.0,179724.9353,573942.1513,"4.1_Arad-BS, 4.1_BS-Arad",LRT,5,0.115651
51272,2,1,0.0,0.012182,0.000263,0.0,222310.632,632308.854,LRT10,LRT,5,0.115001
500188,2,1,0.002521,0.011833,0.000281,0.0,157240.5857,616525.8344,BRT_Pink_E,BRT,4,0.114974
467836,2,2,0.003764,0.008355,0.000496,0.0,185443.4264,572881.5236,"4.3_Ofakim-TelSheva, 4.3_TelSheva-Ofakim",LRT,5,0.114789
36629,1,1,0.0,0.013455,0.000286,0.0,192805.3872,712584.9432,brt061,BRT,4,0.113723
50115,1,2,0.0,0.011414,0.000389,0.0,222200.434,627700.4723,"LRT31, LRT32",LRT,5,0.112873
467948,2,2,0.012248,0.008441,0.000442,0.0,179443.3127,573300.4579,"4.1_Arad-BS, 4.1_BS-Arad",LRT,5,0.112673
512286,1,1,0.0,0.014403,0.000196,0.0,166003.9396,633428.4834,Orange_S,LRT,5,0.111601
467909,2,2,0.014683,0.008528,0.000414,0.0,180216.8785,574189.337,"4.1_Arad-BS, 4.1_BS-Arad",LRT,5,0.111039
467947,2,2,0.006266,0.00749,0.000524,0.0,166118.5069,579521.8888,"4.3_Ofakim-TelSheva, 4.3_TelSheva-Ofakim",LRT,5,0.110978
51238,1,1,0.0,0.012412,0.000322,0.0,219472.2991,631283.5896,LRT9,LRT,5,0.108013
467940,2,2,0.001542,0.008488,0.000431,0.0,182095.5811,572690.3032,"4.3_Ofakim-TelSheva, 4.3_TelSheva-Ofakim",LRT,5,0.107014
36904,3,1,0.016198,0.00899,0.000256,0.0,227224.1795,752306.1612,brt021,BRT,4,0.106893
467867,2,2,0.000343,0.008439,0.000435,0.0,181380.6129,572631.2177,"4.3_Ofakim-TelSheva, 4.3_TelSheva-Ofakim",LRT,5,0.106493
51224,1,1,0.0,0.011107,0.000402,0.0,221462.5977,640997.1936,LRT10,LRT,5,0.105299
36847,2,1,0.035909,0.009159,0.000281,4e-06,219965.5144,728247.1296,brt031,BRT,4,0.103726
36959,2,1,0.0,0.008325,0.000469,0.0,229873.859,758718.921,brt021,BRT,4,0.10323
988399,1,2,0.0,0.013213,0.00017,1e-06,198958.6621,629442.4765,"rail_16_1, rail_16_2",Suburban Rail,6,0.102918
512285,1,2,0.0,0.011557,0.000287,0.0,158536.3153,615647.9996,"Orange_N, RedN",LRT,5,0.101528
988494,2,4,0.0,0.008522,0.000291,0.0,189450.8342,577291.6674,"rail_11_1, rail_11_2, rail_15_1, rail_15_2",Suburban Rail,6,0.101443
500086,1,1,0.0,0.012197,0.000281,0.0,157974.6614,620694.7745,BRT_Blue_W,BRT,4,0.100747
30034,3,1,0.0,0.00891,0.000251,0.0,228178.429,751968.3741,brt022,BRT,4,0.098352
51233,1,1,0.0,0.012176,0.000261,0.0,222219.455,631286.8532,LRT9,LRT,5,0.098092
36389,1,1,0.0,0.011706,0.00029,0.0,197852.7584,741637.9573,m0710a,BRT,4,0.097158
400644,1,1,0.0,0.011827,0.000281,0.0,200854.3122,702268.6767,brt052,BRT,4,0.097135
31506,1,1,0.0,0.011433,0.000297,1e-06,199217.59,745649.141,s0120a,Funicular,2,0.095362
467906,1,4,0.0,0.008244,0.000396,0.0,177597.1397,571435.1287,"4.4_Bee'rSheva-Rahat_Main, 4.4_Rahat-Bee'rSheva_Main, 4.5_Bee'rSheva-Rahat, 4.5_Rahat-Bee'rSheva",LRT,5,0.095223
463799,2,2,0.001256,0.006863,0.000445,0.0,201052.3678,553040.1947,"rail_23_1, rail_23_2",Suburban Rail,6,0.092824
34071,2,1,0.000295,0.0097,0.000277,2e-05,216672.145,757360.4903,lrt06,LRT,5,0.0928
31624,1,4,0.0,0.009121,0.000298,9e-06,209580.0468,767784.1714,"rail_2_1, rail_2_2, rail_3_1, rail_3_2","HighSpeed Rail, Interurban Rail",8,0.09142
42202,1,1,0.0,0.009669,0.000403,0.0,208680.5829,761531.8631,m0820a,BRT,4,0.091408
32006,1,1,0.0,0.01102,0.000297,0.0,201925.831,740966.506,c002,Cable Line,3,0.09134
36985,2,1,0.008172,0.008542,0.00028,1e-06,227952.7018,725246.4542,brt041,BRT,4,0.085372
49768,1,1,0.0,0.010635,0.000275,0.0,211360.855,745874.605,m0220a,BRT,4,0.084788
467758,1,2,0.0,0.009001,0.000346,0.0,176722.654,589539.4152,"4.4_Bee'rSheva-Rahat_Main, 4.4_Rahat-Bee'rSheva_Main",LRT,5,0.08401
467759,1,2,0.0,0.008931,0.000346,0.0,176515.1151,590464.1271,"4.5_Bee'rSheva-Rahat, 4.5_Rahat-Bee'rSheva",LRT,5,0.083328
11239,1,1,0.0,0.010849,0.000241,0.0,206496.2594,739766.1712,m0520a,BRT,4,0.082658
467811,1,2,0.0,0.008109,0.000389,0.0,185313.0207,570209.8092,"4.2_LRT_BRS-Shoket, 4.2_LRT_Shoket-BRS",LRT,5,0.080643
467805,1,2,0.0,0.008165,0.000376,0.0,188150.013,573317.5185,"4.3_Ofakim-TelSheva, 4.3_TelSheva-Ofakim",LRT,5,0.079578
467251,2,1,0.0,0.008112,0.000269,0.0,187570.1239,577284.123,4.2_LRT_BRS-Shoket,LRT,5,0.076124
467893,1,2,0.0,0.00721,0.000397,0.0,162469.9066,580835.7216,"4.3_Ofakim-TelSheva, 4.3_TelSheva-Ofakim",LRT,5,0.072888
36927,1,2,0.0,0.008364,0.000281,0.0,235305.6932,751819.168,"brt011, brt021",BRT,4,0.069637
36963,1,1,0.0,0.008257,0.000297,0.0,230814.7262,759025.368,brt022,BRT,4,0.064446
467873,1,2,0.0,0.006334,0.000386,0.0,220154.2697,573852.4078,"4.1_Arad-BS, 4.1_BS-Arad",LRT,5,0.062929
31630,1,2,0.0,0.007176,0.000281,1e-06,246686.3623,713151.6545,"rail_10_1, rail_10_2",Suburban Rail,6,0.058031
31664,1,2,0.0,0.007007,0.000281,1e-06,246857.0356,742689.3684,"rail_7_1, rail_7_2",Suburban Rail,6,0.056379
988331,1,2,0.0,0.006382,0.000283,0.0,194301.5577,544376.2982,"rail_23_1, rail_23_2",Suburban Rail,6,0.050606
31655,1,2,0.0,0.00641,0.000223,2e-06,254708.6057,790635.9098,"rail_1_1, rail_1_2",Interurban Rail,7,0.043338
988306,1,2,0.0,0.006385,0.000204,0.0,219669.6519,573402.3442,"rail_22_1, rail_22_2",Suburban Rail,6,0.040732
988318,1,2,0.0,0.003285,0.000184,0.0,195586.7285,385880.2558,"rail_2_1, rail_2_2",HighSpeed Rail,8,0.007994
