node,degree,n_lines,betweenness,closeness,pagerank,eigenvector,x,y,lines,modes,mode_score,hub_score
400080,7,28,0.450353,0.136805,0.001315,0.000114,181088.2612,665672.0736,"rail_10_1, rail_10_2, rail_11_1, rail_11_2, rail_12_1, rail_12_2, rail_14_1, rail_14_2, rail_16_1, rail_16_2, rail_17_1, rail_17_2, rail_1_1, rail_1_2, rail_20_1, rail_20_2, rail_2_1, rail_2_2, rail_3_1, rail_3_2, rail_4_1, rail_4_2, rail_5_1, rail_5_2, rail_8_1, rail_8_2, rail_9_1, rail_9_2","HighSpeed Rail, Interurban Rail, Suburban Rail",8,0.778455
400018,4,28,0.45616,0.134516,0.001346,0.000794,182239.4829,671394.5234,"rail_10_1, rail_10_2, rail_11_1, rail_11_2, rail_12_1, rail_12_2, rail_14_1, rail_14_2, rail_16_1, rail_16_2, rail_17_1, rail_17_2, rail_1_1, rail_1_2, rail_20_1, rail_20_2, rail_2_1, rail_2_2, rail_3_1, rail_3_2, rail_4_1, rail_4_2, rail_5_1, rail_5_2, rail_8_1, rail_8_2, rail_9_1, rail_9_2","HighSpeed Rail, Interurban Rail, Suburban Rail",8,0.738182
400110,7,22,0.292025,0.135416,0.001332,8e-06,179815.0419,662396.4211,"rail_10_1, rail_10_2, rail_11_1, rail_11_2, rail_12_1, rail_12_2, rail_14_1, rail_14_2, rail_16_1, rail_16_2, rail_17_1, rail_17_2, rail_1_1, rail_1_2, rail_20_1, rail_20_2, rail_3_1, rail_3_2, rail_4_1, rail_4_2, rail_5_1, rail_5_2","Interurban Rail, Suburban Rail",7,0.673302
31603,8,20,0.38354,0.086424,0.001234,0.006578,196306.6781,744335.8519,"rail_10_1, rail_10_2, rail_1_1, rail_1_2, rail_2_1, rail_2_2, rail_3_1, rail_3_2, rail_4_1, rail_4_2, rail_5_1, rail_5_2, rail_6_1, rail_6_2, rail_7_1, rail_7_2, rail_8_1, rail_8_2, rail_9_1, rail_9_2","HighSpeed Rail, Interurban Rail, Suburban Rail",8,0.659171
400060,7,22,0.172321,0.129349,0.001129,0.000128,182891.0945,674534.0991,"rail_10_1, rail_10_2, rail_11_1, rail_11_2, rail_12_1, rail_12_2, rail_14_1, rail_14_2, rail_16_1, rail_16_2, rail_17_1, rail_17_2, rail_1_1, rail_1_2, rail_20_1, rail_20_2, rail_3_1, rail_3_2, rail_4_1, rail_4_2, rail_5_1, rail_5_2","Interurban Rail, Suburban Rail",7,0.606433
400090,4,22,0.283545,0.135924,0.001076,1.6e-05,180611.8557,664530.8005,"rail_10_1, rail_10_2, rail_11_1, rail_11_2, rail_12_1, rail_12_2, rail_14_1, rail_14_2, rail_16_1, rail_16_2, rail_17_1, rail_17_2, rail_1_1, rail_1_2, rail_20_1, rail_20_2, rail_3_1, rail_3_2, rail_4_1, rail_4_2, rail_5_1, rail_5_2","Interurban Rail, Suburban Rail",7,0.60108
400415,7,12,0.172584,0.129902,0.000926,1.8e-05,187886.6151,656413.6363,"rail_10_1, rail_10_2, rail_14_1, rail_14_2, rail_1_1, rail_1_2, rail_2_1, rail_2_2, rail_8_1, rail_8_2, rail_9_1, rail_9_2","HighSpeed Rail, Interurban Rail, Suburban Rail",8,0.556346
31609,8,14,0.237333,0.082468,0.000951,0.005164,203788.682,744363.3425,"rail_1_1, rail_1_2, rail_2_1, rail_2_2, rail_3_1, rail_3_2, rail_4_1, rail_4_2, rail_5_1, rail_5_2, rail_8_1, rail_8_2, rail_9_1, rail_9_2","HighSpeed Rail, Interurban Rail",8,0.545696
400320,8,14,0.07965,0.123261,0.001122,1e-05,188484.2317,650491.5267,"rail_12_1, rail_12_2, rail_15_1, rail_15_2, rail_16_1, rail_16_2, rail_17_1, rail_17_2, rail_3_1, rail_3_2, rail_4_1, rail_4_2, rail_5_1, rail_5_2","Interurban Rail, Suburban Rail",7,0.540812
1019,11,10,0.061533,0.080315,0.000695,0.287423,201184.3105,745418.9393,"R321-2, R323-1, R323-2, R324-1, R324-2, R325-1, R325-2, R327-2, R328-2, R330-1",BRT,4,0.510953
36308,11,6,0.002952,0.079648,0.000888,0.325215,201369.339,745505.189,"m0110a, m0120a, m0210a, m0610a, m0710a, m0910a",BRT,4,0.507777
463640,7,14,0.067361,0.062243,0.00142,3e-06,181753.3048,574524.7781,"rail_17_1, rail_17_2, rail_20_1, rail_20_2, rail_21_1, rail_21_2, rail_2_1, rail_2_2, rail_3_1, rail_3_2, rail_4_1, rail_4_2, rail_9_1, rail_9_2","HighSpeed Rail, Interurban Rail, Suburban Rail",8,0.500244
400070,3,22,0.032519,0.135274,0.000936,0.000106,181709.5354,667875.7369,"rail_10_1, rail_10_2, rail_11_1, rail_11_2, rail_12_1, rail_12_2, rail_14_1, rail_14_2, rail_16_1, rail_16_2, rail_17_1, rail_17_2, rail_1_1, rail_1_2, rail_20_1, rail_20_2, rail_3_1, rail_3_2, rail_4_1, rail_4_2, rail_5_1, rail_5_2","Interurban Rail, Suburban Rail",7,0.492438
50202,7,10,0.166058,0.088577,0.000878,5e-06,219206.9734,632787.7882,"rail_13_1, rail_13_2, rail_14_1, rail_14_2, rail_18_1, rail_18_2, rail_21_1, rail_21_2, rail_8_1, rail_8_2","HighSpeed Rail, Interurban Rail, Suburban Rail",8,0.4857
400350,10,6,0.086854,0.115765,0.000672,2.3e-05,181685.1649,646199.4143,"rail_12_1, rail_12_2, rail_19_1, rail_19_2, rail_5_1, rail_5_2","Interurban Rail, Suburban Rail",7,0.471517
36634,10,5,0.001241,0.080178,0.000837,0.299212,201183.5296,745444.3922,"m0310a, m0320a, m0510a, m0520a, m0820a",BRT,4,0.471477
400380,6,10,0.128318,0.095524,0.001039,2e-06,168473.9889,631385.5322,"rail_11_1, rail_11_2, rail_12_1, rail_12_2, rail_19_1, rail_19_2, rail_20_1, rail_20_2, rail_5_1, rail_5_2","Interurban Rail, Suburban Rail",7,0.461881
400020,5,14,0.065049,0.114191,0.00091,0.000223,187872.1893,691818.2247,"rail_11_1, rail_11_2, rail_12_1, rail_12_2, rail_14_1, rail_14_2, rail_1_1, rail_1_2, rail_3_1, rail_3_2, rail_4_1, rail_4_2, rail_5_1, rail_5_2","Interurban Rail, Suburban Rail",7,0.459092
36404,10,3,0.032912,0.079926,0.000639,0.303635,201356.1211,745266.9645,"m0810a, m0910a, m0920a",BRT,4,0.45131
31616,7,14,0.021035,0.081456,0.001034,0.006565,200860.9536,746247.5431,"rail_10_1, rail_10_2, rail_1_1, rail_1_2, rail_3_1, rail_3_2, rail_4_1, rail_4_2, rail_5_1, rail_5_2, rail_6_1, rail_6_2, rail_7_1, rail_7_2","Interurban Rail, Suburban Rail",7,0.44808
31605,7,14,0.055241,0.083253,0.000891,0.00194,198618.332,748435.4749,"rail_10_1, rail_10_2, rail_1_1, rail_1_2, rail_3_1, rail_3_2, rail_4_1, rail_4_2, rail_5_1, rail_5_2, rail_6_1, rail_6_2, rail_7_1, rail_7_2","Interurban Rail, Suburban Rail",7,0.443775
521045,7,6,0.05361,0.121422,0.000967,1e-06,188417.8706,648406.7954,"East-N, East-S, M1-KS-LOD, M1-LOD-KS, Yelw-N, Yelw-S","BRT, LRT, Metro",6,0.433234
400820,7,10,0.069075,0.080974,0.000969,1e-06,179005.2125,612445.767,"rail_15_1, rail_15_2, rail_17_1, rail_17_2, rail_21_1, rail_21_2, rail_3_1, rail_3_2, rail_4_1, rail_4_2","Interurban Rail, Suburban Rail",7,0.431451
36632,10,5,0.003502,0.079605,0.000777,0.20437,201601.2384,745129.1874,"m0310a, m0320a, m0510a, m0520a, m0820a",BRT,4,0.423399
400013,4,10,0.054267,0.117835,0.000884,3e-06,189377.1582,646559.8585,"rail_15_1, rail_15_2, rail_16_1, rail_16_2, rail_17_1, rail_17_2, rail_3_1, rail_3_2, rail_4_1, rail_4_2","Interurban Rail, Suburban Rail",7,0.422081
400424,7,4,0.152261,0.122601,0.000647,1e-06,177197.9244,655057.7914,"rail_11_1, rail_11_2, rail_20_1, rail_20_2",Suburban Rail,6,0.420865
36368,8,11,0.016094,0.081285,0.0015,0.000384,198885.1712,748200.4189,"m0110a, m0120a, m0210a, m0220a, m0610a, m0620a, m0710a, m0720a, m0810a, m0910a, m0920a",BRT,4,0.42039
36309,9,5,0.000728,0.07953,0.000691,0.244634,201437.1206,745572.6645,"m0120a, m0220a, m0610a, m0720a, m0910a",BRT,4,0.416686
36633,10,2,0.006177,0.079916,0.000385,0.303635,201354.926,745276.0812,"m0820a, m0910a",BRT,4,0.41038
987294,6,10,0.021234,0.096973,0.000826,0.000841,192360.2506,715612.5599,"rail_10_1, rail_10_2, rail_11_1, rail_11_2, rail_12_1, rail_12_2, rail_1_1, rail_1_2, rail_5_1, rail_5_2","Interurban Rail, Suburban Rail",7,0.407805
36001,10,2,0.002752,0.079667,0.000371,0.30102,201356.4783,745488.7394,"m0120a, m0920a",BRT,4,0.40635
400241,4,10,0.027707,0.114434,0.00107,0.0,193961.8284,669754.7589,"rail_10_1, rail_10_2, rail_13_1, rail_13_2, rail_15_1, rail_15_2, rail_17_1, rail_17_2, rail_20_1, rail_20_2",Suburban Rail,6,0.405505
36310,10,2,0.0,0.079623,0.000331,0.304193,201357.0671,745521.2876,"m0120a, m0620a",BRT,4,0.402569
50011,5,10,0.046133,0.087246,0.000735,1e-06,220646.7429,632240.9727,"rail_13_1, rail_13_2, rail_14_1, rail_14_2, rail_18_1, rail_18_2, rail_21_1, rail_21_2, rail_8_1, rail_8_2","HighSpeed Rail, Interurban Rail, Suburban Rail",8,0.402499
31611,4,10,0.023234,0.078565,0.001008,0.000637,206870.3783,748712.1066,"rail_1_1, rail_1_2, rail_2_1, rail_2_2, rail_3_1, rail_3_2, rail_4_1, rail_4_2, rail_5_1, rail_5_2","HighSpeed Rail, Interurban Rail",8,0.399465
400410,4,8,0.071574,0.121521,0.000675,3e-06,188453.6855,648427.4224,"rail_16_1, rail_16_2, rail_17_1, rail_17_2, rail_3_1, rail_3_2, rail_4_1, rail_4_2","Interurban Rail, Suburban Rail",7,0.39927
521078,5,6,0.013541,0.119844,0.001024,1e-06,190425.4502,651667.7587,"East-N, East-S, M1-KS-LOD, M1-LOD-KS, Yelw-N, Yelw-S","BRT, LRT, Metro",6,0.396206
513023,4,8,0.011471,0.123336,0.001216,0.0,184599.518,662690.276,"LRT-L1, LRT-L2, Mgt1-E, Mgt1-W, Mgt2-E, Mgt2-W, Mgt3-E, Mgt3-W",LRT,5,0.393084
400421,4,4,0.219545,0.132466,0.000408,1e-06,179034.6727,660513.5435,"rail_11_1, rail_11_2, rail_20_1, rail_20_2",Suburban Rail,6,0.386098
523010,5,4,0.042416,0.121889,0.000914,0.0,186344.1801,660087.3668,"East-N, East-S, Me03-L, Me03-R","LRT, Metro",6,0.385554
36301,6,10,0.006724,0.079083,0.0012,0.06772,202098.7898,744948.881,"m0110a, m0120a, m0210a, m0220a, m0310a, m0320a, m0620a, m0710a, m0720a, m0820a",BRT,4,0.378334
36406,9,1,0.039524,0.080214,0.000264,0.278267,201184.7453,745438.0214,m0810a,BRT,4,0.377569
523015,5,4,0.02525,0.121575,0.000834,0.0,187226.0145,667999.3035,"East-N, East-S, Me03-L, Me03-R","LRT, Metro",6,0.371142
36306,8,5,0.000221,0.079132,0.000699,0.169643,201679.0011,745184.3903,"m0110a, m0120a, m0210a, m0620a, m0710a",BRT,4,0.369604
400360,4,6,0.064827,0.106091,0.000679,5e-06,175803.5746,640970.4722,"rail_12_1, rail_12_2, rail_19_1, rail_19_2, rail_5_1, rail_5_2","Interurban Rail, Suburban Rail",7,0.367264
36004,9,3,0.0226,0.079545,0.000638,0.150651,201507.0047,745054.2563,"m0810a, m0910a, m0920a",BRT,4,0.366019
521044,5,5,0.012043,0.118819,0.000799,1e-06,189324.6027,649491.7435,"East-N, East-S, M1-KS-LOD, M1-LOD-KS, Yelw-N","BRT, LRT, Metro",6,0.365083
400012,4,6,0.053479,0.11056,0.000631,2e-06,191951.2328,645680.8292,"rail_19_1, rail_19_2, rail_20_1, rail_20_2, rail_21_1, rail_21_2","Interurban Rail, Suburban Rail",7,0.36427
521024,5,4,0.018431,0.134761,0.000629,1.9e-05,180938.8476,665688.0887,"M1-KS-LOD, M1-LOD-KS, M1-RA-RE, M1-RE-RA",Metro,6,0.363962
36319,7,6,0.002051,0.079949,0.000786,0.15131,201175.2465,745846.574,"m0110a, m0120a, m0210a, m0620a, m0710a, m0920a",BRT,4,0.363517
463642,4,14,0.030429,0.061019,0.000885,1e-06,180712.9747,572414.8924,"rail_17_1, rail_17_2, rail_20_1, rail_20_2, rail_21_1, rail_21_2, rail_22_1, rail_22_2, rail_23_1, rail_23_2, rail_3_1, rail_3_2, rail_4_1, rail_4_2","Interurban Rail, Suburban Rail",7,0.363134
512111,7,3,0.008184,0.112837,0.000917,1.8e-05,181513.8812,646368.4966,"Light-Blue_S, Turquoise_N, Turquoise_S",LRT,5,0.363018
511012,5,6,0.044996,0.134314,0.000671,1.8e-05,181114.701,665511.168,"Red-N, Red-S, Red2-N, Red2-S, Shut-N, Shut-S",LRT,5,0.362952
400423,3,4,0.154526,0.127027,0.000572,0.0,177656.139,658022.1443,"rail_11_1, rail_11_2, rail_20_1, rail_20_2",Suburban Rail,6,0.361966
521060,4,4,0.05817,0.13101,0.000637,0.0,178977.8154,660615.6023,"M1-KS-LOD, M1-LOD-KS, M1-RA-RE, M1-RE-RA",Metro,6,0.358196
400422,3,4,0.15165,0.129731,0.00051,0.0,177447.1169,660333.9903,"rail_11_1, rail_11_2, rail_20_1, rail_20_2",Suburban Rail,6,0.357983
512026,5,6,0.030848,0.130173,0.000701,0.0,179203.599,660547.149,"Grn1-N, Grn1-S, Grn2-N, Grn2-S, Grn3-N, Grn3-S",LRT,5,0.356427
521043,3,6,0.009843,0.118986,0.000932,0.0,189874.8229,650356.5694,"East-N, East-S, M1-KS-LOD, M1-LOD-KS, Yelw-N, Yelw-S","BRT, LRT, Metro",6,0.355561
521012,3,4,0.06572,0.123092,0.000811,0.0,180633.5545,655248.1841,"M1-KS-LOD, M1-LOD-KS, M1-RA-RE, M1-RE-RA",Metro,6,0.354719
521009,6,2,0.045903,0.119015,0.000597,0.0,181421.2139,650901.7357,"M1-RA-RE, M1-RE-RA",Metro,6,0.352708
511008,3,6,0.032633,0.124132,0.000984,0.0,184970.063,666692.183,"Red-N, Red-S, Red2-N, Red2-S, Shut-N, Shut-S",LRT,5,0.350952
511168,6,4,0.017051,0.110813,0.000872,0.0,189746.2445,677427.4451,"LRT-L1, LRT-L2, LRT151, LRT152",LRT,5,0.349352
400460,3,8,0.00171,0.112228,0.000656,3e-06,196343.0087,644492.4792,"rail_18_1, rail_18_2, rail_19_1, rail_19_2, rail_1_1, rail_1_2, rail_20_1, rail_20_2","Interurban Rail, Suburban Rail",7,0.349159
521055,3,4,0.065631,0.125524,0.00073,0.0,178869.1384,656916.6836,"M1-KS-LOD, M1-LOD-KS, M1-RA-RE, M1-RE-RA",Metro,6,0.349109
51142,5,8,0.018802,0.082132,0.001129,0.0,218940.3621,628862.974,"LRT31, LRT32, LRT41, LRT42, LRT71, LRT72, LRT81, LRT82",LRT,5,0.347576
400425,4,4,0.129236,0.109259,0.000585,1e-06,174699.7847,644355.9187,"rail_11_1, rail_11_2, rail_20_1, rail_20_2",Suburban Rail,6,0.347054
400441,2,8,0.052012,0.105161,0.000704,1e-06,186431.8946,638813.7428,"rail_15_1, rail_15_2, rail_17_1, rail_17_2, rail_3_1, rail_3_2, rail_4_1, rail_4_2","Interurban Rail, Suburban Rail",7,0.346792
511110,5,5,0.047233,0.105225,0.000909,1e-06,175583.599,640617.0944,"L1-N, L1-S, L2-N, L2-S, LRT-L2",LRT,5,0.346608
521051,4,4,0.019207,0.121251,0.000752,0.0,181982.9704,654300.6641,"M1-KS-LOD, M1-LOD-KS, Yelw-N, Yelw-S","BRT, Metro",6,0.345811
400426,2,4,0.144803,0.124555,0.000612,0.0,177397.4084,656498.2245,"rail_11_1, rail_11_2, rail_20_1, rail_20_2",Suburban Rail,6,0.345798
521039,6,3,0.007741,0.112001,0.000677,0.0,189572.624467,677573.6018,"East-S, M1-RA-RE, M1-RE-RA","LRT, Metro",6,0.345571
51103,7,5,0.039334,0.087253,0.000867,1e-06,219097.941,632458.8069,"LRT31, LRT32, LRT41, LRT42, LRT9",LRT,5,0.345267
521021,4,4,0.00839,0.133496,0.000631,2e-06,179908.1597,662275.0633,"M1-KS-LOD, M1-LOD-KS, M1-RA-RE, M1-RE-RA",Metro,6,0.345082
521023,4,4,0.00791,0.133679,0.000629,5e-06,180792.9973,664532.1311,"M1-KS-LOD, M1-LOD-KS, M1-RA-RE, M1-RE-RA",Metro,6,0.344987
521006,5,2,0.042306,0.115928,0.000703,1.2e-05,181761.1167,646029.0156,"M1-RA-RE, M1-RE-RA",Metro,6,0.344685
36402,10,1,0.00415,0.079562,0.000235,0.205122,201601.059,745120.134,m0610a,BRT,4,0.344666
521056,3,4,0.058655,0.127265,0.000684,0.0,177928.5244,657875.2793,"M1-KS-LOD, M1-LOD-KS, M1-RA-RE, M1-RE-RA",Metro,6,0.344308
516006,4,4,0.012754,0.120256,0.000989,0.0,176553.0248,655370.8368,"ART1-1, ART1-2, ART2-1, ART2-2",LRT,5,0.344043
34000,6,5,0.16263,0.081406,0.000685,0.003152,203570.7475,744392.0378,"lrt02, lrt03, lrt04, lrt07, lrt08",LRT,5,0.343994
525088,5,3,0.011429,0.120755,0.000665,1e-06,190583.1498,652231.9665,"East-S, M1-KS-LOD, M1-LOD-KS","LRT, Metro",6,0.342426
511165,5,4,0.04683,0.115122,0.000797,0.0,189371.152,675486.8677,"LRT-L1, LRT-L2, LRT142, LRT152",LRT,5,0.341876
525203,3,5,0.008841,0.112043,0.000937,0.0,190201.8403,672447.42662,"East-N, East-S, M1-KS-LOD, M1-LOD-KS, Yelw-S","BRT, LRT, Metro",6,0.341597
513024,3,6,0.012533,0.123466,0.000962,0.0,185197.1174,662116.2539,"Mgt1-E, Mgt1-W, Mgt2-E, Mgt2-W, Mgt3-E, Mgt3-W",LRT,5,0.341469
511100,6,4,0.034332,0.106122,0.000788,1e-06,175886.0834,641276.3719,"L2-N, L2-S, LRT-L1, LRT-L2",LRT,5,0.339832
400251,4,6,0.025689,0.125682,0.000524,5e-06,191354.4784,655582.2622,"rail_10_1, rail_10_2, rail_13_1, rail_13_2, rail_15_1, rail_15_2",Suburban Rail,6,0.339649
512028,3,6,0.023646,0.127345,0.000863,0.0,179037.522,658933.547,"Grn1-N, Grn1-S, Grn2-N, Grn2-S, Grn3-N, Grn3-S",LRT,5,0.339397
516008,5,4,0.026802,0.1222,0.000741,1e-06,177163.5897,655059.9453,"ART1-1, ART1-2, ART2-1, ART2-2",LRT,5,0.338684
511009,3,6,0.03331,0.127431,0.000826,0.0,183523.0489,666448.6737,"Red-N, Red-S, Red2-N, Red2-S, Shut-N, Shut-S",LRT,5,0.338541
523022,3,4,0.037832,0.121307,0.000758,0.0,187064.7687,666964.0445,"East-N, East-S, Me03-L, Me03-R","LRT, Metro",6,0.338059
522006,4,2,0.023857,0.132265,0.000632,3e-06,180843.9582,664399.2502,"Me02-E, Me02-W",Metro,6,0.337894
523026,5,2,0.008673,0.122098,0.000657,0.0,181784.6362,674507.8526,"Me03-L, Me03-R",Metro,6,0.337094
513014,4,6,0.022754,0.132977,0.000634,2e-06,179835.221,662548.522,"Mgt1-E, Mgt1-W, Mgt2-E, Mgt2-W, Mgt3-E, Mgt3-W",LRT,5,0.336063
984883,4,6,0.034545,0.104315,0.000494,0.000137,190690.2858,704921.5234,"rail_11_1, rail_11_2, rail_12_1, rail_12_2, rail_1_1, rail_1_2","Interurban Rail, Suburban Rail",7,0.335768
523002,4,2,0.018957,0.1256,0.000704,0.0,177804.8828,658040.5093,"Me03-L, Me03-R",Metro,6,0.335607
511253,5,4,0.004736,0.127029,0.000707,2.1e-05,183073.6073,674713.8697,"LRT121, LRT122, LRT131, LRT132",LRT,5,0.334356
521032,3,4,0.009013,0.118692,0.000816,0.0,185149.5562,673021.477,"M1-KS-LOD, M1-LOD-KS, M1-RA-RE, M1-RE-RA",Metro,6,0.33188
512068,3,6,0.009016,0.125366,0.000858,0.0,179973.5393,668900.7325,"Grn1-N, Grn1-S, Grn2-N, Grn2-S, Grn3-N, Grn3-S",LRT,5,0.331667
523025,3,4,0.026958,0.122122,0.00072,0.0,187241.2756,663059.8097,"East-N, East-S, Me03-L, Me03-R","LRT, Metro",6,0.331642
511016,4,6,0.010788,0.129409,0.000667,0.0,178897.706,663326.155,"Red-N, Red-S, Red2-N, Red2-S, Shut-N, Shut-S",LRT,5,0.331326
511051,4,4,0.035803,0.106437,0.000967,0.0,176186.2229,641890.5415,"L2-N, L2-S, LRT-L1, LRT-L2",LRT,5,0.331262
523014,3,4,0.025977,0.121381,0.000728,0.0,187490.95,666222.221,"East-N, East-S, Me03-L, Me03-R","LRT, Metro",6,0.331206
521049,4,4,0.021777,0.117056,0.000649,0.0,185146.0403,653071.6668,"M1-KS-LOD, M1-LOD-KS, Yelw-N, Yelw-S","BRT, Metro",6,0.330254
521079,4,4,0.007994,0.120591,0.000645,0.0,190013.5272,652532.3715,"M1-KS-LOD, M1-LOD-KS, Yelw-N, Yelw-S","BRT, Metro",6,0.330012
511194,4,4,0.053742,0.108129,0.000875,0.0,188168.2085,688226.0389,"LRT131, LRT132, LRT151, LRT152",LRT,5,0.329156
521058,2,4,0.056334,0.129551,0.000645,0.0,178322.0544,659981.3459,"M1-KS-LOD, M1-LOD-KS, M1-RA-RE, M1-RE-RA",Metro,6,0.328026
521057,2,4,0.055804,0.12851,0.000659,0.0,177995.6579,659109.9107,"M1-KS-LOD, M1-LOD-KS, M1-RA-RE, M1-RE-RA",Metro,6,0.328017
400810,2,8,0.050989,0.089457,0.000718,0.0,182656.2569,624433.898,"rail_15_1, rail_15_2, rail_17_1, rail_17_2, rail_3_1, rail_3_2, rail_4_1, rail_4_2","Interurban Rail, Suburban Rail",7,0.327809
521027,3,4,0.013565,0.129508,0.000633,0.0,181293.6437,668110.8256,"M1-KS-LOD, M1-LOD-KS, M1-RA-RE, M1-RE-RA",Metro,6,0.327579
36364,3,11,0.015328,0.080751,0.001308,5.2e-05,198921.188,747788.743,"m0110a, m0120a, m0210a, m0220a, m0610a, m0620a, m0710a, m0720a, m0810a, m0910a, m0920a",BRT,4,0.327359
400181,4,4,0.054915,0.118055,0.000513,5e-06,186857.32,647197.0753,"rail_19_1, rail_19_2, rail_20_1, rail_20_2",Suburban Rail,6,0.327357
521028,3,4,0.015409,0.128513,0.000637,0.0,181418.5859,669064.5852,"M1-KS-LOD, M1-LOD-KS, M1-RA-RE, M1-RE-RA",Metro,6,0.327353
521010,4,2,0.061493,0.120447,0.000562,0.0,181202.6505,652494.4299,"M1-RA-RE, M1-RE-RA",Metro,6,0.327137
36000,7,8,0.005903,0.081075,0.000886,0.011099,203587.341,744143.342,"m0110a, m0120a, m0210a, m0220a, m0310a, m0320a, m0720a, m0820a",BRT,4,0.325844
521063,3,4,0.015394,0.12539,0.00066,0.0,182078.0371,670995.1837,"M1-KS-LOD, M1-LOD-KS, M1-RA-RE, M1-RE-RA",Metro,6,0.32576
521004,4,2,0.019606,0.112689,0.000765,3e-06,182316.6609,644585.2208,"M1-RA-RE, M1-RE-RA",Metro,6,0.325723
51136,4,8,0.02288,0.082134,0.001046,0.0,218940.3621,628862.974,"LRT31, LRT32, LRT41, LRT42, LRT71, LRT72, LRT81, LRT82",LRT,5,0.325667
521047,4,4,0.017915,0.115361,0.000636,0.0,185201.7616,650581.91,"M1-KS-LOD, M1-LOD-KS, Yelw-N, Yelw-S","BRT, Metro",6,0.325412
523023,2,4,0.026778,0.121706,0.000796,0.0,185619.2081,661445.1576,"East-N, East-S, Me03-L, Me03-R","LRT, Metro",6,0.324867
511221,4,4,0.036488,0.107894,0.000886,0.0,187336.4932,688166.413,"LRT121, LRT122, LRT141, LRT142","BRT, LRT",5,0.324658
521071,3,4,0.007864,0.111485,0.000837,0.0,190212.1762,673771.3212,"East-N, East-S, M1-KS-LOD, M1-LOD-KS","LRT, Metro",6,0.324525
51018,6,5,0.00997,0.0864,0.000903,0.0,220766.0895,632246.2303,"LRT11, LRT12, LRT31, LRT32, LRT9",LRT,5,0.324508
521035,5,3,0.011993,0.118813,0.000517,1e-06,189378.654667,649587.490133,"M1-KS-LOD, M1-LOD-KS, Yelw-S","BRT, Metro",6,0.324265
523005,4,2,0.015773,0.12376,0.000629,0.0,180867.0398,657621.7551,"Me03-L, Me03-R",Metro,6,0.324151
400250,2,8,0.02235,0.113556,0.000701,0.0,193956.3301,667975.077,"rail_10_1, rail_10_2, rail_13_1, rail_13_2, rail_15_1, rail_15_2, rail_17_1, rail_17_2",Suburban Rail,6,0.324083
523001,3,2,0.011226,0.123404,0.000766,0.0,176928.2022,658122.917,"Me03-L, Me03-R",Metro,6,0.322646
521067,3,4,0.003812,0.116232,0.000766,0.0,186324.3613,672814.9079,"M1-KS-LOD, M1-LOD-KS, Yelw-N, Yelw-S","BRT, Metro",6,0.321769
34006,4,6,0.099076,0.077401,0.000939,9.1e-05,207160.5454,745947.4669,"lrt01, lrt02, lrt03, lrt04, lrt07, lrt08",LRT,5,0.321486
36635,4,6,0.007133,0.079615,0.001123,0.067978,200815.1718,745572.6942,"m0310a, m0320a, m0510a, m0520a, m0810a, m0820a",BRT,4,0.321273
512134,5,4,0.116068,0.095113,0.000638,1e-06,168462.8422,631444.6611,"Orange_N, Orange_S, RedN, RedS",LRT,5,0.320997
522015,4,2,0.008355,0.113534,0.000741,0.0,190934.2245,665562.9191,"Me02-E, Me02-W",Metro,6,0.320772
512006,3,4,0.032677,0.132458,0.000699,1.3e-05,181900.5206,667878.6035,"Grn1-N, Grn1-S, Grn3-N, Grn3-S",LRT,5,0.320601
1018,5,12,0.022837,0.079178,0.000691,0.056459,202088.2279,744931.5589,"R321-1, R321-2, R323-1, R323-2, R324-1, R324-2, R327-1, R327-2, R328-1, R328-2, R330-1, R330-2",BRT,4,0.320328
511015,3,6,0.010195,0.130405,0.000687,0.0,179798.646,663787.322,"Red-N, Red-S, Red2-N, Red2-S, Shut-N, Shut-S",LRT,5,0.32026
511176,4,4,0.012222,0.102163,0.000977,0.0,189988.3338,684678.5628,"LRT-L1, LRT-L2, LRT151, LRT152",LRT,5,0.319399
51150,4,6,0.010104,0.080943,0.001137,0.0,220609.9952,628087.1968,"LRT31, LRT32, LRT61, LRT62, LRT81, LRT82",LRT,5,0.319309
511010,2,6,0.033133,0.130676,0.00074,0.0,182285.706,665861.174,"Red-N, Red-S, Red2-N, Red2-S, Shut-N, Shut-S",LRT,5,0.319171
523024,2,4,0.026854,0.121884,0.000739,0.0,186463.4217,662301.1337,"East-N, East-S, Me03-L, Me03-R","LRT, Metro",6,0.319078
34014,5,6,0.094332,0.07206,0.000861,3e-06,212666.6291,747605.9202,"lrt01, lrt02, lrt03, lrt04, lrt05, lrt06",LRT,5,0.319058
1016,5,10,0.008473,0.078921,0.001041,0.001641,205605.0931,745589.7711,"R321-1, R321-2, R322-1, R322-2, R323-1, R323-2, R329-1, R329-2, R331-1, R331-2",BRT,4,0.318336
400501,4,4,0.057177,0.121232,0.000384,1.6e-05,186122.5465,676332.6436,"rail_17_1, rail_17_2, rail_20_1, rail_20_2",Suburban Rail,6,0.318322
1020,5,10,0.002285,0.080176,0.000785,0.064461,200928.1864,745941.4355,"R321-1, R321-2, R325-1, R325-2, R327-1, R327-2, R328-1, R328-2, R330-1, R330-2",BRT,4,0.318191
521041,3,4,0.023741,0.119302,0.000637,0.0,187364.5792,648671.5042,"M1-KS-LOD, M1-LOD-KS, Yelw-N, Yelw-S","BRT, Metro",6,0.318132
522025,3,2,0.010518,0.128865,0.00066,0.0,177503.7032,660341.8002,"Me02-E, Me02-W",Metro,6,0.318127
513004,3,4,0.009564,0.130301,0.000769,0.0,179645.1614,665882.3048,"Mgt1-E, Mgt1-W, Mgt2-E, Mgt2-W",LRT,5,0.318095
522003,3,2,0.010649,0.129386,0.000653,0.0,178554.9929,664210.6611,"Me02-E, Me02-W",Metro,6,0.318029
513011,3,6,0.007351,0.129442,0.000685,0.0,178844.544,663414.046,"Mgt1-E, Mgt1-W, Mgt2-E, Mgt2-W, Mgt3-E, Mgt3-W",LRT,5,0.317859
511011,2,6,0.034156,0.13316,0.000693,2e-06,181469.726,665603.5416,"Red-N, Red-S, Red2-N, Red2-S, Shut-N, Shut-S",LRT,5,0.317658
521025,2,4,0.015138,0.132806,0.000629,2e-06,180848.9753,666399.4313,"M1-KS-LOD, M1-LOD-KS, M1-RA-RE, M1-RE-RA",Metro,6,0.317621
513012,3,6,0.012106,0.131141,0.000645,0.0,179220.368,662865.157,"Mgt1-E, Mgt1-W, Mgt2-E, Mgt2-W, Mgt3-E, Mgt3-W",LRT,5,0.317312
511222,3,4,0.088924,0.108898,0.000781,0.0,187784.4449,688133.1472,"LRT121, LRT122, LRT131, LRT132",LRT,5,0.316808
400500,4,4,0.044545,0.115831,0.000471,2e-06,189454.885,675489.7704,"rail_17_1, rail_17_2, rail_20_1, rail_20_2",Suburban Rail,6,0.316719
34085,8,4,0.006822,0.082713,0.000655,0.001274,198690.6659,748473.5219,"lrt03, lrt04, lrt07, lrt08",LRT,5,0.316126
522008,3,2,0.018475,0.127806,0.00063,0.0,182863.7038,664783.7161,"Me02-E, Me02-W",Metro,6,0.31598
400252,3,6,0.030687,0.112821,0.000572,1e-06,193818.5898,663312.7944,"rail_10_1, rail_10_2, rail_13_1, rail_13_2, rail_15_1, rail_15_2",Suburban Rail,6,0.315668
525060,5,2,0.032163,0.113353,0.000714,0.0,190065.5311,675928.5192,"LRT141, LRT142","BRT, LRT",5,0.315534
513002,3,6,0.006222,0.12997,0.000659,0.0,178880.9137,663040.5548,"Mgt1-E, Mgt1-W, Mgt2-E, Mgt2-W, Mgt3-E, Mgt3-W",LRT,5,0.315447
512055,3,6,0.007578,0.128854,0.000668,0.0,178924.2862,660924.6246,"Grn1-N, Grn1-S, Grn2-N, Grn2-S, Grn3-N, Grn3-S",LRT,5,0.315331
36095,5,4,0.023655,0.083458,0.001215,6e-05,196893.4485,743436.2916,"m0610a, m0620a, m0710a, m0720a",BRT,4,0.315055
512016,3,6,0.008604,0.129836,0.00065,0.0,179634.338,665920.3709,"Grn1-N, Grn1-S, Grn2-N, Grn2-S, Grn3-N, Grn3-S",LRT,5,0.315023
521061,2,4,0.007501,0.132337,0.000633,0.0,179658.9033,661503.4147,"M1-KS-LOD, M1-LOD-KS, M1-RA-RE, M1-RE-RA",Metro,6,0.315006
521022,2,4,0.006186,0.132887,0.000629,1e-06,180523.5935,663376.6897,"M1-KS-LOD, M1-LOD-KS, M1-RA-RE, M1-RE-RA",Metro,6,0.314919
524002,5,2,0.044301,0.128188,0.000494,3e-06,187756.5446,656530.0024,"East-N, East-S",LRT,5,0.31485
511262,3,4,0.018712,0.12518,0.000773,1e-06,182227.0367,674890.346,"LRT121, LRT122, LRT131, LRT132",LRT,5,0.314823
512275,4,4,0.074754,0.079341,0.001022,0.0,162475.542,621269.7581,"Orange_N, Orange_S, RedN, RedS",LRT,5,0.314673
400402,3,4,0.004832,0.124792,0.00037,4e-06,185387.2905,656439.1846,"rail_16_1, rail_16_2, rail_5_1, rail_5_2","Interurban Rail, Suburban Rail",7,0.314515
521026,2,4,0.014103,0.130501,0.000631,0.0,180614.6092,667341.7075,"M1-KS-LOD, M1-LOD-KS, M1-RA-RE, M1-RE-RA",Metro,6,0.314474
512027,2,6,0.023261,0.127929,0.000758,0.0,178831.666,659366.011,"Grn1-N, Grn1-S, Grn2-N, Grn2-S, Grn3-N, Grn3-S",LRT,5,0.314455
521037,4,2,0.010483,0.118169,0.00062,2e-06,186103.7656,676594.3495,"M1-RA-RE, M1-RE-RA",Metro,6,0.314449
512022,3,6,0.008949,0.130555,0.000633,0.0,179188.538,662907.714,"Grn1-N, Grn1-S, Grn2-N, Grn2-S, Grn3-N, Grn3-S",LRT,5,0.314246
511273,6,2,0.009642,0.115681,0.000603,0.0,180046.5489,652653.9868,"LRT-L1, LRT-L2",LRT,5,0.31388
516007,3,4,0.013905,0.121272,0.000825,0.0,176871.1969,655199.6526,"ART1-1, ART1-2, ART2-1, ART2-2",LRT,5,0.313838
511246,3,4,0.091484,0.114488,0.000676,2e-06,187124.8535,685544.2794,"LRT121, LRT122, LRT131, LRT132",LRT,5,0.313561
523019,3,2,0.013126,0.125217,0.000653,0.0,182080.1281,670978.2674,"Me03-L, Me03-R",Metro,6,0.313549
516009,4,4,0.012152,0.121683,0.000688,0.0,177369.7714,654999.5628,"ART1-1, ART1-2, ART2-1, ART2-2",LRT,5,0.31344
512007,3,4,0.011093,0.130414,0.000719,2e-06,181450.4606,668352.4672,"Grn1-N, Grn1-S, Grn3-N, Grn3-S",LRT,5,0.313407
523003,3,2,0.008657,0.124721,0.000667,0.0,178750.6763,657861.9466,"Me03-L, Me03-R",Metro,6,0.312957
512020,3,6,0.005602,0.130354,0.000633,0.0,179784.3637,663723.5648,"Grn1-N, Grn1-S, Grn2-N, Grn2-S, Grn3-N, Grn3-S",LRT,5,0.312937
521048,3,4,0.017773,0.116243,0.00064,0.0,185136.5701,652079.1246,"M1-KS-LOD, M1-LOD-KS, Yelw-N, Yelw-S","BRT, Metro",6,0.312655
1017,6,10,0.003447,0.081485,0.000791,0.013047,203879.7375,744188.8601,"R321-1, R321-2, R322-1, R322-2, R323-1, R323-2, R329-1, R329-2, R331-1, R331-2",BRT,4,0.31258
523012,3,3,0.031792,0.122475,0.00057,0.0,186924.3086,664442.0477,"East-S, Me03-L, Me03-R","LRT, Metro",6,0.312247
516022,5,4,0.00383,0.116496,0.000629,0.0,179775.0125,652712.8275,"ART1-1, ART1-2, ART2-1, ART2-2",LRT,5,0.312196
34005,4,6,0.104545,0.078994,0.000814,0.000595,205619.324,745589.6,"lrt01, lrt02, lrt03, lrt04, lrt07, lrt08",LRT,5,0.312095
515070,4,4,0.006582,0.118739,0.000944,0.0,190691.6795,652342.3207,"BRT1-1, BRT1-2, BRT2-1, BRT2-2",BRT,4,0.311573
521062,2,4,0.014194,0.126888,0.000645,0.0,181537.8079,670093.4642,"M1-KS-LOD, M1-LOD-KS, M1-RA-RE, M1-RE-RA",Metro,6,0.31146
522026,2,2,0.008289,0.126408,0.000767,0.0,177735.4825,661406.1231,"Me02-E, Me02-W",Metro,6,0.311392
521007,3,2,0.041991,0.117462,0.000641,1e-06,181087.1081,648562.9307,"M1-RA-RE, M1-RE-RA",Metro,6,0.311312
51022,5,5,0.065462,0.087889,0.000731,2e-06,219277.3891,632862.3853,"LRT11, LRT12, LRT21, LRT22, LRT9",LRT,5,0.311061
521053,3,4,0.017723,0.115247,0.000633,0.0,185216.1383,649417.6416,"M1-KS-LOD, M1-LOD-KS, Yelw-N, Yelw-S","BRT, Metro",6,0.31067
522027,3,2,0.015454,0.124155,0.000632,0.0,185304.2168,664781.6689,"Me02-E, Me02-W",Metro,6,0.310634
36110,5,8,0.015969,0.078602,0.001055,0.000314,205645.2956,745712.4591,"m0110a, m0120a, m0210a, m0220a, m0310a, m0320a, m0410a, m0820a",BRT,4,0.310632
522012,3,2,0.018412,0.122555,0.000642,0.0,187018.5855,664535.8308,"Me02-E, Me02-W",Metro,6,0.310527
513020,3,6,0.005873,0.12458,0.000676,0.0,182853.913,662971.511,"Mgt1-E, Mgt1-W, Mgt2-E, Mgt2-W, Mgt3-E, Mgt3-W",LRT,5,0.310199
31622,3,6,0.015323,0.071356,0.000616,7.5e-05,208101.8459,759252.9231,"rail_2_1, rail_2_2, rail_3_1, rail_3_2, rail_4_1, rail_4_2","HighSpeed Rail, Interurban Rail",8,0.310118
521008,3,2,0.0422,0.118041,0.000619,0.0,181224.036,649485.3067,"M1-RA-RE, M1-RE-RA",Metro,6,0.309824
511255,3,4,0.015053,0.125873,0.000729,5e-06,182475.7774,674797.8934,"LRT121, LRT122, LRT131, LRT132",LRT,5,0.309809
522011,3,2,0.014238,0.123334,0.000636,0.0,185980.398,664544.4913,"Me02-E, Me02-W",Metro,6,0.309586
516025,4,4,0.028656,0.119353,0.00063,0.0,181277.1195,652405.8345,"ART1-1, ART1-2, ART2-1, ART2-2",LRT,5,0.309487
36193,7,5,0.005654,0.080474,0.000932,5.3e-05,197519.1282,748468.4834,"m0110a, m0120a, m0620a, m0710a, m0720a",BRT,4,0.309183
511254,4,4,0.021959,0.12749,0.000549,2e-05,183017.2425,674573.2911,"LRT121, LRT122, LRT131, LRT132",LRT,5,0.309171
31525,4,6,0.005928,0.069393,0.000746,0.000172,216505.9832,757346.703,"rail_1_1, rail_1_2, rail_5_1, rail_5_2, rail_6_1, rail_6_2","Interurban Rail, Suburban Rail",7,0.309085
36103,5,8,0.020365,0.081549,0.000976,0.003457,203926.758,744242.158,"m0110a, m0120a, m0210a, m0220a, m0310a, m0320a, m0410a, m0820a",BRT,4,0.30869
521066,2,4,0.0078,0.118969,0.000733,0.0,184905.2676,672467.0069,"M1-KS-LOD, M1-LOD-KS, M1-RA-RE, M1-RE-RA",Metro,6,0.308665
31598,3,8,0.030953,0.086331,0.000497,0.000801,194621.1209,733162.8524,"rail_10_1, rail_10_2, rail_3_1, rail_3_2, rail_4_1, rail_4_2, rail_7_1, rail_7_2","Interurban Rail, Suburban Rail",7,0.308493
988338,3,6,0.014911,0.091732,0.000796,1.2e-05,200139.3994,699351.001,"rail_10_1, rail_10_2, rail_13_1, rail_13_2, rail_15_1, rail_15_2",Suburban Rail,6,0.307638
400470,2,8,0.000115,0.106117,0.000479,1e-06,200655.6509,645373.0965,"rail_18_1, rail_18_2, rail_19_1, rail_19_2, rail_1_1, rail_1_2, rail_20_1, rail_20_2","Interurban Rail, Suburban Rail",7,0.307596
512032,3,4,0.013182,0.124798,0.000726,0.0,178833.756,656965.026,"Grn1-N, Grn1-S, Grn3-N, Grn3-S",LRT,5,0.307528
521050,2,4,0.016165,0.118985,0.000697,0.0,183291.3598,653282.2842,"M1-KS-LOD, M1-LOD-KS, Yelw-N, Yelw-S","BRT, Metro",6,0.30748
513001,5,2,0.017508,0.133909,0.000434,1.8e-05,180941.712,665543.166,"Mgt1-E, Mgt2-E",LRT,5,0.307296
516026,4,4,0.02226,0.118813,0.000632,0.0,181565.717,652436.0143,"ART1-1, ART1-2, ART2-1, ART2-2",LRT,5,0.306929
512008,3,4,0.010579,0.128877,0.000676,0.0,181488.526,668911.589,"Grn1-N, Grn1-S, Grn3-N, Grn3-S",LRT,5,0.306584
512037,4,2,0.003758,0.119898,0.000764,0.0,177875.687,654906.295,"Grn1-N, Grn1-S",LRT,5,0.30613
523006,3,2,0.015213,0.122273,0.000613,0.0,181717.1387,658667.7825,"Me03-L, Me03-R",Metro,6,0.306081
523021,2,2,0.008406,0.122617,0.000761,0.0,182410.5597,673635.1326,"Me03-L, Me03-R",Metro,6,0.30596
400310,4,2,0.011643,0.123215,0.000253,3e-06,188655.301,652700.0346,"rail_5_1, rail_5_2",Interurban Rail,7,0.30578
525043,7,2,0.007475,0.115133,0.000629,2.1e-05,181777.0013,646257.0049,"BluRT1, BluRT2",BRT,4,0.30577
522022,3,2,0.009453,0.115374,0.000709,0.0,189684.4972,665955.1839,"Me02-E, Me02-W",Metro,6,0.305717
521064,2,4,0.008472,0.120394,0.000686,0.0,184232.1769,671742.3333,"M1-KS-LOD, M1-LOD-KS, M1-RA-RE, M1-RE-RA",Metro,6,0.305666
511013,2,6,0.010721,0.131902,0.000663,2e-06,180528.702,664934.157,"Red-N, Red-S, Red2-N, Red2-S, Shut-N, Shut-S",LRT,5,0.305433
513022,2,6,0.003466,0.123308,0.000785,0.0,183950.547,662986.159,"Mgt1-E, Mgt1-W, Mgt2-E, Mgt2-W, Mgt3-E, Mgt3-W",LRT,5,0.305181
511166,3,4,0.01713,0.113906,0.000822,0.0,189630.8478,675953.8298,"LRT-L1, LRT-L2, LRT151, LRT152",LRT,5,0.305125
512011,2,6,0.005163,0.125338,0.000755,0.0,179789.8384,668308.5598,"Grn1-N, Grn1-S, Grn2-N, Grn2-S, Grn3-N, Grn3-S",LRT,5,0.305111
522001,2,2,0.007884,0.126542,0.000707,0.0,177984.6243,662337.0606,"Me02-E, Me02-W",Metro,6,0.305025
523018,3,2,0.009497,0.122048,0.000622,0.0,183457.2826,670228.1076,"Me03-L, Me03-R",Metro,6,0.304982
400841,2,8,0.008022,0.082851,0.000708,0.0,162555.7445,620621.0796,"rail_11_1, rail_11_2, rail_12_1, rail_12_2, rail_20_1, rail_20_2, rail_5_1, rail_5_2","Interurban Rail, Suburban Rail",7,0.304808
512117,4,3,0.002739,0.108008,0.000846,0.0,180269.9905,644515.0102,"Light-Blue_S, Turquoise_N, Turquoise_S",LRT,5,0.3047
511014,2,6,0.010115,0.130953,0.000668,0.0,180270.096,664258.956,"Red-N, Red-S, Red2-N, Red2-S, Shut-N, Shut-S",LRT,5,0.304575
522007,2,2,0.019029,0.129551,0.000631,0.0,181978.1091,664730.376,"Me02-E, Me02-W",Metro,6,0.304207
522002,2,2,0.008267,0.128387,0.00067,0.0,178041.1365,663747.5343,"Me02-E, Me02-W",Metro,6,0.303607
511036,4,4,2.3e-05,0.119144,0.00066,0.0,176632.4499,655373.968,"Red-N, Red-S, Red2-N, Red2-S",LRT,5,0.303455
513009,3,5,0.007466,0.129142,0.000602,0.0,178577.698,664245.162,"Mgt1-E, Mgt1-W, Mgt2-E, Mgt2-W, Mgt3-E",LRT,5,0.303367
513013,2,6,0.011452,0.131889,0.000638,0.0,179512.864,662711.165,"Mgt1-E, Mgt1-W, Mgt2-E, Mgt2-W, Mgt3-E, Mgt3-W",LRT,5,0.302973
511252,3,4,0.008262,0.124948,0.000691,3e-06,183353.3675,675412.8741,"LRT121, LRT122, LRT131, LRT132",LRT,5,0.302466
521052,2,4,0.015486,0.117694,0.000666,0.0,184298.2763,653110.2764,"M1-KS-LOD, M1-LOD-KS, Yelw-N, Yelw-S","BRT, Metro",6,0.302321
511095,4,2,0.041867,0.107479,0.000765,0.0,174897.9672,643266.2702,"L2-N, L2-S",LRT,5,0.302303
36324,7,6,0.008366,0.080834,0.000687,0.028491,200806.2578,746340.085,"m0110a, m0120a, m0210a, m0620a, m0710a, m0920a",BRT,4,0.302024
522005,2,2,0.006457,0.130461,0.000636,0.0,179907.9173,664091.1487,"Me02-E, Me02-W",Metro,6,0.30199
400030,3,4,0.088805,0.116462,0.000329,1.8e-05,186965.432,685482.8831,"rail_11_1, rail_11_2, rail_14_1, rail_14_2",Suburban Rail,6,0.301962
51021,4,7,0.002678,0.087272,0.000865,1e-06,219688.9636,632791.8999,"LRT11, LRT12, LRT21, LRT22, LRT31, LRT32, LRT9",LRT,5,0.301301
522004,2,2,0.005924,0.129539,0.000641,0.0,179298.6056,664392.3544,"Me02-E, Me02-W",Metro,6,0.301171
36341,5,10,0.004501,0.079647,0.000879,0.002339,200424.957,747115.495,"m0110a, m0120a, m0210a, m0220a, m0610a, m0620a, m0710a, m0720a, m0910a, m0920a",BRT,4,0.301005
513015,2,6,0.010072,0.13105,0.000633,0.0,180419.999,662466.155,"Mgt1-E, Mgt1-W, Mgt2-E, Mgt2-W, Mgt3-E, Mgt3-W",LRT,5,0.300935
36006,6,3,0.016691,0.077866,0.000885,0.049056,201723.7604,744847.2,"m0810a, m0910a, m0920a",BRT,4,0.300897
51033,6,6,0.003133,0.08033,0.000723,1e-06,215238.824,629378.6201,"LRT11, LRT12, LRT21, LRT22, LRT81, LRT82",LRT,5,0.300583
521068,2,4,0.00276,0.114524,0.000723,0.0,187337.4847,672657.003,"M1-KS-LOD, M1-LOD-KS, Yelw-N, Yelw-S","BRT, Metro",6,0.300371
516023,4,4,0.008616,0.117239,0.000629,0.0,180318.8812,652527.7142,"ART1-1, ART1-2, ART2-1, ART2-2",LRT,5,0.300347
515086,4,4,0.00609,0.117621,0.000854,1e-06,188136.121,648376.8072,"BRT1-1, BRT1-2, BRT2-1, BRT2-2",BRT,4,0.300313
512049,4,2,0.012712,0.123909,0.000635,0.0,180817.75,657538.817,"Grn2-N, Grn2-S",LRT,5,0.3002
512030,3,4,0.013244,0.126013,0.000641,0.0,178960.892,657889.754,"Grn1-N, Grn1-S, Grn3-N, Grn3-S",LRT,5,0.300015
513010,2,6,0.003639,0.128756,0.000669,0.0,178742.722,663761.168,"Mgt1-E, Mgt1-W, Mgt2-E, Mgt2-W, Mgt3-E, Mgt3-W",LRT,5,0.299831
523020,2,2,0.008674,0.123094,0.000697,0.0,182041.1909,672792.2459,"Me03-L, Me03-R",Metro,6,0.299795
511034,3,4,0.003505,0.117511,0.000767,0.0,175854.3455,655791.7548,"Red-N, Red-S, Red2-N, Red2-S",LRT,5,0.299563
512013,2,6,0.005285,0.125614,0.000699,0.0,179680.02,667490.7786,"Grn1-N, Grn1-S, Grn2-N, Grn2-S, Grn3-N, Grn3-S",LRT,5,0.299551
400254,2,6,0.016693,0.108503,0.000647,0.0,195819.701,675833.1316,"rail_10_1, rail_10_2, rail_13_1, rail_13_2, rail_15_1, rail_15_2",Suburban Rail,6,0.299487
521046,2,4,0.018295,0.117322,0.000635,0.0,186423.3431,649174.5272,"M1-KS-LOD, M1-LOD-KS, Yelw-N, Yelw-S","BRT, Metro",6,0.299367
511173,3,4,0.013347,0.106077,0.000872,0.0,189226.937,679681.3185,"LRT-L1, LRT-L2, LRT151, LRT152",LRT,5,0.299267
400190,5,2,0.00256,0.116386,0.000387,0.0,181439.3634,650670.7278,"rail_20_1, rail_20_2",Suburban Rail,6,0.299015
512015,2,6,0.005909,0.127727,0.000667,0.0,179746.2489,666607.3432,"Grn1-N, Grn1-S, Grn2-N, Grn2-S, Grn3-N, Grn3-S",LRT,5,0.298977
511172,3,4,0.014432,0.107715,0.000845,0.0,189281.3868,678834.9526,"LRT-L1, LRT-L2, LRT151, LRT152",LRT,5,0.298871
513016,2,6,0.008955,0.12959,0.000633,0.0,180902.482,662426.024,"Mgt1-E, Mgt1-W, Mgt2-E, Mgt2-W, Mgt3-E, Mgt3-W",LRT,5,0.298755
512077,4,4,0.028781,0.074721,0.001063,0.0,159676.7102,619002.5689,"Orange_N, Orange_S, RedN, RedS",LRT,5,0.298703
513021,2,6,0.003848,0.123832,0.000716,0.0,183239.884,663054.641,"Mgt1-E, Mgt1-W, Mgt2-E, Mgt2-W, Mgt3-E, Mgt3-W",LRT,5,0.298643
522009,2,2,0.014295,0.126063,0.00063,0.0,183740.7005,664644.4053,"Me02-E, Me02-W",Metro,6,0.298168
512023,2,6,0.005917,0.129637,0.000635,0.0,178969.3747,662429.9677,"Grn1-N, Grn1-S, Grn2-N, Grn2-S, Grn3-N, Grn3-S",LRT,5,0.298088
523016,3,2,0.01486,0.122419,0.000537,0.0,185125.75,668764.8637,"Me03-L, Me03-R",Metro,6,0.298041
512063,3,2,0.009929,0.124256,0.000748,0.0,184938.325,668661.04,"Grn1-N, Grn1-S",LRT,5,0.297579
31610,3,6,0.036491,0.07892,0.000568,0.000145,206329.0311,747811.2785,"rail_1_1, rail_1_2, rail_3_1, rail_3_2, rail_4_1, rail_4_2",Interurban Rail,7,0.297536
513017,2,6,0.007877,0.128446,0.000637,0.0,181300.111,662403.167,"Mgt1-E, Mgt1-W, Mgt2-E, Mgt2-W, Mgt3-E, Mgt3-W",LRT,5,0.297322
512024,2,6,0.005309,0.128753,0.00064,0.0,178802.323,661907.317,"Grn1-N, Grn1-S, Grn2-N, Grn2-S, Grn3-N, Grn3-S",LRT,5,0.297265
1023,5,10,0.001404,0.080102,0.000856,0.000244,199663.8521,747644.5831,"R321-1, R321-2, R325-1, R325-2, R327-1, R327-2, R328-1, R328-2, R330-1, R330-2",BRT,4,0.297218
521042,2,2,0.038656,0.116498,0.000664,2e-06,181309.4526,646968.3349,"M1-RA-RE, M1-RE-RA",Metro,6,0.297216
512025,2,6,0.005474,0.127768,0.00065,0.0,178634.1559,661227.7808,"Grn1-N, Grn1-S, Grn2-N, Grn2-S, Grn3-N, Grn3-S",LRT,5,0.29716
511245,2,4,0.088586,0.110296,0.000714,0.0,187605.7211,687429.0177,"LRT121, LRT122, LRT131, LRT132",LRT,5,0.297083
521069,2,4,0.001945,0.112634,0.000715,0.0,188651.5618,672483.8594,"M1-KS-LOD, M1-LOD-KS, Yelw-N, Yelw-S","BRT, Metro",6,0.296841
512017,2,6,0.003476,0.128815,0.00064,0.0,179581.8434,665407.6848,"Grn1-N, Grn1-S, Grn2-N, Grn2-S, Grn3-N, Grn3-S",LRT,5,0.296744
512005,3,3,0.020784,0.130415,0.000584,2e-06,182569.9357,668135.0639,"Grn1-N, Grn1-S, Grn3-S",LRT,5,0.296636
525559,3,4,0.008017,0.113973,0.000767,0.0,184078.6882,652581.4135,"ART1-1, ART1-2, ART2-1, ART2-2",LRT,5,0.296449
522010,2,2,0.013599,0.124793,0.00063,0.0,184538.3359,664717.2943,"Me02-E, Me02-W",Metro,6,0.296409
521003,3,2,0.016118,0.110452,0.000659,1e-06,182707.8952,643536.2723,"M1-RA-RE, M1-RE-RA",Metro,6,0.296184
513019,2,6,0.006902,0.126913,0.000642,0.0,181859.605,662694.655,"Mgt1-E, Mgt1-W, Mgt2-E, Mgt2-W, Mgt3-E, Mgt3-W",LRT,5,0.295658
150620,5,2,0.005411,0.117088,0.000783,0.0,180311.7489,652543.0021,"BRT1-1, BRT1-2",BRT,4,0.29554
512018,2,6,0.00332,0.128148,0.000635,0.0,179621.7743,664631.9005,"Grn1-N, Grn1-S, Grn2-N, Grn2-S, Grn3-N, Grn3-S",LRT,5,0.295357
513018,2,6,0.006036,0.125708,0.000655,0.0,182294.831,663024.84,"Mgt1-E, Mgt1-W, Mgt2-E, Mgt2-W, Mgt3-E, Mgt3-W",LRT,5,0.295211
512052,3,2,0.007181,0.121534,0.000763,0.0,181810.7,656308.15,"Grn2-N, Grn2-S",LRT,5,0.294942
523004,2,2,0.007869,0.123519,0.000645,0.0,179684.657,657599.9577,"Me03-L, Me03-R",Metro,6,0.29459
511258,3,4,0.010629,0.09939,0.000916,0.0,189203.7043,692300.0667,"LRT131, LRT132, LRT141, LRT142","BRT, LRT",5,0.294584
516010,3,4,0.010061,0.120614,0.000663,0.0,177815.3666,654886.9194,"ART1-1, ART1-2, ART2-1, ART2-2",LRT,5,0.294528
51182,5,4,0.054687,0.087889,0.000654,2e-06,219277.3891,632862.3853,"LRT41, LRT42, LRT51, LRT52",LRT,5,0.294238
513003,2,4,0.007465,0.131708,0.000669,2e-06,180298.4611,665704.85,"Mgt1-E, Mgt1-W, Mgt2-E, Mgt2-W",LRT,5,0.294217
525318,5,2,0.012932,0.125963,0.000641,2e-05,183123.6335,674514.3374,"Hz-KS1, Hz-KS2",BRT,4,0.294029
400253,2,6,0.016146,0.103276,0.000658,0.0,198005.6755,681917.1669,"rail_10_1, rail_10_2, rail_13_1, rail_13_2, rail_15_1, rail_15_2",Suburban Rail,6,0.293798
36190,6,3,0.001848,0.079255,0.000477,0.138679,201658.6886,745336.275,"m0120a, m0220a, m0720a",BRT,4,0.293798
1021,5,10,0.003779,0.080746,0.00076,0.012234,200748.2762,746290.8966,"R321-1, R321-2, R325-1, R325-2, R327-1, R327-2, R328-1, R328-2, R330-1, R330-2",BRT,4,0.293718
400550,4,2,0.007309,0.120608,0.000406,0.0,187224.2799,668150.5297,"rail_20_1, rail_20_2",Suburban Rail,6,0.293629
513054,3,4,0.015559,0.121006,0.00063,0.0,186409.547,660317.641,"Mgt2-E, Mgt2-W, Mgt3-E, Mgt3-W",LRT,5,0.293231
513005,2,4,0.00499,0.128704,0.000702,0.0,178827.0119,666096.981,"Mgt1-E, Mgt1-W, Mgt2-E, Mgt2-W",LRT,5,0.293124
511029,3,4,0.010143,0.121613,0.000636,0.0,176802.9861,658156.1224,"Red-N, Red-S, Red2-N, Red2-S",LRT,5,0.292865
521073,3,2,0.017993,0.112823,0.000594,0.0,190094.3107,675971.8563,"M1-KS-LOD, M1-LOD-KS",Metro,6,0.292838
512105,4,4,0.02129,0.090315,0.00084,0.0,166105.7551,633159.4221,"Orange_N, Orange_S, RedN, RedS",LRT,5,0.292488
513031,3,2,0.00984,0.123297,0.00071,2e-06,185577.134,663896.041,"Mgt1-E, Mgt1-W",LRT,5,0.292357
522013,2,2,0.011873,0.120051,0.000653,0.0,187915.5416,665083.653,"Me02-E, Me02-W",Metro,6,0.292209
521034,3,2,0.005572,0.117882,0.000563,0.0,185331.6339,674808.1153,"M1-RA-RE, M1-RE-RA",Metro,6,0.292161
512073,3,3,0.006512,0.105513,0.000881,0.0,176165.9537,640990.6824,"Light-Blue_S, Turquoise_N, Turquoise_S",LRT,5,0.292141
511048,4,4,0.005404,0.090194,0.000877,0.0,166106.8119,633143.9628,"L1-N, L1-S, L2-N, L2-S",LRT,5,0.291287
400248,2,6,0.015602,0.099487,0.000681,0.0,199720.8515,686733.5471,"rail_10_1, rail_10_2, rail_13_1, rail_13_2, rail_15_1, rail_15_2",Suburban Rail,6,0.291262
522014,2,2,0.010651,0.117817,0.000673,0.0,188567.2219,665808.4525,"Me02-E, Me02-W",Metro,6,0.291071
512038,6,1,7.7e-05,0.120948,0.0004,1e-06,177340.531,655048.751,Grn1-N,LRT,5,0.290654
522024,2,2,0.001256,0.111902,0.000766,0.0,191706.2066,665586.5332,"Me02-E, Me02-W",Metro,6,0.290581
516039,3,4,0.007538,0.114224,0.000707,0.0,184063.3676,652356.4477,"ART1-1, ART1-2, ART2-1, ART2-2",LRT,5,0.290209
521011,2,2,0.050671,0.121259,0.000506,0.0,180893.9289,653638.3292,"M1-RA-RE, M1-RE-RA",Metro,6,0.290148
521070,2,4,0.001806,0.1117,0.000663,0.0,189857.6068,672295.5681,"M1-KS-LOD, M1-LOD-KS, Yelw-N, Yelw-S","BRT, Metro",6,0.290057
51112,6,6,0.003133,0.08033,0.000624,1e-06,215238.824,629378.6201,"LRT11, LRT12, LRT21, LRT22, LRT81, LRT82",LRT,5,0.290037
51052,3,6,0.035596,0.084349,0.00088,0.0,221543.9034,633942.4561,"LRT41, LRT42, LRT51, LRT52, LRT71, LRT72",LRT,5,0.289869
511076,3,4,0.043245,0.10338,0.000727,0.0,175123.2638,639831.98,"L1-N, L1-S, L2-N, L2-S",LRT,5,0.289695
525091,4,2,0.003929,0.12207,0.000805,0.0,181854.9543,658813.8844,"BluRT1, BluRT2",BRT,4,0.28958
523000,2,2,0.001256,0.119838,0.000659,0.0,175744.2743,657286.4431,"Me03-L, Me03-R",Metro,6,0.289301
467194,4,6,0.018708,0.060543,0.001075,0.0,182749.3463,573257.9135,"4.1_Arad-BS, 4.1_BS-Arad, 4.2_LRT_BRS-Shoket, 4.2_LRT_Shoket-BRS, 4.3_Ofakim-TelSheva, 4.3_TelSheva-Ofakim",LRT,5,0.289234
516037,3,4,0.014473,0.11475,0.00067,0.0,183800.8332,652009.5358,"ART1-1, ART1-2, ART2-1, ART2-2",LRT,5,0.289153
988342,2,6,0.015061,0.094576,0.000721,1e-06,200824.7701,693895.5506,"rail_10_1, rail_10_2, rail_13_1, rail_13_2, rail_15_1, rail_15_2",Suburban Rail,6,0.289023
515045,4,4,0.001193,0.118213,0.000753,1e-06,188649.161,648273.2337,"BRT1-1, BRT1-2, BRT2-1, BRT2-2",BRT,4,0.288792
511241,3,4,0.013767,0.106601,0.000765,0.0,187959.1957,688894.763,"LRT141, LRT142, LRT151, LRT152","BRT, LRT",5,0.288626
516032,3,4,0.017233,0.116129,0.000641,0.0,182904.0414,652299.511,"ART1-1, ART1-2, ART2-1, ART2-2",LRT,5,0.288601
511159,4,2,0.014483,0.109576,0.000692,0.0,191176.3308,677147.5987,"LRT141, LRT142","BRT, LRT",5,0.288585
516013,3,4,0.005133,0.11861,0.000646,0.0,178602.7625,654470.9418,"ART1-1, ART1-2, ART2-1, ART2-2",LRT,5,0.288517
516035,3,4,0.015837,0.115301,0.000653,0.0,183434.802,652130.3475,"ART1-1, ART1-2, ART2-1, ART2-2",LRT,5,0.288398
36045,6,4,0.000253,0.084464,0.000886,0.000319,196845.1485,744046.0785,"m0110a, m0620a, m0710a, m0720a",BRT,4,0.288233
31508,5,4,0.052239,0.080325,0.000461,0.002641,203417.1981,744258.2465,"rail_10_1, rail_10_2, rail_7_1, rail_7_2",Suburban Rail,6,0.28811
511257,3,4,0.017481,0.100678,0.00082,0.0,186656.8249,691047.6808,"LRT121, LRT122, LRT151, LRT152",LRT,5,0.288084
512031,2,4,0.011376,0.125304,0.000674,0.0,178875.779,657406.142,"Grn1-N, Grn1-S, Grn3-N, Grn3-S",LRT,5,0.287828
512033,2,4,0.005647,0.123786,0.000709,0.0,178819.26,656549.422,"Grn1-N, Grn1-S, Grn3-N, Grn3-S",LRT,5,0.287818
511039,3,4,0.006237,0.121873,0.000596,0.0,185771.8767,667548.3312,"Red2-N, Red2-S, Shut-N, Shut-S",LRT,5,0.287752
513006,2,4,0.004665,0.128227,0.000655,0.0,178637.9724,665571.8392,"Mgt1-E, Mgt1-W, Mgt2-E, Mgt2-W",LRT,5,0.287456
525092,2,2,0.014186,0.120865,0.000592,0.0,183151.9116,658906.1788,"Me03-L, Me03-R",Metro,6,0.287422
511129,3,4,0.003973,0.099547,0.000865,0.0,188457.3834,692385.0077,"LRT131, LRT132, LRT141, LRT142","BRT, LRT",5,0.287265
516024,3,4,0.009543,0.117854,0.000629,0.0,180645.6935,652484.6083,"ART1-1, ART1-2, ART2-1, ART2-2",LRT,5,0.287162
51194,3,6,0.034507,0.084013,0.000861,0.0,221785.8621,633889.3467,"LRT41, LRT42, LRT51, LRT52, LRT71, LRT72",LRT,5,0.287054
467763,4,4,0.006163,0.059798,0.001197,0.0,177245.8778,589073.2541,"4.4_Bee'rSheva-Rahat_Main, 4.4_Rahat-Bee'rSheva_Main, 4.5_Bee'rSheva-Rahat, 4.5_Rahat-Bee'rSheva",LRT,5,0.286849
467750,4,7,0.007614,0.060771,0.00103,0.0,180760.9789,574458.4182,"4.1_Arad-BS, 4.1_BS-Arad, 4.2_LRT_Shoket-BRS, 4.4_Bee'rSheva-Rahat_Main, 4.4_Rahat-Bee'rSheva_Main, 4.5_Bee'rSheva-Rahat, 4.5_Rahat-Bee'rSheva",LRT,5,0.286563
512009,2,4,0.007256,0.127641,0.000646,0.0,181090.8203,668954.0709,"Grn1-N, Grn1-S, Grn3-N, Grn3-S",LRT,5,0.286513
521075,2,2,0.009393,0.108939,0.00074,0.0,191974.3957,675679.5264,"M1-KS-LOD, M1-LOD-KS",Metro,6,0.286486
525097,4,2,0.003361,0.126825,0.000717,0.0,179380.5179,660677.1954,"BluRT1, BluRT2",BRT,4,0.286057
34010,5,4,0.097547,0.074176,0.000614,0.000139,210450.2539,747007.6192,"lrt01, lrt02, lrt03, lrt04",LRT,5,0.285809
36099,5,5,0.012027,0.082869,0.000928,5e-05,196472.8133,745695.14,"m0110a, m0120a, m0620a, m0710a, m0720a",BRT,4,0.285264
525573,3,4,0.028253,0.118834,0.000767,0.0,187133.9419,667131.9834,"RG-RH1, RG-RH2, RH-RG1, RH-RG2",BRT,4,0.2852
512110,4,3,0.003841,0.105763,0.000687,0.0,179023.0115,644069.7912,"Light-Blue_S, Turquoise_N, Turquoise_S",LRT,5,0.285135
36643,5,4,0.02536,0.079086,0.000729,0.06177,202101.449,744945.8354,"m0510a, m0520a, m0610a, m0620a",BRT,4,0.285052
511017,2,5,0.008397,0.126133,0.000595,0.0,177902.711,662910.17,"Red-N, Red-S, Red2-N, Red2-S, Shut-N",LRT,5,0.28482
463793,3,6,0.034674,0.063587,0.000638,1e-06,180809.9636,586486.6188,"rail_21_1, rail_21_2, rail_3_1, rail_3_2, rail_4_1, rail_4_2",Interurban Rail,7,0.284716
523017,2,2,0.007858,0.120732,0.000586,0.0,183677.6548,669502.2614,"Me03-L, Me03-R",Metro,6,0.284655
511204,3,4,0.007905,0.102184,0.000795,0.0,188053.3634,691042.7619,"LRT141, LRT142, LRT151, LRT152","BRT, LRT",5,0.284386
513007,2,4,0.004538,0.127963,0.000623,0.0,178362.702,664958.144,"Mgt1-E, Mgt1-W, Mgt2-E, Mgt2-W",LRT,5,0.28359
512095,3,4,0.080602,0.080609,0.000829,0.0,162241.2174,622431.3284,"Orange_N, Orange_S, RedN, RedS",LRT,5,0.283128
512035,3,2,0.002959,0.120653,0.000676,0.0,178967.316,655146.361,"Grn1-N, Grn1-S",LRT,5,0.283107
523009,2,2,0.014277,0.120306,0.000557,0.0,185487.9133,659156.1272,"Me03-L, Me03-R",Metro,6,0.283027
512029,2,4,0.012364,0.126582,0.00061,0.0,179022.217,658377.593,"Grn1-N, Grn1-S, Grn3-N, Grn3-S",LRT,5,0.282948
521038,2,2,0.00846,0.114571,0.000642,0.0,188056.5364,676460.9879,"M1-RA-RE, M1-RE-RA",Metro,6,0.282938
521031,2,2,0.007658,0.112571,0.000666,0.0,189172.782,677387.0382,"M1-RA-RE, M1-RE-RA",Metro,6,0.282746
512054,2,4,0.006168,0.126326,0.000625,0.0,180633.8639,668898.432,"Grn1-N, Grn1-S, Grn3-N, Grn3-S",LRT,5,0.282288
511251,2,4,0.007142,0.122361,0.000665,0.0,183737.7837,676282.6117,"LRT121, LRT122, LRT131, LRT132",LRT,5,0.281715
511126,3,5,0.01139,0.097272,0.000768,0.0,186920.3961,692821.9107,"LRT121, LRT122, LRT131, LRT151, LRT152",LRT,5,0.281566
512039,4,3,0.0184,0.124033,0.000392,0.0,181973.9861,674514.2549,"Grn2-S, LRT122, LRT132",LRT,5,0.281507
521074,2,2,0.010635,0.111225,0.000662,0.0,190868.2119,675980.5996,"M1-KS-LOD, M1-LOD-KS",Metro,6,0.281465
31991,2,6,0.036483,0.080449,0.000529,0.000608,205340.8912,746058.4864,"rail_1_1, rail_1_2, rail_3_1, rail_3_2, rail_4_1, rail_4_2",Interurban Rail,7,0.281255
511072,3,2,0.011405,0.109854,0.000762,1e-06,180385.4603,645492.6684,"L1-N, L1-S",LRT,5,0.281199
525321,4,2,0.003927,0.1236,0.000707,0.0,181943.3541,674529.2103,"Hz-KS1, Hz-KS2",BRT,4,0.280973
525209,3,2,0.027963,0.11893,0.0006,1e-06,187009.8049,647192.0644,"East-N, East-S",LRT,5,0.280571
512233,3,3,0.006855,0.107122,0.000752,0.0,179769.9728,644312.9088,"Light-Blue_S, Turquoise_N, Turquoise_S",LRT,5,0.280446
512235,4,2,0.00255,0.110037,0.000641,2e-06,180477.9803,645700.7649,"Turquoise_N, Turquoise_S",LRT,5,0.279921
513025,2,4,0.010438,0.122459,0.000636,0.0,185094.1998,661529.4735,"Mgt2-E, Mgt2-W, Mgt3-E, Mgt3-W",LRT,5,0.279821
51111,4,6,0.000672,0.08135,0.00079,0.0,218340.0342,628809.812,"LRT31, LRT32, LRT71, LRT72, LRT81, LRT82",LRT,5,0.279811
513008,2,4,0.004622,0.128021,0.000585,0.0,178363.373,664626.754,"Mgt1-E, Mgt1-W, Mgt2-E, Mgt2-W",LRT,5,0.279676
512185,4,4,0.030336,0.094431,0.000644,0.0,168096.1364,631645.4903,"Orange_N, Orange_S, RedN, RedS",LRT,5,0.279636
230777,4,4,0.039952,0.111288,0.000636,0.0,189700.5987,667054.8364,"RG-RH1, RG-RH2, RH-RG1, RH-RG2",BRT,4,0.279533
1006,5,12,0.00016,0.071627,0.000697,1e-06,208661.7429,751573.1809,"R1001-1, R1001-2, R1002-1, R1002-2, R1003-1, R1003-2, R321-1, R321-2, R322-1, R322-2, R323-1, R323-2",BRT,4,0.279385
1003,7,6,0.003889,0.073465,0.000692,0.000141,210373.3094,746818.709,"R1001-1, R1001-2, R1002-1, R1002-2, R331-1, R331-2",BRT,4,0.279314
511033,2,4,0.003371,0.117794,0.000707,0.0,176009.6665,656232.4482,"Red-N, Red-S, Red2-N, Red2-S",LRT,5,0.279188
511096,3,2,0.041574,0.107134,0.000685,0.0,175078.3705,642645.9582,"L2-N, L2-S",LRT,5,0.278927
515078,3,4,2.8e-05,0.117866,0.000801,0.0,190618.1317,652006.1632,"BRT1-1, BRT1-2, BRT2-1, BRT2-2",BRT,4,0.278785
36645,6,4,0.002404,0.083411,0.000804,0.000209,196616.1012,745390.8372,"m0110a, m0120a, m0620a, m0710a",BRT,4,0.278721
512010,2,4,0.005414,0.125621,0.000602,0.0,180336.1305,668840.2175,"Grn1-N, Grn1-S, Grn3-N, Grn3-S",LRT,5,0.278648
515037,4,4,0.000212,0.117425,0.00067,0.0,189292.1133,649395.4525,"BRT1-1, BRT1-2, BRT2-1, BRT2-2",BRT,4,0.278572
521036,2,2,0.001627,0.116357,0.000598,0.0,185051.6875,675902.1977,"M1-RA-RE, M1-RE-RA",Metro,6,0.278393
400510,2,4,0.010735,0.113831,0.000503,0.0,190881.0535,675214.9661,"rail_17_1, rail_17_2, rail_20_1, rail_20_2",Suburban Rail,6,0.278378
511250,2,4,0.006063,0.121064,0.000651,0.0,183945.0316,676740.5434,"LRT121, LRT122, LRT131, LRT132",LRT,5,0.278226
511210,3,4,0.015027,0.100449,0.000737,0.0,186546.1862,691079.6578,"LRT121, LRT122, LRT151, LRT152",LRT,5,0.278167
513063,2,4,0.00982,0.121664,0.000632,0.0,184909.4261,661035.1236,"Mgt2-E, Mgt2-W, Mgt3-E, Mgt3-W",LRT,5,0.278136
515072,4,4,0.001596,0.117613,0.000659,0.0,189449.5681,649637.9638,"BRT1-1, BRT1-2, BRT2-1, BRT2-2",BRT,4,0.278031
400340,2,2,0.028752,0.117606,0.000274,6e-06,183834.2154,648880.1208,"rail_5_1, rail_5_2",Interurban Rail,7,0.277575
36347,4,10,0.001234,0.079973,0.000803,0.000512,200142.181,747363.099,"m0110a, m0120a, m0210a, m0220a, m0610a, m0620a, m0710a, m0720a, m0910a, m0920a",BRT,4,0.277153
512062,2,2,0.010332,0.125364,0.000676,0.0,184557.7594,668289.2684,"Grn1-N, Grn1-S",LRT,5,0.277135
511020,2,4,0.006341,0.123412,0.000611,0.0,177367.707,661481.154,"Red-N, Red-S, Red2-N, Red2-S",LRT,5,0.277043
513052,2,4,0.009285,0.121004,0.000631,0.0,184778.258,660524.0864,"Mgt2-E, Mgt2-W, Mgt3-E, Mgt3-W",LRT,5,0.277009
525578,4,4,0.036989,0.11034,0.000632,0.0,189931.1036,666830.8553,"RG-RH1, RG-RH2, RH-RG1, RH-RG2",BRT,4,0.276988
511019,2,4,0.006971,0.124332,0.000597,0.0,177465.707,662072.158,"Red-N, Red-S, Red2-N, Red2-S",LRT,5,0.276966
512097,3,4,0.023327,0.091303,0.00081,0.0,166674.6233,632836.536,"Orange_N, Orange_S, RedN, RedS",LRT,5,0.276878
511021,2,4,0.005726,0.12275,0.000618,0.0,177247.704,661051.162,"Red-N, Red-S, Red2-N, Red2-S",LRT,5,0.276816
51129,3,6,0.013803,0.082013,0.000848,0.0,216334.6361,629925.1281,"LRT11, LRT12, LRT21, LRT22, LRT81, LRT82",LRT,5,0.276597
511032,2,4,0.004097,0.118631,0.00067,0.0,176273.6836,656676.5949,"Red-N, Red-S, Red2-N, Red2-S",LRT,5,0.276585
525459,3,2,0.006838,0.118113,0.000634,0.0,175830.3334,655743.804,"ART2-1, ART2-2",LRT,5,0.276579
513053,2,4,0.008945,0.12077,0.00063,0.0,185790.711,660414.992,"Mgt2-E, Mgt2-W, Mgt3-E, Mgt3-W",LRT,5,0.276484
513059,2,4,0.002511,0.110883,0.000767,0.0,189943.6694,659370.2985,"Mgt2-E, Mgt2-W, Mgt3-E, Mgt3-W",LRT,5,0.276483
513062,2,4,0.008957,0.120755,0.000629,0.0,185283.738,660469.3038,"Mgt2-E, Mgt2-W, Mgt3-E, Mgt3-W",LRT,5,0.276456
511030,2,4,0.005639,0.120631,0.000641,0.0,176759.3956,657682.5679,"Red-N, Red-S, Red2-N, Red2-S",LRT,5,0.276444
511022,2,4,0.005126,0.122193,0.000623,0.0,177129.7,660677.169,"Red-N, Red-S, Red2-N, Red2-S",LRT,5,0.276368
516029,2,4,0.017512,0.117764,0.000636,0.0,182001.387,652205.225,"ART1-1, ART1-2, ART2-1, ART2-2",LRT,5,0.275966
51006,3,5,0.02367,0.081151,0.000872,0.0,221854.4309,635734.1979,"LRT10, LRT11, LRT12, LRT51, LRT52",LRT,5,0.275859
400520,2,4,0.010335,0.113034,0.00049,0.0,192381.8517,674884.2739,"rail_17_1, rail_17_2, rail_20_1, rail_20_2",Suburban Rail,6,0.275847
511031,2,4,0.004832,0.119302,0.000653,0.0,176465.5056,657032.3969,"Red-N, Red-S, Red2-N, Red2-S",LRT,5,0.275786
511018,2,4,0.007628,0.125267,0.000573,0.0,177524.712,662650.161,"Red-N, Red-S, Red2-N, Red2-S",LRT,5,0.275768
31634,4,4,0.012973,0.057039,0.000882,4e-06,227941.8424,725287.4296,"rail_10_1, rail_10_2, rail_7_1, rail_7_2",Suburban Rail,6,0.27554
511023,2,4,0.004553,0.121403,0.000625,0.0,176766.701,660220.168,"Red-N, Red-S, Red2-N, Red2-S",LRT,5,0.275442
511028,2,4,0.004877,0.12079,0.000631,0.0,176504.7264,658262.5066,"Red-N, Red-S, Red2-N, Red2-S",LRT,5,0.275428
512146,3,3,0.002738,0.102529,0.000771,0.0,177090.4598,642158.2536,"Light-Blue_S, Turquoise_N, Turquoise_S",LRT,5,0.275371
525587,4,4,0.012516,0.092624,0.000901,0.0,196462.7324,668172.9763,"RG-RH1, RG-RH2, RH-RG1, RH-RG2",BRT,4,0.275363
513055,2,4,0.010006,0.119363,0.000632,0.0,186967.698,660180.754,"Mgt2-E, Mgt2-W, Mgt3-E, Mgt3-W",LRT,5,0.275239
512051,2,2,0.007152,0.122091,0.000701,0.0,181502.076,656716.216,"Grn2-N, Grn2-S",LRT,5,0.274683
511024,2,4,0.004042,0.120692,0.000626,0.0,176537.705,659623.168,"Red-N, Red-S, Red2-N, Red2-S",LRT,5,0.274517
34083,5,4,0.004333,0.080517,0.000693,0.002876,200689.2724,747034.7641,"lrt03, lrt04, lrt07, lrt08",LRT,5,0.274376
51232,4,4,0.015729,0.084443,0.000757,0.0,221324.7813,630656.0849,"LRT61, LRT62, LRT71, LRT72",LRT,5,0.274325
512232,3,3,0.004776,0.106424,0.000707,0.0,179410.8023,644140.3462,"Light-Blue_S, Turquoise_N, Turquoise_S",LRT,5,0.274148
511249,2,4,0.005342,0.118398,0.000646,0.0,184291.034,678154.5697,"LRT121, LRT122, LRT131, LRT132",LRT,5,0.274128
511003,2,2,0.022071,0.114015,0.000748,0.0,188744.721,666668.166,"Red-N, Red-S",LRT,5,0.274026
511027,2,4,0.003811,0.119878,0.00063,0.0,176148.8008,658356.3537,"Red-N, Red-S, Red2-N, Red2-S",LRT,5,0.273777
511025,2,4,0.003585,0.120025,0.000628,0.0,175939.706,659408.156,"Red-N, Red-S, Red2-N, Red2-S",LRT,5,0.273645
400024,3,2,0.00345,0.117809,0.000396,0.0,179045.6391,651626.124,"rail_20_1, rail_20_2",Suburban Rail,6,0.273502
511271,3,2,0.009175,0.120399,0.000569,0.0,181746.4545,656452.6601,"LRT-L1, LRT-L2",LRT,5,0.273349
513056,2,4,0.008761,0.117735,0.000636,0.0,187546.693,660098.327,"Mgt2-E, Mgt2-W, Mgt3-E, Mgt3-W",LRT,5,0.273191
511073,3,2,0.010563,0.109009,0.0007,0.0,180376.6475,645002.9486,"L1-N, L1-S",LRT,5,0.273185
512161,5,2,0.003877,0.113043,0.000404,1.7e-05,181664.3053,646425.7674,"Light-Blue_S, Turquoise_S",LRT,5,0.273169
511026,2,4,0.003323,0.119615,0.000628,0.0,175953.713,658809.157,"Red-N, Red-S, Red2-N, Red2-S",LRT,5,0.273115
36236,3,4,0.01742,0.100069,0.000906,0.0,191882.3717,705024.9536,"brt051, brt052, brt061, brt062",BRT,4,0.272699
512003,2,2,0.01121,0.126633,0.000616,0.0,183988.0251,668284.1754,"Grn1-N, Grn1-S",LRT,5,0.272663
521033,2,2,0.00553,0.118438,0.000507,0.0,185296.5474,673510.1735,"M1-RA-RE, M1-RE-RA",Metro,6,0.272585
515801,3,4,0.002307,0.118031,0.000728,0.0,190432.3273,651797.4403,"BRT1-1, BRT1-2, BRT2-1, BRT2-2",BRT,4,0.271956
513065,2,4,0.007514,0.116603,0.000641,0.0,187957.0868,660163.4067,"Mgt2-E, Mgt2-W, Mgt3-E, Mgt3-W",LRT,5,0.27188
467821,4,6,0.016127,0.059821,0.000929,0.0,179844.3075,572657.6222,"4.3_Ofakim-TelSheva, 4.3_TelSheva-Ofakim, 4.4_Bee'rSheva-Rahat_Main, 4.4_Rahat-Bee'rSheva_Main, 4.5_Bee'rSheva-Rahat, 4.5_Rahat-Bee'rSheva",LRT,5,0.271878
511274,3,2,0.008131,0.116519,0.000605,0.0,179235.2745,651520.6653,"LRT-L1, LRT-L2",LRT,5,0.27186
521076,2,2,0.008152,0.105759,0.000644,0.0,193619.2961,675353.2425,"M1-KS-LOD, M1-LOD-KS",Metro,6,0.271844
511097,3,2,0.03979,0.10688,0.000626,0.0,175546.2206,642416.258,"L2-N, L2-S",LRT,5,0.271705
516016,2,4,0.004404,0.117313,0.000639,0.0,179319.37,654160.1145,"ART1-1, ART1-2, ART2-1, ART2-2",LRT,5,0.27162
516042,2,4,0.008106,0.114611,0.00066,0.0,184633.8822,652741.1745,"ART1-1, ART1-2, ART2-1, ART2-2",LRT,5,0.271614
513058,2,4,0.003764,0.111749,0.000707,0.0,189594.9552,659405.8455,"Mgt2-E, Mgt2-W, Mgt3-E, Mgt3-W",LRT,5,0.271574
511248,2,4,0.00494,0.11641,0.000647,0.0,185141.0951,680239.4503,"LRT121, LRT122, LRT131, LRT132",LRT,5,0.271562
511066,3,2,0.012426,0.11067,0.000658,4e-06,180570.9645,645901.7356,"L1-N, L1-S",LRT,5,0.2714
512050,2,2,0.007704,0.122723,0.000661,0.0,181191.071,657073.989,"Grn2-N, Grn2-S",LRT,5,0.271323
1015,4,8,0.003399,0.077121,0.000876,0.000202,206863.4339,746196.5039,"R321-1, R321-2, R322-1, R322-2, R329-1, R329-2, R331-1, R331-2",BRT,4,0.271276
513061,2,4,0.006266,0.115237,0.000653,0.0,188411.0469,659926.5218,"Mgt2-E, Mgt2-W, Mgt3-E, Mgt3-W",LRT,5,0.271031
36146,4,5,0.010113,0.081611,0.000948,1.2e-05,196298.9488,746515.2112,"m0110a, m0120a, m0620a, m0710a, m0720a",BRT,4,0.270912
525322,3,2,0.002236,0.122168,0.000767,0.0,181576.5133,674642.1474,"Hz-KS1, Hz-KS2",BRT,4,0.270735
511068,4,2,0.002118,0.106243,0.000601,0.0,179291.6713,644123.2962,"L1-N, L1-S",LRT,5,0.270734
511266,3,2,0.006312,0.120736,0.000548,0.0,185794.5503,667400.4493,"LRT-L1, LRT-L2",LRT,5,0.270565
51152,4,4,0.010029,0.084443,0.000737,0.0,221324.7813,630656.0849,"LRT61, LRT62, LRT71, LRT72",LRT,5,0.270403
513057,2,4,0.005016,0.113569,0.00067,0.0,188879.945,659489.577,"Mgt2-E, Mgt2-W, Mgt3-E, Mgt3-W",LRT,5,0.270392
512190,3,4,0.025676,0.092123,0.000732,0.0,167139.0972,632577.3297,"Orange_N, Orange_S, RedN, RedS",LRT,5,0.27026
516018,2,4,0.004006,0.116672,0.000633,0.0,179048.9385,653616.2646,"ART1-1, ART1-2, ART2-1, ART2-2",LRT,5,0.270039
400021,2,4,0.033868,0.115055,0.000342,2.8e-05,187341.7287,686894.0381,"rail_11_1, rail_11_2, rail_14_1, rail_14_2",Suburban Rail,6,0.270018
36318,5,5,0.000791,0.07995,0.000619,0.05708,201198.4787,745867.3194,"m0120a, m0220a, m0610a, m0720a, m0910a",BRT,4,0.269968
34082,5,4,0.000591,0.080809,0.000645,0.006094,200953.2653,746297.0227,"lrt03, lrt04, lrt07, lrt08",LRT,5,0.269899
511130,2,4,0.001501,0.098867,0.000851,0.0,188923.3588,692318.9651,"LRT131, LRT132, LRT141, LRT142","BRT, LRT",5,0.269763
512034,2,3,0.004705,0.123006,0.000602,0.0,178940.11,656234.053,"Grn1-N, Grn1-S, Grn3-N",LRT,5,0.269747
34011,4,4,0.099073,0.07364,0.000599,2.1e-05,210978.2596,747241.5994,"lrt01, lrt02, lrt03, lrt04",LRT,5,0.269717
511267,3,2,0.00739,0.122481,0.000515,0.0,185500.2471,664874.431,"LRT-L1, LRT-L2",LRT,5,0.26966
516020,2,4,0.003823,0.116484,0.000631,0.0,178798.104,653171.6464,"ART1-1, ART1-2, ART2-1, ART2-2",LRT,5,0.269553
51056,4,6,0.000629,0.080328,0.000707,1e-06,215238.824,629378.6201,"LRT11, LRT12, LRT21, LRT22, LRT81, LRT82",LRT,5,0.269545
515026,4,2,0.002693,0.119343,0.000654,0.0,181260.3448,652398.1122,"BRT1-1, BRT1-2",BRT,4,0.269534
516021,2,4,0.003753,0.116379,0.000629,0.0,179277.9255,652935.5414,"ART1-1, ART1-2, ART2-1, ART2-2",LRT,5,0.269202
51010,3,5,0.027339,0.083578,0.000769,0.0,222068.2869,634041.8656,"LRT10, LRT11, LRT12, LRT51, LRT52",LRT,5,0.269144
511004,2,2,0.023194,0.115738,0.000676,0.0,188048.661,666473.113,"Red-N, Red-S",LRT,5,0.268909
51110,3,6,0.003648,0.081356,0.000812,0.0,217902.9481,628912.5213,"LRT31, LRT32, LRT71, LRT72, LRT81, LRT82",LRT,5,0.26882
36176,6,4,0.001576,0.080548,0.000747,2e-05,196331.4371,747556.6651,"m0110a, m0120a, m0710a, m0720a",BRT,4,0.26855
512081,3,2,0.002552,0.10287,0.000753,0.0,175259.6669,639864.7798,"Turquoise_N, Turquoise_S",LRT,5,0.268488
521080,3,2,0.008031,0.122651,0.000277,1e-06,188679.0952,652736.7345,"M1-LOD-KS, Yelw-N","BRT, Metro",6,0.268381
51014,4,5,0.0038,0.084807,0.000682,0.0,221673.3835,632192.2709,"LRT10, LRT11, LRT12, LRT31, LRT32",LRT,5,0.268369
51034,4,6,0.000629,0.080328,0.000696,1e-06,215238.824,629378.6201,"LRT11, LRT12, LRT21, LRT22, LRT81, LRT82",LRT,5,0.268349
511247,2,4,0.005268,0.112925,0.000657,0.0,186945.0934,684866.7012,"LRT121, LRT122, LRT131, LRT132",LRT,5,0.268273
512061,2,2,0.012163,0.127938,0.000556,0.0,183472.6395,668188.2096,"Grn1-N, Grn1-S",LRT,5,0.268186
512064,2,2,0.001256,0.122686,0.00065,0.0,185202.4893,669104.4795,"Grn1-N, Grn1-S",LRT,5,0.268082
511240,2,4,0.012494,0.10615,0.000715,0.0,187956.1462,689105.0334,"LRT141, LRT142, LRT151, LRT152","BRT, LRT",5,0.267982
511077,2,4,0.04208,0.101308,0.000683,0.0,174120.9508,639466.8967,"L1-N, L1-S, L2-N, L2-S",LRT,5,0.267714
512048,2,2,0.008697,0.123894,0.000608,0.0,180516.48,657997.496,"Grn2-N, Grn2-S",LRT,5,0.26754
51035,4,6,3e-06,0.080327,0.000688,1e-06,215238.824,629378.6201,"LRT11, LRT12, LRT21, LRT22, LRT81, LRT82",LRT,5,0.267349
1024,7,6,0.002076,0.081182,0.000492,0.000355,198946.6296,748444.6595,"R321-1, R321-2, R325-1, R325-2, R330-1, R330-2",BRT,4,0.267278
51106,4,4,0.008609,0.086895,0.000682,0.0,220661.1561,632190.1368,"LRT61, LRT62, LRT71, LRT72",LRT,5,0.267227
1004,4,8,0.003815,0.072259,0.000894,4.1e-05,208615.2535,749722.9198,"R1001-1, R1001-2, R321-1, R321-2, R322-1, R322-2, R329-1, R329-2",BRT,4,0.267023
511270,3,2,0.007902,0.119335,0.000527,0.0,182671.6561,657574.0725,"LRT-L1, LRT-L2",LRT,5,0.267011
511040,3,2,0.007902,0.108209,0.000658,0.0,180375.2796,644543.9857,"L1-N, L1-S",LRT,5,0.266832
512147,3,4,0.028029,0.092892,0.000683,0.0,167567.3338,632338.3461,"Orange_N, Orange_S, RedN, RedS",LRT,5,0.266817
525308,4,2,0.010976,0.117412,0.000628,2e-06,186350.411,676527.1095,"Hz-KS1, Hz-KS2",BRT,4,0.266808
515018,4,2,0.001037,0.118572,0.000643,0.0,181584.5034,652429.2941,"BRT1-1, BRT1-2",BRT,4,0.266782
512071,2,2,0.003305,0.120353,0.000658,0.0,182198.9523,655917.4024,"Grn2-N, Grn2-S",LRT,5,0.266682
512272,2,4,0.089618,0.092997,0.000633,0.0,168597.3182,630032.8874,"Orange_N, Orange_S, RedN, RedS",LRT,5,0.266593
525065,4,2,0.004797,0.118478,0.000629,0.0,181594.1449,652442.3204,"BluRT1, BluRT2",BRT,4,0.266396
36358,3,10,0.001732,0.080055,0.000835,4.2e-05,199553.3159,747481.7802,"m0110a, m0120a, m0210a, m0220a, m0610a, m0620a, m0710a, m0720a, m0910a, m0920a",BRT,4,0.266347
512231,5,1,0.014088,0.106116,0.000442,2e-06,175879.4264,641011.8885,Light-Blue_S,LRT,5,0.266275
51019,3,5,0.000374,0.086074,0.000791,0.0,220473.9714,632431.6272,"LRT11, LRT12, LRT31, LRT32, LRT9",LRT,5,0.266253
512132,3,4,0.029181,0.093771,0.00066,0.0,168034.4889,632047.0488,"Orange_N, Orange_S, RedN, RedS",LRT,5,0.265851
500042,4,4,0.027733,0.080351,0.000913,0.0,178796.6593,612636.6223,"BRT_Blue_E, BRT_Blue_W, BRT_Pink_E, BRT_Pink_W",BRT,4,0.265739
36046,4,4,0.017946,0.084103,0.000893,0.000744,196816.9745,745026.6512,"m0110a, m0620a, m0710a, m0720a",BRT,4,0.265665
36361,2,10,0.00249,0.08042,0.000954,1.2e-05,199219.391,747653.2,"m0110a, m0120a, m0210a, m0220a, m0610a, m0620a, m0710a, m0720a, m0910a, m0920a",BRT,4,0.265527
512040,2,2,0.004634,0.121403,0.000629,0.0,181602.0657,673651.0743,"Grn2-N, Grn2-S",LRT,5,0.265259
36243,3,4,0.015004,0.098535,0.000861,0.0,192508.0329,704859.3273,"brt051, brt052, brt061, brt062",BRT,4,0.265197
511098,3,2,0.039995,0.106724,0.000566,0.0,175758.3289,642149.2876,"L2-N, L2-S",LRT,5,0.26509
36115,4,6,0.010946,0.07688,0.000895,3e-05,206911.0511,746234.0276,"m0110a, m0120a, m0210a, m0220a, m0410a, m0820a",BRT,4,0.264671
525059,4,2,0.003817,0.117438,0.000628,0.0,181461.1608,650779.8747,"BluRT1, BluRT2",BRT,4,0.264608
511005,2,2,0.024373,0.116957,0.000617,0.0,187573.701,666547.164,"Red-N, Red-S",LRT,5,0.264495
512047,2,2,0.008799,0.12402,0.000577,0.0,180167.985,658411.391,"Grn2-N, Grn2-S",LRT,5,0.264364
512273,2,4,0.088556,0.091551,0.000633,0.0,168189.4386,629114.2052,"Orange_N, Orange_S, RedN, RedS",LRT,5,0.264341
511237,2,4,0.008939,0.10261,0.00073,0.0,188034.4964,690827.3789,"LRT141, LRT142, LRT151, LRT152","BRT, LRT",5,0.263943
525201,4,2,0.003506,0.116969,0.000628,0.0,181432.4474,650612.9576,"BluRT1, BluRT2",BRT,4,0.263904
36631,6,2,0.050298,0.085439,0.000577,0.00583,196452.8459,744345.3163,"m0110a, m0410a",BRT,4,0.263865
511239,2,4,0.011306,0.104818,0.000695,0.0,187981.4771,689738.2506,"LRT141, LRT142, LRT151, LRT152","BRT, LRT",5,0.263825
512056,2,2,0.003828,0.120514,0.000627,0.0,181476.4993,673270.4684,"Grn2-N, Grn2-S",LRT,5,0.263715
51100,4,4,0.003693,0.086919,0.000661,1e-06,218633.1908,632765.0626,"LRT31, LRT32, LRT51, LRT52",LRT,5,0.263407
525042,4,2,0.007922,0.115279,0.00063,1.1e-05,181850.29,646020.8888,"BluRT1, BluRT2",BRT,4,0.263385
525234,3,2,0.006991,0.127642,0.000618,0.0,182748.8467,668202.1776,"Yelw-N, Yelw-S",BRT,4,0.263365
51023,4,4,0.021737,0.087161,0.000603,1e-06,218858.2394,632613.6542,"LRT11, LRT12, LRT21, LRT22",LRT,5,0.263173
512057,2,2,0.003621,0.120177,0.000626,0.0,181271.2358,672758.3055,"Grn2-N, Grn2-S",LRT,5,0.263058
512041,2,2,0.003703,0.12029,0.000623,0.0,181061.8057,672200.3317,"Grn2-N, Grn2-S",LRT,5,0.262916
512058,2,2,0.003852,0.120457,0.000618,0.0,180768.128,671773.253,"Grn2-N, Grn2-S",LRT,5,0.262712
511092,3,4,0.001542,0.089341,0.000764,0.0,166272.4105,633689.4273,"L1-N, L1-S, L2-N, L2-S",LRT,5,0.262662
511074,3,2,0.008115,0.107137,0.000631,0.0,179768.7488,644310.2054,"L1-N, L1-S",LRT,5,0.26265
511078,2,4,0.040924,0.099763,0.000658,0.0,173433.1145,639934.3115,"L1-N, L1-S, L2-N, L2-S",LRT,5,0.262649
513027,2,4,0.001256,0.109275,0.00066,0.0,190599.7167,659260.6519,"Mgt2-E, Mgt2-W, Mgt3-E, Mgt3-W",LRT,5,0.262638
511238,2,4,0.010121,0.103575,0.000699,0.0,188003.8049,690345.295,"LRT141, LRT142, LRT151, LRT152","BRT, LRT",5,0.262325
512059,2,2,0.004082,0.12074,0.00061,0.0,180658.707,671259.2,"Grn2-N, Grn2-S",LRT,5,0.262231
516004,2,2,0.002511,0.11897,0.000634,0.0,176380.8357,654954.0398,"ART1-1, ART1-2",LRT,5,0.262035
511002,2,2,0.021034,0.113072,0.00065,0.0,189158.707,666825.164,"Red-N, Red-S",LRT,5,0.262008
511055,4,2,0.024309,0.10601,0.000457,2e-06,175737.7894,640972.9208,"L2-N, L2-S",LRT,5,0.261938
1025,5,8,0.000213,0.079679,0.000633,9.1e-05,197390.9113,748444.457,"R325-1, R325-2, R327-1, R327-2, R328-1, R328-2, R330-1, R330-2",BRT,4,0.261753
511006,2,2,0.025562,0.11951,0.000557,0.0,186613.694,666658.156,"Red-N, Red-S",LRT,5,0.261739
31633,3,4,0.049545,0.061926,0.000719,3.6e-05,219749.9807,728090.351,"rail_10_1, rail_10_2, rail_7_1, rail_7_2",Suburban Rail,6,0.261595
51185,3,4,0.048776,0.08723,0.000641,0.0,219701.6886,633028.2309,"LRT41, LRT42, LRT51, LRT52",LRT,5,0.261527
51131,3,6,0.008761,0.080996,0.000731,0.0,215635.7519,629709.0358,"LRT11, LRT12, LRT21, LRT22, LRT81, LRT82",LRT,5,0.261273
511070,4,4,0.003815,0.087332,0.000635,0.0,167374.704,635701.2971,"L1-N, L1-S, L2-N, L2-S",LRT,5,0.261233
525240,4,2,0.005288,0.122882,0.000527,0.0,180761.1249,657675.1802,"Yelw-N, Yelw-S",BRT,4,0.261206
36354,3,10,0.001031,0.079788,0.000791,9.3e-05,199692.9411,747726.1306,"m0110a, m0120a, m0210a, m0220a, m0610a, m0620a, m0710a, m0720a, m0910a, m0920a",BRT,4,0.261051
512042,2,2,0.004329,0.120916,0.000596,0.0,180566.117,670967.818,"Grn2-N, Grn2-S",LRT,5,0.261004
525574,2,4,0.024619,0.116933,0.000707,0.0,187675.2299,667335.2899,"RG-RH1, RG-RH2, RH-RG1, RH-RG2",BRT,4,0.260933
512072,2,2,0.003814,0.12179,0.000586,0.0,179115.1281,655688.0907,"Grn1-N, Grn1-S",LRT,5,0.260929
36250,3,4,0.013795,0.09683,0.000844,0.0,193217.6447,704637.064,"brt051, brt052, brt061, brt062",BRT,4,0.260784
36648,7,2,0.000644,0.078316,0.000667,0.000337,200133.0407,746504.1571,"m0310a, m0510a",BRT,4,0.260721
525045,4,2,0.001556,0.114743,0.000628,1.1e-05,181562.9348,646631.6706,"BluRT1, BluRT2",BRT,4,0.260522
512234,3,2,0.003359,0.108905,0.000604,0.0,180373.9268,645021.3425,"Turquoise_N, Turquoise_S",LRT,5,0.260463
525494,4,1,0.01284,0.107586,0.000728,0.0,182860.8455,641909.1086,RH-GY1,BRT,4,0.260301
512274,2,4,0.087493,0.088701,0.000632,0.0,166549.8923,627843.2841,"Orange_N, Orange_S, RedN, RedS",LRT,5,0.260288
51143,4,4,0.002537,0.081809,0.000696,0.0,220366.2108,628898.5752,"LRT71, LRT72, LRT81, LRT82",LRT,5,0.260285
1022,3,10,0.000603,0.079541,0.000781,0.001486,200111.0645,747253.0974,"R321-1, R321-2, R325-1, R325-2, R327-1, R327-2, R328-1, R328-2, R330-1, R330-2",BRT,4,0.260128
525244,3,2,0.002146,0.125795,0.000624,0.0,183453.2338,666598.9138,"Yelw-N, Yelw-S",BRT,4,0.260124
515008,4,2,0.005162,0.11359,0.000628,0.0,184061.4,652539.6259,"BRT1-1, BRT1-2",BRT,4,0.260117
512180,2,4,0.081582,0.08104,0.000739,0.0,162562.9388,622704.0758,"Orange_N, Orange_S, RedN, RedS",LRT,5,0.260107
525579,3,4,0.034549,0.108788,0.000633,0.0,190369.1658,667140.4885,"RG-RH1, RG-RH2, RH-RG1, RH-RG2",BRT,4,0.259955
512046,2,2,0.009388,0.124645,0.000526,0.0,179984.009,658893.889,"Grn2-N, Grn2-S",LRT,5,0.259928
521002,4,1,0.010736,0.108033,0.00028,0.0,182785.3352,641894.7937,M1-RE-RA,Metro,6,0.259881
515048,3,2,0.001392,0.113882,0.000766,0.0,185094.9941,651876.3866,"BRT2-1, BRT2-2",BRT,4,0.259814
511043,2,4,0.039772,0.098904,0.000645,0.0,172965.1603,639846.435,"L1-N, L1-S, L2-N, L2-S",LRT,5,0.259786
51053,4,4,0.000416,0.081355,0.000703,0.0,220623.9692,628652.8022,"LRT31, LRT32, LRT81, LRT82",LRT,5,0.259764
467211,5,4,0.026021,0.060386,0.000743,0.0,180565.6727,572305.7775,"4.2_LRT_BRS-Shoket, 4.2_LRT_Shoket-BRS, 4.3_Ofakim-TelSheva, 4.3_TelSheva-Ofakim",LRT,5,0.259556
36708,5,3,0.002324,0.073807,0.000923,0.0,202236.9368,742523.8234,"m0810a, m0910a, m0920a",BRT,4,0.259482
525087,3,2,0.003212,0.120119,0.000683,0.0,182618.4794,657699.0079,"BluRT1, BluRT2",BRT,4,0.25945
36278,3,4,0.011018,0.089863,0.000922,0.0,196631.7217,706198.6299,"brt051, brt052, brt061, brt062",BRT,4,0.259379
525210,2,2,0.006469,0.110317,0.0007,0.0,184311.9518,644797.1337,"East-N, East-S",LRT,5,0.259318
36654,6,4,0.008818,0.081911,0.00062,0.000595,198418.4068,748369.7996,"m0110a, m0120a, m0620a, m0710a",BRT,4,0.259299
512249,3,1,0.000929,0.106543,0.000676,0.0,174862.3358,643046.4426,Light-Blue_S,LRT,5,0.259189
512060,2,2,0.004893,0.121523,0.000569,0.0,180441.682,670585.112,"Grn2-N, Grn2-S",LRT,5,0.259101
984889,3,4,0.022604,0.096698,0.000358,0.000114,195864.0606,710150.6025,"rail_11_1, rail_11_2, rail_12_1, rail_12_2",Suburban Rail,6,0.259081
51114,3,6,0.003073,0.08076,0.000729,0.0,217646.8639,628517.6118,"LRT31, LRT32, LRT71, LRT72, LRT81, LRT82",LRT,5,0.258985
525246,3,2,0.003327,0.124465,0.000624,0.0,183105.2001,664726.8626,"Yelw-N, Yelw-S",BRT,4,0.258788
511046,3,4,0.0313,0.090432,0.000628,0.0,168996.4743,637419.2035,"L1-N, L1-S, L2-N, L2-S",LRT,5,0.25876
36108,2,8,0.016302,0.079678,0.000957,0.000432,205103.4615,745000.9238,"m0110a, m0120a, m0210a, m0220a, m0310a, m0320a, m0410a, m0820a",BRT,4,0.258754
36644,4,4,0.00153,0.07844,0.000942,0.001239,200278.3263,746171.4682,"m0320a, m0520a, m0810a, m0820a",BRT,4,0.258692
51104,3,4,0.011195,0.079019,0.00082,0.0,218371.0931,626508.2988,"LRT41, LRT42, LRT61, LRT62",LRT,5,0.258462
51186,3,4,0.002406,0.085283,0.00077,0.0,221009.7782,633302.6506,"LRT61, LRT62, LRT71, LRT72",LRT,5,0.25838
51161,3,4,0.03456,0.086497,0.000662,0.0,218828.5289,632000.2937,"LRT31, LRT32, LRT41, LRT42",LRT,5,0.258373
512082,3,2,0.004888,0.104378,0.000633,0.0,175589.8201,640536.7641,"Turquoise_N, Turquoise_S",LRT,5,0.258337
512121,4,2,0.004203,0.087344,0.000703,0.0,167489.2027,635902.655,"RedN, RedS",LRT,5,0.258033
511049,4,2,5.2e-05,0.093828,0.000636,0.0,168251.6029,631890.6357,"L1-N, L1-S",LRT,5,0.257928
515049,3,2,0.000128,0.116936,0.000714,0.0,180340.092,652508.9076,"BRT1-1, BRT1-2",BRT,4,0.257749
511035,5,1,0.013601,0.113061,0.00028,1.6e-05,181498.3442,646303.6858,L1-S,LRT,5,0.257659
511209,2,4,0.013811,0.099272,0.000694,0.0,186615.2424,691688.3765,"LRT121, LRT122, LRT151, LRT152",LRT,5,0.257406
36195,4,5,0.006813,0.081298,0.000834,0.000167,198044.964,748442.5348,"m0110a, m0120a, m0620a, m0710a, m0720a",BRT,4,0.257329
512240,3,1,0.002168,0.106983,0.00065,0.0,175107.2003,642630.0976,Light-Blue_S,LRT,5,0.257302
511079,2,4,0.038625,0.097907,0.000637,0.0,172401.6213,639860.3351,"L1-N, L1-S, L2-N, L2-S",LRT,5,0.257274
1028,5,6,0.002021,0.080116,0.000678,1.7e-05,196242.8709,747525.9166,"R326-1, R326-2, R327-1, R327-2, R328-1, R328-2",BRT,4,0.257145
511187,3,2,0.013592,0.102057,0.000624,0.0,190518.4048,687839.3584,"LRT151, LRT152",LRT,5,0.257143
511272,2,2,0.00802,0.117118,0.000593,0.0,180804.3089,654617.1463,"LRT-L1, LRT-L2",LRT,5,0.25703
512120,2,4,0.086474,0.086124,0.000635,0.0,165611.9911,625946.5595,"Orange_N, Orange_S, RedN, RedS",LRT,5,0.256948
525323,3,2,0.001257,0.120531,0.00066,0.0,181119.7194,674478.43,"Hz-KS1, Hz-KS2",BRT,4,0.25694
512236,2,2,0.003571,0.111289,0.000675,4e-06,180910.7438,646157.298,"Turquoise_N, Turquoise_S",LRT,5,0.256933
51157,4,4,0.02874,0.08269,0.000576,0.0,218858.5769,629300.2407,"LRT31, LRT32, LRT41, LRT42",LRT,5,0.256765
525515,3,2,0.011141,0.10867,0.00077,0.0,190378.5453,667136.1308,"BRT-1, BRT-2",BRT,4,0.256552
36138,5,4,0.002757,0.07082,0.000878,1e-06,209130.279,750584.764,"m0110a, m0120a, m0410a, m0820a",BRT,4,0.25626
1010,6,4,0.001207,0.074743,0.0007,1.8e-05,206979.299,749922.8102,"R1002-1, R1002-2, R323-1, R323-2",BRT,4,0.256003
512181,2,4,0.082564,0.081509,0.00069,0.0,162996.7864,622840.2668,"Orange_N, Orange_S, RedN, RedS",LRT,5,0.255767
511230,2,2,0.002511,0.102284,0.000774,0.0,186120.459,687250.0358,"LRT141, LRT142","BRT, LRT",5,0.255708
512118,2,3,0.001994,0.103008,0.000716,0.0,177809.9985,642848.2791,"Light-Blue_S, Turquoise_N, Turquoise_S",LRT,5,0.255552
512237,3,1,0.012826,0.106654,0.000606,0.0,175763.3131,642129.8639,Light-Blue_S,LRT,5,0.255547
51188,3,4,0.045523,0.085305,0.000617,0.0,220905.1014,633679.6936,"LRT41, LRT42, LRT51, LRT52",LRT,5,0.255517
511080,2,4,0.037483,0.097115,0.000633,0.0,171942.715,639871.6544,"L1-N, L1-S, L2-N, L2-S",LRT,5,0.255502
36261,3,4,0.010172,0.094117,0.000837,0.0,194084.9975,705508.0854,"brt051, brt052, brt061, brt062",BRT,4,0.255478
512043,2,2,0.005774,0.122362,0.000522,0.0,180317.261,670202.422,"Grn2-N, Grn2-S",LRT,5,0.255453
513030,2,2,0.009258,0.123185,0.000501,0.0,185642.258,663347.884,"Mgt1-E, Mgt1-W",LRT,5,0.255315
36263,3,4,0.008976,0.09353,0.000846,0.0,194363.2313,705545.3076,"brt051, brt052, brt061, brt062",BRT,4,0.255259
516003,2,2,0.001256,0.117841,0.000587,0.0,176286.0623,654561.8821,"ART1-1, ART1-2",LRT,5,0.255139
525561,4,2,0.003597,0.110057,0.000628,0.0,189763.2835,677617.2489,"Hz-KS1, Hz-KS2",BRT,4,0.255109
525208,2,2,0.026147,0.120205,0.000485,0.0,187766.5931,647838.8406,"East-N, East-S",LRT,5,0.25509
525575,2,4,0.023429,0.115558,0.00067,0.0,188091.4391,667442.7579,"RG-RH1, RG-RH2, RH-RG1, RH-RG2",BRT,4,0.254902
511091,3,4,0.000378,0.088459,0.000705,0.0,166579.3327,634207.7964,"L1-N, L1-S, L2-N, L2-S",LRT,5,0.254831
31656,2,6,0.001256,0.062273,0.000605,2e-05,227966.5882,758830.0668,"rail_1_1, rail_1_2, rail_5_1, rail_5_2, rail_6_1, rail_6_2","Interurban Rail, Suburban Rail",7,0.254753
512283,3,4,0.010022,0.072048,0.000872,0.0,158263.9702,617431.5775,"Orange_N, Orange_S, RedN, RedS",LRT,5,0.254689
525248,3,2,0.002712,0.121918,0.000618,0.0,182634.2606,662908.7932,"Yelw-N, Yelw-S",BRT,4,0.254683
515021,3,2,1e-06,0.117595,0.000676,0.0,180670.2956,652473.551,"BRT1-1, BRT1-2",BRT,4,0.254479
36509,5,3,0.001006,0.079014,0.00045,0.089699,201823.9626,745179.1828,"m0120a, m0220a, m0720a",BRT,4,0.254473
512238,3,1,0.001898,0.106762,0.000626,0.0,175520.4891,642438.3487,Light-Blue_S,LRT,5,0.254404
512162,2,3,0.002903,0.103999,0.000691,0.0,178266.7856,643307.7301,"Light-Blue_S, Turquoise_N, Turquoise_S",LRT,5,0.25436
36010,5,3,0.010216,0.076973,0.000806,0.002145,202108.8463,744410.3541,"m0810a, m0910a, m0920a",BRT,4,0.254351
525076,3,2,0.005343,0.11939,0.000637,0.0,182179.8734,654286.9695,"BluRT1, BluRT2",BRT,4,0.254293
400530,2,2,0.001042,0.116069,0.000376,1e-06,184128.1264,667777.2308,"rail_20_1, rail_20_2",Suburban Rail,6,0.254058
511208,2,4,0.012614,0.098612,0.000674,0.0,186690.6573,692034.1755,"LRT121, LRT122, LRT151, LRT152",LRT,5,0.254026
36273,3,4,0.006901,0.090705,0.000873,0.0,195730.2441,705952.354,"brt051, brt052, brt061, brt062",BRT,4,0.25394
511081,2,4,0.03646,0.096297,0.00063,0.0,171380.1295,639885.531,"L1-N, L1-S, L2-N, L2-S",LRT,5,0.253846
512183,2,4,0.083544,0.082023,0.000662,0.0,163485.5812,622908.0642,"Orange_N, Orange_S, RedN, RedS",LRT,5,0.253713
525580,3,4,0.020993,0.107137,0.000633,0.0,190955.2778,667142.6763,"RG-RH1, RG-RH2, RH-RG1, RH-RG2",BRT,4,0.2536
525458,2,2,0.001256,0.116634,0.000587,0.0,175322.9441,655921.6532,"ART2-1, ART2-2",LRT,5,0.253594
511007,2,2,0.026752,0.120147,0.00047,0.0,186380.707,666685.164,"Red-N, Red-S",LRT,5,0.253559
51007,2,5,0.024826,0.081738,0.000785,0.0,222136.8319,635379.7362,"LRT10, LRT11, LRT12, LRT51, LRT52",LRT,5,0.253395
512122,4,2,0.004314,0.087075,0.000662,0.0,167182.3749,635490.1194,"RedN, RedS",LRT,5,0.253358
525081,3,2,0.003552,0.11845,0.000645,0.0,182634.9917,655668.3309,"BluRT1, BluRT2",BRT,4,0.253342
512078,2,4,0.085499,0.083136,0.000638,0.0,163951.3206,623831.4349,"Orange_N, Orange_S, RedN, RedS",LRT,5,0.253219
512184,2,4,0.084522,0.082582,0.000647,0.0,163800.639,623334.1864,"Orange_N, Orange_S, RedN, RedS",LRT,5,0.253164
51228,3,4,0.002488,0.085475,0.000719,0.0,221306.4251,631880.9309,"LRT11, LRT12, LRT31, LRT32",LRT,5,0.253143
51016,3,4,0.002488,0.085475,0.000719,0.0,221306.4251,631880.9309,"LRT11, LRT12, LRT31, LRT32",LRT,5,0.253143
34084,3,4,0.005834,0.081137,0.000757,0.00054,200114.3528,747604.6954,"lrt03, lrt04, lrt07, lrt08",LRT,5,0.252958
511207,2,4,0.011481,0.098189,0.000671,0.0,186740.4403,692282.2598,"LRT121, LRT122, LRT151, LRT152",LRT,5,0.252773
511037,4,2,0.0,0.119399,0.000281,0.0,177182.782,655287.0318,"Red-N, Red2-N",LRT,5,0.25258
512045,2,2,0.01047,0.125822,0.00044,0.0,179554.856,658908.034,"Grn2-N, Grn2-S",LRT,5,0.25256
51167,3,4,0.007692,0.082624,0.00073,0.0,220477.3558,629534.1064,"LRT71, LRT72, LRT81, LRT82",LRT,5,0.252272
515019,3,2,0.002583,0.119904,0.00062,0.0,190061.7636,652533.2935,"BRT1-1, BRT1-2",BRT,4,0.252271
500222,3,4,0.039664,0.080727,0.000881,0.0,178977.3649,612406.3237,"BRT_Blue_E, BRT_Blue_W, BRT_Pink_E, BRT_Pink_W",BRT,4,0.252256
511119,2,4,0.002511,0.091836,0.000767,0.0,186832.3142,695416.5833,"LRT121, LRT122, LRT151, LRT152",LRT,5,0.252183
36738,5,3,0.004641,0.074403,0.000841,1e-06,202909.7984,742403.9488,"m0810a, m0910a, m0920a",BRT,4,0.252139
36336,5,6,0.003233,0.080028,0.000608,0.005207,200629.6863,746949.7122,"m0110a, m0120a, m0210a, m0620a, m0710a, m0920a",BRT,4,0.252121
525313,3,2,0.005939,0.118212,0.000628,0.0,185405.0882,674996.0861,"Hz-KS1, Hz-KS2",BRT,4,0.252043
51051,3,4,0.002852,0.082623,0.000742,0.0,220477.3558,629534.1064,"LRT71, LRT72, LRT81, LRT82",LRT,5,0.25204
36965,5,4,0.006253,0.052399,0.001046,0.0,228365.0139,733305.1927,"brt031, brt032, brt041, brt042",BRT,4,0.251763
51009,2,5,0.02605,0.082587,0.000755,0.0,222277.6546,634749.4966,"LRT10, LRT11, LRT12, LRT51, LRT52",LRT,5,0.251677
511044,2,4,0.035553,0.094798,0.000629,0.0,170242.3765,639913.5946,"L1-N, L1-S, L2-N, L2-S",LRT,5,0.251539
51130,2,6,0.010006,0.081483,0.000763,0.0,216008.0005,629693.7168,"LRT11, LRT12, LRT21, LRT22, LRT81, LRT82",LRT,5,0.251443
511075,3,2,0.00118,0.105539,0.000566,0.0,178979.508,643841.9733,"L1-N, L1-S",LRT,5,0.251423
50111,3,6,0.026527,0.085171,0.000315,0.0,221262.9782,630561.3882,"rail_13_1, rail_13_2, rail_14_1, rail_14_2, rail_18_1, rail_18_2",Suburban Rail,6,0.251397
511094,3,2,0.000101,0.092576,0.000723,0.0,167535.6171,632316.369,"L1-N, L1-S",LRT,5,0.251375
515083,2,4,0.000122,0.115967,0.0007,0.0,188943.1265,648981.5983,"BRT1-1, BRT1-2, BRT2-1, BRT2-2",BRT,4,0.251344
511069,3,4,0.003981,0.087832,0.000669,0.0,166812.613,634610.1862,"L1-N, L1-S, L2-N, L2-S",LRT,5,0.251315
512195,3,2,0.005118,0.087828,0.000764,0.0,167728.4028,636276.5735,"RedN, RedS",LRT,5,0.251174
400570,2,2,0.004666,0.114189,0.000358,0.0,190837.4936,668754.399,"rail_20_1, rail_20_2",Suburban Rail,6,0.250844
525576,2,4,0.022237,0.113984,0.000653,0.0,188580.4386,667319.0221,"RG-RH1, RG-RH2, RH-RG1, RH-RG2",BRT,4,0.250636
515802,2,4,0.001308,0.116517,0.000683,0.0,190221.62,651306.2396,"BRT1-1, BRT1-2, BRT2-1, BRT2-2",BRT,4,0.250595
512241,2,1,0.001229,0.10685,0.000725,0.0,174987.1961,643596.6565,Light-Blue_S,LRT,5,0.250589
525089,2,2,0.002576,0.120824,0.000727,0.0,182292.5537,658231.8317,"BluRT1, BluRT2",BRT,4,0.250566
512067,2,2,0.005779,0.122678,0.000472,0.0,181805.6399,674075.699,"Grn2-N, Grn2-S",LRT,5,0.25054
511054,3,1,0.044878,0.108047,0.000447,0.0,174625.3417,644157.0414,L2-S,LRT,5,0.250289
51172,3,4,0.001457,0.08513,0.000699,0.0,221026.0576,631105.6182,"LRT61, LRT62, LRT71, LRT72",LRT,5,0.250238
516043,4,2,0.008852,0.115399,0.000281,0.0,185118.3527,652872.6019,"ART1-1, ART2-1",LRT,5,0.250233
525200,3,2,0.002167,0.11775,0.000628,0.0,181490.36,650980.8364,"BluRT1, BluRT2",BRT,4,0.250214
525586,3,4,0.01372,0.094215,0.000777,0.0,195756.852,668397.89,"RG-RH1, RG-RH2, RH-RG1, RH-RG2",BRT,4,0.250201
525581,3,4,0.019776,0.10442,0.000636,0.0,191952.6916,667239.0636,"RG-RH1, RG-RH2, RH-RG1, RH-RG2",BRT,4,0.250161
511155,2,2,0.008388,0.105535,0.000664,0.0,192304.8551,678512.3099,"LRT141, LRT142","BRT, LRT",5,0.249889
511229,2,2,0.003764,0.103021,0.000707,0.0,186334.5722,686971.8512,"LRT141, LRT142","BRT, LRT",5,0.249863
511086,3,4,0.009652,0.08865,0.000629,0.0,167973.8066,636729.3125,"L1-N, L1-S, L2-N, L2-S",LRT,5,0.249782
511109,3,2,0.009749,0.09406,0.00066,0.0,168036.0183,631577.2751,"L2-N, L2-S",LRT,5,0.249496
514033,3,2,0.00297,0.121633,0.000572,0.0,183649.094,670171.92,"Yelw-N, Yelw-S",BRT,4,0.249487
500031,3,4,0.011255,0.080151,0.000945,0.0,179296.6453,612239.281,"BRT_Blue_E, BRT_Blue_W, BRT_Pink_E, BRT_Pink_W",BRT,4,0.249402
515074,3,2,0.000632,0.114773,0.00066,0.0,185255.6308,652704.1096,"BRT2-1, BRT2-2",BRT,4,0.249343
511082,2,4,0.034648,0.093341,0.000628,0.0,170230.4202,638770.6716,"L1-N, L1-S, L2-N, L2-S",LRT,5,0.249298
511125,2,4,0.010006,0.096601,0.000661,0.0,186980.7631,693177.9738,"LRT121, LRT122, LRT151, LRT152",LRT,5,0.249208
525054,3,2,0.003379,0.116648,0.000628,0.0,181150.5313,648556.106,"BluRT1, BluRT2",BRT,4,0.24917
390513,4,2,0.02159,0.094963,0.000699,1.4e-05,196057.676,710189.065,"brt061, brt062",BRT,4,0.248988
511087,3,4,0.008749,0.08812,0.00063,0.0,167772.8988,636295.5702,"L1-N, L1-S, L2-N, L2-S",LRT,5,0.248948
511265,2,2,0.003729,0.115113,0.000553,0.0,186420.3564,669938.717,"LRT-L1, LRT-L2",LRT,5,0.248844
515006,3,2,0.001266,0.113408,0.000669,0.0,185202.4174,650741.536,"BRT2-1, BRT2-2",BRT,4,0.248733
511090,3,4,0.003525,0.087303,0.000652,0.0,167022.4291,635073.3388,"L1-N, L1-S, L2-N, L2-S",LRT,5,0.248608
525572,2,4,0.001256,0.116842,0.00066,0.0,186576.4978,667273.339,"RG-RH1, RG-RH2, RH-RG1, RH-RG2",BRT,4,0.248515
512044,2,2,0.006665,0.123815,0.000437,0.0,180151.9268,669541.1182,"Grn2-N, Grn2-S",LRT,5,0.248497
525211,2,2,0.005793,0.108477,0.000623,0.0,183544.7125,643582.3557,"East-N, East-S",LRT,5,0.248491
512268,2,2,0.003639,0.10364,0.000686,0.0,175420.1138,640217.7429,"Turquoise_N, Turquoise_S",LRT,5,0.248324
511264,3,2,0.008394,0.100456,0.000576,0.0,190516.4147,687589.5741,"LRT-L1, LRT-L2",LRT,5,0.248284
525056,3,2,0.000711,0.116517,0.000628,0.0,181279.1757,649376.9131,"BluRT1, BluRT2",BRT,4,0.248167
525333,3,2,0.014381,0.111786,0.000644,0.0,193910.9119,663286.3733,"BBEld1, BBEld2",BRT,4,0.248159
515081,2,4,0.001006,0.116172,0.000665,0.0,190100.1045,650792.4588,"BRT1-1, BRT1-2, BRT2-1, BRT2-2",BRT,4,0.24811
515014,3,2,0.000271,0.116038,0.000632,0.0,182898.9629,652303.9991,"BRT1-1, BRT1-2",BRT,4,0.247898
525514,3,2,0.009922,0.107044,0.000711,0.0,190956.4723,667121.7632,"BRT-1, BRT-2",BRT,4,0.24779
525582,3,4,0.018554,0.102426,0.000641,0.0,192621.0301,667616.4946,"RG-RH1, RG-RH2, RH-RG1, RH-RG2",BRT,4,0.247752
511045,2,4,0.033747,0.09229,0.000628,0.0,170221.4927,637917.2766,"L1-N, L1-S, L2-N, L2-S",LRT,5,0.247648
525317,2,2,0.00947,0.1244,0.000636,2e-06,183533.922,674583.6066,"Hz-KS1, Hz-KS2",BRT,4,0.247551
511088,3,4,0.005776,0.087555,0.000631,0.0,167489.6303,635868.6426,"L1-N, L1-S, L2-N, L2-S",LRT,5,0.247443
525020,3,2,0.003256,0.108727,0.000707,0.0,182841.864,643480.8189,"BluRT1, BluRT2",BRT,4,0.24744
515013,3,2,0.00537,0.114618,0.000629,0.0,183796.9724,652018.9423,"BRT1-1, BRT1-2",BRT,4,0.24731
511120,2,4,0.003764,0.092603,0.000708,0.0,186577.2883,695042.878,"LRT121, LRT122, LRT151, LRT152",LRT,5,0.247235
51020,2,5,0.001508,0.0866,0.000737,0.0,220115.1767,632591.4181,"LRT11, LRT12, LRT31, LRT32, LRT9",LRT,5,0.247196
511275,2,2,0.007238,0.109215,0.000598,0.0,178440.2456,647719.2078,"LRT-L1, LRT-L2",LRT,5,0.247158
511089,3,4,0.003522,0.087075,0.00064,0.0,167210.2023,635487.8335,"L1-N, L1-S, L2-N, L2-S",LRT,5,0.247071
525319,2,2,0.001518,0.124372,0.000653,2e-06,182718.1555,674265.5121,"Hz-KS1, Hz-KS2",BRT,4,0.246847
525320,2,2,0.000479,0.12314,0.00067,0.0,182329.1095,674300.7938,"Hz-KS1, Hz-KS2",BRT,4,0.246832
511268,2,2,0.006465,0.122177,0.000442,0.0,185149.0609,663984.1206,"LRT-L1, LRT-L2",LRT,5,0.246832
36156,3,4,0.01125,0.073255,0.001002,0.0,204814.4885,741891.1676,"m0510a, m0520a, m0610a, m0620a",BRT,4,0.246757
511083,2,4,0.032851,0.091818,0.000628,0.0,169830.5264,637921.9408,"L1-N, L1-S, L2-N, L2-S",LRT,5,0.246735
511124,2,4,0.008761,0.095713,0.000652,0.0,187026.6515,693660.3917,"LRT121, LRT122, LRT151, LRT152",LRT,5,0.246731
511228,2,2,0.005016,0.103984,0.000663,0.0,186691.275,686695.7129,"LRT141, LRT142","BRT, LRT",5,0.24671
515038,2,4,0.000954,0.115925,0.000655,0.0,189673.983,650107.7694,"BRT1-1, BRT1-2, BRT2-1, BRT2-2",BRT,4,0.24665
512230,3,1,0.011935,0.106287,0.000528,1e-06,175694.2805,641443.8397,Light-Blue_S,LRT,5,0.246381
282738,4,2,0.040938,0.077095,0.000608,0.0,160751.6997,620324.3423,"Orange_N, Orange_S",LRT,5,0.246309
525577,2,4,0.021223,0.111839,0.000641,0.0,189356.0543,667304.1806,"RG-RH1, RG-RH2, RH-RG1, RH-RG2",BRT,4,0.246289
515075,3,2,0.0,0.115011,0.00063,0.0,183442.9602,652150.8151,"BRT1-1, BRT1-2",BRT,4,0.246253
515005,3,2,0.000828,0.112727,0.000649,0.0,185203.5523,650370.7196,"BRT2-1, BRT2-2",BRT,4,0.245658
511084,2,4,0.031959,0.091036,0.000628,0.0,169173.0703,637911.0024,"L1-N, L1-S, L2-N, L2-S",LRT,5,0.245453
525585,3,4,0.01486,0.095472,0.000713,0.0,195201.8322,668528.7868,"RG-RH1, RG-RH2, RH-RG1, RH-RG2",BRT,4,0.24535
36177,6,3,3.7e-05,0.080024,0.00059,2.2e-05,196664.7614,748021.7426,"m0110a, m0120a, m0710a",BRT,4,0.245322
51180,2,4,0.04759,0.086713,0.000632,0.0,219938.0602,633302.2345,"LRT41, LRT42, LRT51, LRT52",LRT,5,0.245284
511197,2,2,0.017102,0.105728,0.000592,0.0,188362.1584,689188.0205,"LRT131, LRT132",LRT,5,0.245229
467208,3,6,0.000157,0.060108,0.000856,0.0,180536.9326,572700.3871,"4.2_LRT_BRS-Shoket, 4.2_LRT_Shoket-BRS, 4.4_Bee'rSheva-Rahat_Main, 4.4_Rahat-Bee'rSheva_Main, 4.5_Bee'rSheva-Rahat, 4.5_Rahat-Bee'rSheva",LRT,5,0.245223
511108,2,2,0.008458,0.093152,0.000766,0.0,167562.5072,631801.3372,"L2-N, L2-S",LRT,5,0.245021
512166,3,4,0.006274,0.070572,0.00081,0.0,157175.6518,616506.9097,"Orange_N, Orange_S, RedN, RedS",LRT,5,0.245008
511123,2,4,0.007514,0.094808,0.000649,0.0,187088.1613,694159.7273,"LRT121, LRT122, LRT151, LRT152",LRT,5,0.244922
511121,2,4,0.005016,0.093454,0.000673,0.0,186444.444,694567.139,"LRT121, LRT122, LRT151, LRT152",LRT,5,0.24492
525316,2,2,0.008304,0.122943,0.000631,0.0,183943.9377,674576.7202,"Hz-KS1, Hz-KS2",BRT,4,0.244878
525233,2,2,0.001596,0.125244,0.000622,0.0,183005.3959,667469.7826,"Yelw-N, Yelw-S",BRT,4,0.244734
511122,2,4,0.006266,0.094176,0.000658,0.0,186762.9014,694304.4952,"LRT121, LRT122, LRT151, LRT152",LRT,5,0.244607
34063,5,2,0.072452,0.070376,0.000447,0.0,214478.5089,747546.7572,"lrt05, lrt06",LRT,5,0.244585
511227,2,2,0.006266,0.10426,0.000635,0.0,186806.2811,686639.5071,"LRT141, LRT142","BRT, LRT",5,0.244497
511190,2,2,0.016016,0.103866,0.00061,0.0,189815.1193,687221.9586,"LRT151, LRT152",LRT,5,0.244355
511191,2,2,0.01695,0.104716,0.000595,0.0,189372.9735,687504.2185,"LRT151, LRT152",LRT,5,0.24414
511169,3,2,0.001304,0.108712,0.000459,0.0,189322.2617,678333.1823,"LRT151, LRT152",LRT,5,0.244105
511189,2,2,0.015109,0.103231,0.000618,0.0,189995.8071,687590.2236,"LRT151, LRT152",LRT,5,0.244094
36158,3,4,0.012492,0.073975,0.000965,4e-06,204397.845,742231.7909,"m0510a, m0520a, m0610a, m0620a",BRT,4,0.244075
511256,2,1,0.000273,0.120554,0.00028,0.0,181165.4739,674631.7671,Me03-R,Metro,6,0.243998
511198,2,2,0.015908,0.10391,0.000606,0.0,188414.4585,690056.4453,"LRT131, LRT132",LRT,5,0.243945
511196,2,2,0.018303,0.106414,0.000568,0.0,188396.6853,688870.7555,"LRT131, LRT132",LRT,5,0.243853
515073,3,2,0.00085,0.113329,0.000625,0.0,185261.883,649275.7955,"BRT2-1, BRT2-2",BRT,4,0.24381
511188,2,2,0.01421,0.102749,0.000622,0.0,190051.4764,687903.1771,"LRT151, LRT152",LRT,5,0.243703
36048,5,3,0.013149,0.083416,0.000628,0.000131,196621.7427,745390.3897,"m0620a, m0710a, m0720a",BRT,4,0.243654
525235,2,2,0.003698,0.124827,0.000611,0.0,182933.5777,669013.7681,"Yelw-N, Yelw-S",BRT,4,0.243618
515022,4,2,0.001175,0.11627,0.000453,0.0,179801.8133,652688.481,"BRT1-1, BRT1-2",BRT,4,0.243585
51181,2,4,0.046431,0.086169,0.000625,0.0,220331.3639,633362.7131,"LRT41, LRT42, LRT51, LRT52",LRT,5,0.243448
525516,3,2,2.4e-05,0.110173,0.000661,0.0,189917.9864,666825.7971,"BRT-1, BRT-2",BRT,4,0.243425
525032,3,2,0.002507,0.111296,0.000641,1e-06,182369.9365,644705.2679,"BluRT1, BluRT2",BRT,4,0.243412
51195,3,4,0.003764,0.082887,0.000655,0.0,222517.175,633832.9355,"LRT41, LRT42, LRT71, LRT72",LRT,5,0.243412
525583,3,4,0.017323,0.098232,0.000654,0.0,194237.5219,668178.2643,"RG-RH1, RG-RH2, RH-RG1, RH-RG2",BRT,4,0.243384
525337,2,2,0.005058,0.111199,0.000767,0.0,191275.3546,664711.8438,"BBEld1, BBEld2",BRT,4,0.243326
525584,3,4,0.016091,0.096835,0.000673,0.0,194611.4075,668648.3355,"RG-RH1, RG-RH2, RH-RG1, RH-RG2",BRT,4,0.24321
511192,2,2,0.017938,0.105757,0.000569,0.0,188792.3022,687632.8786,"LRT151, LRT152",LRT,5,0.243013
500237,4,4,0.013435,0.076443,0.000789,0.0,177037.9574,615141.3485,"BRT_Blue_E, BRT_Blue_W, BRT_Pink_E, BRT_Pink_W",BRT,4,0.242963
511199,2,2,0.014722,0.103081,0.00061,0.0,188471.8019,690462.516,"LRT131, LRT132",LRT,5,0.242946
525030,3,2,0.001243,0.110208,0.000653,1e-06,182456.7945,644357.21,"BluRT1, BluRT2",BRT,4,0.242917
525245,2,2,0.000989,0.123741,0.000625,0.0,183365.255,665706.1814,"Yelw-N, Yelw-S",BRT,4,0.242893
36641,4,3,0.002512,0.07119,0.000932,0.0,205772.5396,740614.067,"m0510a, m0520a, m0620a",BRT,4,0.242886
511276,2,2,0.00673,0.107392,0.000581,0.0,177846.8205,645719.422,"LRT-L1, LRT-L2",LRT,5,0.242863
522017,2,1,0.0,0.109449,0.000402,0.0,191189.5004,668548.9086,Me02-W,Metro,6,0.242804
500046,3,4,0.018716,0.07859,0.000879,0.0,178068.3307,613792.7108,"BRT_Blue_E, BRT_Blue_W, BRT_Pink_E, BRT_Pink_W",BRT,4,0.242736
1030,5,4,0.060287,0.086024,0.000252,0.036387,196353.6089,744376.4439,"R322-1, R322-2, R324-1, R324-2",BRT,4,0.242709
511269,2,2,0.007227,0.118333,0.000447,0.0,183689.52,659067.6602,"LRT-L1, LRT-L2",LRT,5,0.242664
511226,2,2,0.007514,0.104975,0.000605,0.0,186988.8496,686913.2204,"LRT141, LRT142","BRT, LRT",5,0.242636
36230,2,4,0.018629,0.101531,0.000737,2e-06,191305.2664,705179.2716,"brt051, brt052, brt061, brt062",BRT,4,0.242535
36187,5,5,0.002444,0.08006,0.000546,0.010965,200563.9498,746780.7944,"m0120a, m0220a, m0610a, m0720a, m0910a",BRT,4,0.242505
31640,2,4,0.050648,0.06759,0.0006,0.000307,211890.9765,731823.0032,"rail_10_1, rail_10_2, rail_7_1, rail_7_2",Suburban Rail,6,0.242227
31597,2,6,5.2e-05,0.092876,0.000347,0.000189,193200.9984,719746.1943,"rail_10_1, rail_10_2, rail_11_1, rail_11_2, rail_12_1, rail_12_2",Suburban Rail,6,0.24221
512267,2,2,0.001256,0.101992,0.000653,0.0,174937.0562,639596.6151,"Turquoise_N, Turquoise_S",LRT,5,0.241965
511217,2,2,0.021831,0.104631,0.00056,0.0,186389.9757,689071.3197,"LRT121, LRT122",LRT,5,0.241788
513029,2,2,0.009288,0.123242,0.000373,0.0,185580.1938,662616.4412,"Mgt1-E, Mgt1-W",LRT,5,0.241715
525315,2,2,0.007252,0.120814,0.00063,0.0,184588.6286,674449.339,"Hz-KS1, Hz-KS2",BRT,4,0.241684
467202,3,6,0.001342,0.060657,0.000813,0.0,180756.0066,574064.8193,"4.2_LRT_BRS-Shoket, 4.2_LRT_Shoket-BRS, 4.4_Bee'rSheva-Rahat_Main, 4.4_Rahat-Bee'rSheva_Main, 4.5_Bee'rSheva-Rahat, 4.5_Rahat-Bee'rSheva",LRT,5,0.241684
511053,3,2,0.002348,0.107534,0.000447,0.0,175034.6407,644058.951,"L2-N, L2-S",LRT,5,0.241604
511071,3,2,0.000148,0.091927,0.000637,0.0,167123.2436,632559.0114,"L1-N, L1-S",LRT,5,0.241353
511200,2,2,0.013536,0.102177,0.000609,0.0,188617.5903,690893.3899,"LRT131, LRT132",LRT,5,0.241306
525205,2,2,0.00776,0.117134,0.000446,0.0,188446.6806,669378.4672,"East-N, East-S",LRT,5,0.241283
511219,2,2,0.023037,0.106291,0.000529,0.0,186635.6362,688327.7392,"LRT121, LRT122",LRT,5,0.241072
51160,2,4,0.033379,0.085875,0.000643,0.0,218592.9083,631622.2123,"LRT31, LRT32, LRT41, LRT42",LRT,5,0.240933
511067,3,2,0.001049,0.102335,0.000506,0.0,177129.9617,642177.6508,"L1-N, L1-S",LRT,5,0.240842
1007,4,6,0.001177,0.07205,0.000758,1e-06,208356.518,751836.2493,"R1002-1, R1002-2, R1003-1, R1003-2, R323-1, R323-2",BRT,4,0.240774
511215,2,2,0.020642,0.103711,0.000564,0.0,186466.547,689513.6037,"LRT121, LRT122",LRT,5,0.240693
51024,3,4,0.000501,0.081339,0.000657,0.0,220041.7877,628696.3477,"LRT31, LRT32, LRT71, LRT72",LRT,5,0.240584
525247,2,2,0.002167,0.121847,0.000622,0.0,182768.4829,663638.1781,"Yelw-N, Yelw-S",BRT,4,0.240559
525513,3,2,0.008703,0.104384,0.000678,0.0,191930.9602,667246.2421,"BRT-1, BRT-2",BRT,4,0.240541
36652,6,3,0.001034,0.071186,0.000648,0.0,208962.6191,751521.5619,"m0110a, m0120a, m0410a",BRT,4,0.240525
511195,2,2,0.019515,0.107348,0.000521,0.0,188435.17,688446.765,"LRT131, LRT132",LRT,5,0.240417
511225,2,2,0.008761,0.105716,0.000571,0.0,187095.5668,687232.6946,"LRT141, LRT142","BRT, LRT",5,0.240343
511153,2,2,0.007167,0.099379,0.000648,0.0,194199.7766,680813.9975,"LRT141, LRT142","BRT, LRT",5,0.239931
36598,4,2,0.005016,0.086012,0.000769,0.0,194726.2493,713821.073,"brt061, brt062",BRT,4,0.239886
525295,3,2,0.005068,0.108696,0.00063,0.0,191251.8767,677103.3084,"Hz-KS1, Hz-KS2",BRT,4,0.239775
511132,3,2,0.008415,0.097112,0.000536,0.0,190759.7702,692343.1419,"LRT141, LRT142","BRT, LRT",5,0.239705
525298,3,2,0.001532,0.109692,0.000628,0.0,189355.7964,677635.7056,"Hz-KS1, Hz-KS2",BRT,4,0.239702
511193,2,2,0.018995,0.106871,0.000522,0.0,188217.4341,687606.315,"LRT151, LRT152",LRT,5,0.239699
525314,2,2,0.006328,0.119564,0.000629,0.0,184890.5497,674807.403,"Hz-KS1, Hz-KS2",BRT,4,0.239644
150274,4,1,0.004784,0.116437,0.000453,0.0,179974.8108,652760.5982,BRT1-2,BRT,4,0.239637
511133,3,2,0.005335,0.092588,0.000597,0.0,193381.5963,692027.6401,"LRT141, LRT142","BRT, LRT",5,0.239481
34064,4,2,0.069248,0.070137,0.000544,0.0,214557.3893,747797.4819,"lrt05, lrt06",LRT,5,0.239436
34015,2,6,0.017238,0.070846,0.000757,0.0,213076.2707,746410.3431,"lrt01, lrt02, lrt03, lrt04, lrt05, lrt06",LRT,5,0.239389
511118,2,4,0.001256,0.090979,0.000661,0.0,187298.3815,695632.3385,"LRT121, LRT122, LRT151, LRT152",LRT,5,0.239277
525236,2,2,0.002872,0.122705,0.000597,0.0,183252.5162,669778.6284,"Yelw-N, Yelw-S",BRT,4,0.239202
51107,2,4,0.00352,0.086104,0.00071,0.0,220806.8314,632730.2013,"LRT61, LRT62, LRT71, LRT72",LRT,5,0.239037
511201,2,2,0.012351,0.101445,0.000599,0.0,188803.2816,691218.5788,"LRT131, LRT132",LRT,5,0.239007
525493,3,1,0.010155,0.106607,0.000682,0.0,182602.7611,641671.7262,RH-GY1,BRT,4,0.238969
511232,2,2,0.001256,0.099977,0.000649,0.0,185142.638,686683.7903,"LRT141, LRT142","BRT, LRT",5,0.238951
525017,3,2,0.001096,0.106462,0.00066,0.0,183059.3005,642616.6148,"BluRT1, BluRT2",BRT,4,0.238882
512270,3,2,0.003914,0.086986,0.000659,0.0,168253.0805,636500.776,"RedN, RedS",LRT,5,0.238521
511186,2,2,0.005831,0.10039,0.000626,0.0,191340.3926,687821.6243,"LRT151, LRT152",LRT,5,0.238449
36197,6,3,0.00041,0.081908,0.000499,0.000595,198417.3315,748367.9931,"m0620a, m0710a, m0720a",BRT,4,0.238441
1008,4,6,0.002269,0.0731,0.00072,3e-06,207744.6674,751138.7065,"R1002-1, R1002-2, R1003-1, R1003-2, R323-1, R323-2",BRT,4,0.23842
525084,2,2,0.001361,0.117325,0.000658,0.0,183324.8563,656542.3096,"BluRT1, BluRT2",BRT,4,0.238393
18300,4,3,0.005011,0.07175,0.000876,0.0,205518.8141,740975.1256,"m0510a, m0520a, m0620a",BRT,4,0.238362
511038,3,2,0.003528,0.120025,0.000263,0.0,187197.1079,668208.1821,"Red2-S, Shut-S",LRT,5,0.238328
515007,2,2,0.00088,0.113373,0.000706,0.0,185154.9356,651412.2333,"BRT2-1, BRT2-2",BRT,4,0.238251
51156,2,4,0.032207,0.085102,0.00063,0.0,218667.8652,631060.416,"LRT31, LRT32, LRT41, LRT42",LRT,5,0.238133
1027,5,4,0.001112,0.079626,0.000608,1.5e-05,196604.8908,747931.2037,"R327-1, R327-2, R328-1, R328-2",BRT,4,0.238106
515041,3,2,0.003808,0.117122,0.000516,0.0,187521.8818,648649.8381,"BRT2-1, BRT2-2",BRT,4,0.237945
525299,3,2,0.001608,0.108292,0.000628,0.0,189244.3117,678220.5894,"Hz-KS1, Hz-KS2",BRT,4,0.237919
36168,3,4,0.021142,0.076331,0.000823,0.007271,203221.2047,743452.4417,"m0510a, m0520a, m0610a, m0620a",BRT,4,0.237774
51151,2,4,0.002664,0.080138,0.000772,0.0,220278.659,627548.7441,"LRT61, LRT62, LRT81, LRT82",LRT,5,0.237757
525019,2,2,0.002091,0.107579,0.000767,0.0,182983.418,643102.6386,"BluRT1, BluRT2",BRT,4,0.237732
1005,3,8,0.00241,0.071137,0.000771,5e-06,209065.7795,750548.0003,"R1001-1, R1001-2, R321-1, R321-2, R322-1, R322-2, R329-1, R329-2",BRT,4,0.237692
512108,2,1,0.012192,0.106459,0.000575,0.0,175802.1074,641812.4229,Light-Blue_S,LRT,5,0.237432
511213,2,2,0.019455,0.102837,0.000547,0.0,186549.6856,689939.7037,"LRT121, LRT122",LRT,5,0.237412
511058,2,2,0.007215,0.092536,0.000706,0.0,167236.2224,631955.7329,"L2-N, L2-S",LRT,5,0.237377
511085,2,4,0.011396,0.089646,0.000628,0.0,168302.6723,637426.8203,"L1-N, L1-S, L2-N, L2-S",LRT,5,0.237244
512193,3,2,0.005118,0.087339,0.000639,0.0,167003.1484,635067.1655,"RedN, RedS",LRT,5,0.237201
512123,3,2,0.010639,0.087929,0.000614,0.0,166798.9629,634610.8541,"RedN, RedS",LRT,5,0.237033
512036,2,2,0.000243,0.117902,0.000419,0.0,178635.346,654519.82,"Grn1-N, Grn1-S",LRT,5,0.236965
36053,4,3,0.003261,0.074027,0.00084,0.0,201757.8601,742814.9516,"m0810a, m0910a, m0920a",BRT,4,0.236914
36661,4,3,0.0,0.084909,0.000717,0.000756,196492.791,744045.7123,"m0110a, m0120a, m0410a",BRT,4,0.236891
511277,2,2,0.007022,0.105502,0.000546,0.0,176431.9384,642338.1793,"LRT-L1, LRT-L2",LRT,5,0.236839
525074,2,2,0.003509,0.117711,0.000633,0.0,181952.3679,653491.8926,"BluRT1, BluRT2",BRT,4,0.236829
525336,2,2,0.004951,0.111054,0.000707,0.0,191662.8229,664318.6503,"BBEld1, BBEld2",BRT,4,0.236743
511185,2,2,0.004768,0.099152,0.000626,0.0,191945.3667,687599.2907,"LRT151, LRT152",LRT,5,0.236555
36445,7,1,0.00878,0.078579,0.000463,0.000216,199967.1982,746538.8798,m0810a,BRT,4,0.236491
511047,2,4,0.010524,0.089183,0.000628,0.0,167943.1245,637214.2168,"L1-N, L1-S, L2-N, L2-S",LRT,5,0.236414
51189,2,4,0.035888,0.084852,0.000606,0.0,221178.8947,633858.7295,"LRT41, LRT42, LRT51, LRT52",LRT,5,0.236381
525290,3,2,0.006172,0.102355,0.00067,0.0,194097.4916,675984.1291,"Hz-KS1, Hz-KS2",BRT,4,0.236297
522018,1,1,0.0,0.12561,0.000281,0.0,177532.4713,659134.6498,Me02-E,Metro,6,0.23619
525512,3,2,0.007495,0.102301,0.000666,0.0,192632.9785,667636.4792,"BRT-1, BRT-2",BRT,4,0.236132
522016,1,2,0.0,0.109693,0.00042,0.0,191993.2278,666628.334,"Me02-E, Me02-W",Metro,6,0.235975
511184,2,2,0.003888,0.098807,0.000626,0.0,191893.3948,687352.6924,"LRT151, LRT152",LRT,5,0.235848
511167,2,2,0.0,0.111949,0.000479,0.0,189786.713,676843.0795,"LRT151, LRT152",LRT,5,0.235694
31503,7,2,0.003843,0.078228,0.00087,0.000216,199905.594,746507.661,"s0110a, s0120a",Funicular,2,0.235649
512192,3,2,0.011746,0.088593,0.00059,0.0,166562.4535,634215.192,"RedN, RedS",LRT,5,0.235619
525508,3,2,0.002574,0.094387,0.00077,0.0,195741.4363,668384.8437,"BRT-1, BRT-2",BRT,4,0.235588
511202,2,2,0.011232,0.100538,0.000581,0.0,189133.6406,691615.785,"LRT131, LRT132",LRT,5,0.235569
525069,2,2,0.003016,0.116997,0.000631,0.0,181722.0678,653014.474,"BluRT1, BluRT2",BRT,4,0.235509
511224,2,2,0.010006,0.106352,0.000514,0.0,187174.1808,687507.0234,"LRT141, LRT142","BRT, LRT",5,0.235459
51155,2,4,0.031046,0.084307,0.000617,0.0,218707.2208,630461.1341,"LRT31, LRT32, LRT41, LRT42",LRT,5,0.235429
525062,2,2,0.001188,0.117531,0.000629,0.0,181500.5321,651876.7862,"BluRT1, BluRT2",BRT,4,0.235404
51171,2,4,0.003806,0.0863,0.000671,0.0,220534.1308,631786.0481,"LRT61, LRT62, LRT71, LRT72",LRT,5,0.235171
525243,2,2,0.001105,0.118783,0.00061,0.0,182541.1077,661350.4126,"Yelw-N, Yelw-S",BRT,4,0.235047
511152,2,2,0.005973,0.096532,0.000639,0.0,195372.2991,681849.7469,"LRT141, LRT142","BRT, LRT",5,0.234959
525204,2,2,0.00715,0.112064,0.00045,0.0,190456.8504,671050.6155,"East-N, East-S",LRT,5,0.234954
511183,2,2,0.003025,0.098359,0.000625,0.0,191906.5568,687018.9999,"LRT151, LRT152",LRT,5,0.234891
515117,2,2,0.002511,0.10833,0.00073,0.0,191391.9491,655205.8018,"BRT2-1, BRT2-2",BRT,4,0.234869
51170,2,4,0.002631,0.085812,0.000677,0.0,220678.8431,631464.7734,"LRT61, LRT62, LRT71, LRT72",LRT,5,0.234835
515116,2,2,0.003764,0.114708,0.000649,0.0,190964.787,653191.2072,"BRT2-1, BRT2-2",BRT,4,0.234755
36421,3,4,0.002637,0.078946,0.000811,0.008924,200513.931,745910.936,"m0320a, m0520a, m0810a, m0820a",BRT,4,0.234743
500047,3,4,0.01545,0.078055,0.00082,0.0,178028.6182,614225.9304,"BRT_Blue_E, BRT_Blue_W, BRT_Pink_E, BRT_Pink_W",BRT,4,0.234716
525061,2,2,0.001278,0.116914,0.000628,0.0,181547.7993,651319.3156,"BluRT1, BluRT2",BRT,4,0.234602
525307,2,2,0.007534,0.11533,0.000628,0.0,186505.5507,677168.4873,"Hz-KS1, Hz-KS2",BRT,4,0.234492
511206,3,2,0.000482,0.100554,0.000468,0.0,186729.7655,691051.3328,"LRT151, LRT152",LRT,5,0.234412
51138,3,4,0.001624,0.08167,0.000591,0.0,219279.241,628737.6193,"LRT31, LRT32, LRT71, LRT72",LRT,5,0.234255
512177,3,2,0.05799,0.078585,0.000561,0.0,161741.2663,621111.5761,"Orange_N, Orange_S",LRT,5,0.234231
515027,2,2,0.0,0.116292,0.000636,0.0,182416.6575,652252.8062,"BRT1-1, BRT1-2",BRT,4,0.234228
525312,2,2,0.001476,0.116468,0.000628,0.0,185957.119,674956.1604,"Hz-KS1, Hz-KS2",BRT,4,0.234079
511182,2,2,0.00226,0.097912,0.000624,0.0,192266.4275,687025.7429,"LRT151, LRT152",LRT,5,0.233927
51025,2,4,0.020512,0.08608,0.000613,0.0,218225.3744,632232.9224,"LRT11, LRT12, LRT21, LRT22",LRT,5,0.233905
36015,4,3,0.004947,0.07916,0.000645,0.024324,201327.4709,744877.836,"m0810a, m0910a, m0920a",BRT,4,0.233796
525051,2,2,0.002175,0.11597,0.000628,0.0,181076.5061,648025.6571,"BluRT1, BluRT2",BRT,4,0.233653
51013,3,3,0.001417,0.084221,0.000604,0.0,221605.1938,632620.9821,"LRT10, LRT11, LRT12",LRT,5,0.233595
51125,2,4,0.007514,0.078521,0.000737,0.0,217967.3383,626496.4142,"LRT41, LRT42, LRT61, LRT62",LRT,5,0.233466
36023,5,2,6.4e-05,0.078006,0.000563,0.029769,201563.8635,744797.3272,"m0910a, m0920a",BRT,4,0.233437
521072,2,1,0.031278,0.122617,0.000287,0.0,186003.0151,659295.532,East-N,LRT,5,0.233341
51026,2,4,0.019288,0.085529,0.000617,0.0,217926.556,631990.1863,"LRT11, LRT12, LRT21, LRT22",LRT,5,0.233237
525049,2,2,0.001847,0.115625,0.000628,2e-06,181114.9634,647632.886,"BluRT1, BluRT2",BRT,4,0.233117
51101,2,4,0.00244,0.085956,0.000659,0.0,217986.696,632766.3855,"LRT31, LRT32, LRT51, LRT52",LRT,5,0.233042
511181,2,2,0.002121,0.097532,0.00062,0.0,192619.5877,686807.615,"LRT151, LRT152",LRT,5,0.233009
51132,2,4,0.00122,0.08542,0.000668,0.0,217620.3003,632770.0367,"LRT31, LRT32, LRT51, LRT52",LRT,5,0.232943
511180,2,2,0.002523,0.097774,0.000615,0.0,192956.6815,686599.8954,"LRT151, LRT152",LRT,5,0.232854
525335,2,2,0.004937,0.110992,0.000671,0.0,192324.355,664071.7761,"BBEld1, BBEld2",BRT,4,0.23279
525212,4,1,0.005778,0.107516,0.00027,0.0,182872.3466,641934.3409,East-N,LRT,5,0.232768
525309,2,2,0.0013,0.115504,0.000628,0.0,186239.1084,675923.631,"Hz-KS1, Hz-KS2",BRT,4,0.232766
282737,3,2,0.043205,0.077591,0.000602,0.0,161180.4936,620418.8534,"Orange_N, Orange_S",LRT,5,0.232715
282739,3,2,0.045502,0.078012,0.00059,0.0,161478.4162,620633.2327,"Orange_N, Orange_S",LRT,5,0.232637
512124,3,2,0.012912,0.089465,0.000547,0.0,166261.618,633703.4619,"RedN, RedS",LRT,5,0.232524
525311,2,2,0.000387,0.115504,0.000628,0.0,186285.2766,674998.6059,"Hz-KS1, Hz-KS2",BRT,4,0.232497
511179,2,2,0.002924,0.098234,0.000603,0.0,192605.9958,685937.1267,"LRT151, LRT152",LRT,5,0.232373
525338,2,2,0.005254,0.111458,0.00066,0.0,191539.4518,665228.4806,"BBEld1, BBEld2",BRT,4,0.232316
51158,2,4,0.029891,0.083402,0.000601,0.0,219026.6918,629837.9445,"LRT31, LRT32, LRT41, LRT42",LRT,5,0.232175
36157,4,3,0.007506,0.072325,0.000803,0.0,205254.4431,741334.6615,"m0510a, m0520a, m0620a",BRT,4,0.232103
511107,2,2,0.006014,0.0918,0.000669,0.0,166972.0899,631583.43,"L2-N, L2-S",LRT,5,0.232097
525327,2,2,0.002511,0.103045,0.000767,0.0,196172.3842,662171.6523,"BBEld1, BBEld2",BRT,4,0.232091
525306,2,2,0.006436,0.113719,0.000628,0.0,186594.8217,677728.4528,"Hz-KS1, Hz-KS2",BRT,4,0.232086
51027,2,4,0.018089,0.084807,0.000618,0.0,217608.2954,631580.6006,"LRT11, LRT12, LRT21, LRT22",LRT,5,0.232062
467942,3,4,0.000167,0.059421,0.000839,0.0,180300.5215,576239.165,"4.4_Bee'rSheva-Rahat_Main, 4.4_Rahat-Bee'rSheva_Main, 4.5_Bee'rSheva-Rahat, 4.5_Rahat-Bee'rSheva",LRT,5,0.231929
984885,2,4,0.005864,0.088367,0.000385,9.8e-05,195564.66,705517.463,"rail_10_1, rail_10_2, rail_15_1, rail_15_2",Suburban Rail,6,0.231726
525242,2,2,0.000802,0.117332,0.000597,0.0,181678.0259,659536.742,"Yelw-N, Yelw-S",BRT,4,0.231622
51115,3,4,0.001256,0.078885,0.0006,0.0,214412.1176,630165.8881,"LRT11, LRT12, LRT81, LRT82",LRT,5,0.23161
525509,3,2,0.003808,0.095889,0.000711,0.0,195086.421,668555.4286,"BRT-1, BRT-2",BRT,4,0.231598
525334,2,2,0.005025,0.111234,0.000655,0.0,193500.3275,663807.2727,"BBEld1, BBEld2",BRT,4,0.231391
511099,2,2,0.005132,0.1063,0.000491,0.0,176067.9026,641648.4249,"L2-N, L2-S",LRT,5,0.231369
512149,2,4,0.008755,0.071665,0.000793,0.0,157942.2802,617240.3797,"Orange_N, Orange_S, RedN, RedS",LRT,5,0.231101
515069,2,2,0.00021,0.118577,0.000578,0.0,189223.2363,652557.8529,"BRT1-1, BRT1-2",BRT,4,0.231083
31992,5,2,0.006041,0.073916,0.000246,0.000819,210183.5865,746927.015,"rail_6_1, rail_6_2",Suburban Rail,6,0.231047
511178,2,2,0.003336,0.098632,0.000585,0.0,192307.1711,685380.0182,"LRT151, LRT152",LRT,5,0.231009
32004,5,2,0.014726,0.075711,0.00087,3e-06,202899.5876,742138.4094,"c001, c002",Cable Line,3,0.23098
511093,3,2,0.000195,0.091131,0.00055,0.0,166670.9978,632815.1981,"L1-N, L1-S",LRT,5,0.230974
525310,2,2,0.000315,0.114238,0.000628,0.0,186330.471,675444.5839,"Hz-KS1, Hz-KS2",BRT,4,0.230839
525038,2,2,0.002593,0.113321,0.000631,2e-06,182145.557,645482.0427,"BluRT1, BluRT2",BRT,4,0.230774
525241,2,2,0.001264,0.118638,0.000572,0.0,181056.2507,658922.5745,"Yelw-N, Yelw-S",BRT,4,0.230745
36255,3,3,0.011352,0.095944,0.00063,0.0,193424.588,704975.0992,"brt051, brt052, brt061",BRT,4,0.230684
525511,3,2,0.006274,0.098182,0.000666,0.0,194222.6856,668191.2337,"BRT-1, BRT-2",BRT,4,0.230477
525305,2,2,0.00538,0.112693,0.000628,0.0,186972.1279,677787.0657,"Hz-KS1, Hz-KS2",BRT,4,0.230441
467180,3,4,0.006266,0.055407,0.000854,0.0,188658.801,578137.8485,"4.1_Arad-BS, 4.1_BS-Arad, 4.2_LRT_BRS-Shoket, 4.2_LRT_Shoket-BRS",LRT,5,0.230276
51036,2,4,1e-06,0.081603,0.000692,0.0,222826.9616,633763.1543,"LRT41, LRT42, LRT71, LRT72",LRT,5,0.230268
511203,2,2,0.010185,0.099618,0.000546,0.0,189224.912,692159.7748,"LRT131, LRT132",LRT,5,0.230243
511162,2,1,0.015161,0.112401,0.000426,0.0,190307.7888,676225.5681,LRT142,LRT,5,0.230072
51028,2,4,0.016919,0.083821,0.000614,0.0,217285.1545,630909.0808,"LRT11, LRT12, LRT21, LRT22",LRT,5,0.230041
500071,3,4,0.010059,0.072515,0.000858,0.0,164622.9547,619321.0596,"BRT_Blue_E, BRT_Blue_W, BRT_Pink_E, BRT_Pink_W",BRT,4,0.229992
511212,2,2,0.018273,0.1012,0.0005,0.0,186599.0956,690774.5926,"LRT121, LRT122",LRT,5,0.22995
511177,2,2,0.004169,0.100496,0.00055,0.0,190751.185,684980.5162,"LRT151, LRT152",LRT,5,0.229913
515115,2,2,0.005016,0.1173,0.000568,0.0,191098.0494,652428.6302,"BRT2-1, BRT2-2",BRT,4,0.229816
525510,3,2,0.005039,0.096884,0.000678,0.0,194649.2024,668551.7158,"BRT-1, BRT-2",BRT,4,0.229793
525332,2,2,0.008761,0.109971,0.000643,0.0,194506.871,663269.4867,"BBEld1, BBEld2",BRT,4,0.229702
34054,4,2,0.007974,0.071022,0.000622,0.0,209180.0556,751532.6503,"lrt07, lrt08",LRT,5,0.229695
515068,2,2,0.00392,0.112322,0.000627,0.0,183853.2966,652883.3801,"BRT1-1, BRT1-2",BRT,4,0.229449
511174,2,2,0.000829,0.105167,0.000498,0.0,189192.8671,680398.1843,"LRT151, LRT152",LRT,5,0.229277
1026,5,4,0.000191,0.079193,0.000533,2.5e-05,196928.603,748262.2856,"R327-1, R327-2, R328-1, R328-2",BRT,4,0.229199
51005,2,4,0.010006,0.080372,0.000667,0.0,221790.1412,636334.4803,"LRT11, LRT12, LRT51, LRT52",LRT,5,0.229089
51121,2,4,0.001256,0.076694,0.000736,0.0,217307.4512,627200.1749,"LRT41, LRT42, LRT61, LRT62",LRT,5,0.229042
525034,2,2,0.001383,0.11191,0.000636,1e-06,182294.1322,645044.247,"BluRT1, BluRT2",BRT,4,0.22903
511175,2,2,0.000415,0.103787,0.000513,0.0,189342.8338,682294.7463,"LRT151, LRT152",LRT,5,0.228993
515004,2,2,0.000143,0.112227,0.000635,0.0,185190.0439,649738.1857,"BRT2-1, BRT2-2",BRT,4,0.22897
525304,2,2,0.004427,0.111709,0.000628,0.0,187370.9632,677742.2795,"Hz-KS1, Hz-KS2",BRT,4,0.228884
511106,2,2,0.004857,0.091127,0.000649,0.0,166719.1597,631227.1167,"L2-N, L2-S",LRT,5,0.228811
34018,2,6,0.016063,0.06753,0.0007,0.0,216305.7989,744582.5474,"lrt01, lrt02, lrt03, lrt04, lrt05, lrt06",LRT,5,0.228684
512165,2,4,0.007511,0.071204,0.000778,0.0,157537.7037,617028.7451,"Orange_N, Orange_S, RedN, RedS",LRT,5,0.228482
36112,2,6,0.011149,0.077846,0.00081,4e-05,206193.7172,745886.6175,"m0110a, m0120a, m0210a, m0220a, m0410a, m0820a",BRT,4,0.228381
525025,2,2,3.2e-05,0.108822,0.00067,0.0,182600.3096,643899.166,"BluRT1, BluRT2",BRT,4,0.228366
51123,2,4,0.006266,0.078118,0.000697,0.0,217677.8958,626657.3393,"LRT41, LRT42, LRT61, LRT62",LRT,5,0.228286
51127,2,4,0.015753,0.083255,0.000607,0.0,216913.0475,630681.5625,"LRT11, LRT12, LRT21, LRT22",LRT,5,0.228228
36594,3,2,0.008761,0.087637,0.00076,0.0,195588.8625,713712.4707,"brt061, brt062",BRT,4,0.22786
525331,2,2,0.007514,0.108694,0.000644,0.0,194618.0878,662853.2443,"BBEld1, BBEld2",BRT,4,0.227765
525303,2,2,0.00359,0.110882,0.000628,0.0,187775.3696,677730.1267,"Hz-KS1, Hz-KS2",BRT,4,0.227562
514034,2,2,0.001361,0.119683,0.000528,0.0,184048.768,670629.882,"Yelw-N, Yelw-S",BRT,4,0.227495
51201,2,4,0.001256,0.076042,0.000729,0.0,222589.8108,638366.8763,"LRT11, LRT12, LRT51, LRT52",LRT,5,0.227489
525288,2,2,0.002511,0.099402,0.000767,0.0,195188.3127,676319.9603,"Hz-KS1, Hz-KS2",BRT,4,0.227397
525328,2,2,0.003764,0.104041,0.000707,0.0,195812.201,662076.1858,"BBEld1, BBEld2",BRT,4,0.227395
36592,3,2,0.010006,0.08881,0.000735,2e-06,195755.6703,713127.0792,"brt061, brt062",BRT,4,0.227051
511263,2,2,0.004816,0.091018,0.000634,0.0,198764.1901,682144.5975,"LRT141, LRT142","BRT, LRT",5,0.227006
512089,3,2,0.029769,0.076202,0.000605,0.0,159971.544,620507.5997,"Orange_N, Orange_S",LRT,5,0.226988
467250,3,4,0.008761,0.057443,0.000791,0.0,185907.232,576459.2698,"4.1_Arad-BS, 4.1_BS-Arad, 4.2_LRT_BRS-Shoket, 4.2_LRT_Shoket-BRS",LRT,5,0.226948
511163,3,2,0.00205,0.096238,0.000445,0.0,191277.4018,692281.1019,"LRT-L1, LRT141","BRT, LRT",5,0.226919
523028,1,1,0.0,0.118343,0.000281,0.0,175288.7556,656846.7334,Me03-L,Metro,6,0.226875
36739,3,3,0.003245,0.074271,0.000877,0.0,202559.0216,742280.5464,"m0810a, m0910a, m0920a",BRT,4,0.226837
515061,2,2,0.002563,0.11341,0.000593,0.0,187531.7801,649554.0586,"BRT1-1, BRT1-2",BRT,4,0.226746
515002,2,2,0.002229,0.115533,0.000567,0.0,187270.9564,648249.2303,"BRT2-1, BRT2-2",BRT,4,0.226558
31624,1,4,0.0,0.066243,0.000307,9e-06,209580.0468,767784.1714,"rail_2_1, rail_2_2, rail_3_1, rail_3_2","HighSpeed Rail, Interurban Rail",8,0.226487
515003,2,2,0.001111,0.113316,0.000595,0.0,186475.5615,648305.4926,"BRT2-1, BRT2-2",BRT,4,0.226428
525330,2,2,0.006266,0.106938,0.000655,0.0,194783.0884,662267.3749,"BBEld1, BBEld2",BRT,4,0.22628
511105,2,2,0.003702,0.090491,0.000635,0.0,166341.5336,631044.4815,"L2-N, L2-S",LRT,5,0.226111
36385,3,2,0.002511,0.082296,0.000825,2e-06,197572.6826,743448.7381,"m0710a, m0720a",BRT,4,0.226083
512160,2,1,0.002175,0.111055,0.000442,4e-06,181161.4008,645718.398,Light-Blue_S,LRT,5,0.226035
51193,2,4,0.005016,0.083398,0.000616,0.0,222176.8058,633684.822,"LRT41, LRT42, LRT71, LRT72",LRT,5,0.225968
515046,2,2,0.000137,0.111661,0.000613,0.0,185809.0651,648399.0298,"BRT2-1, BRT2-2",BRT,4,0.225848
525302,2,2,0.002778,0.109735,0.000628,0.0,188357.1292,677752.1866,"Hz-KS1, Hz-KS2",BRT,4,0.225842
515067,2,2,0.002939,0.109762,0.000626,0.0,184596.5992,653295.265,"BRT1-1, BRT1-2",BRT,4,0.225769
36862,4,2,0.065586,0.069838,0.000653,0.0,214620.7809,747779.2127,"brt011, brt012",BRT,4,0.225682
512151,2,1,0.001153,0.10977,0.000457,1e-06,181259.2131,645061.1818,Light-Blue_S,LRT,5,0.225591
51004,2,4,0.008761,0.079155,0.000652,0.0,222754.3023,636285.716,"LRT11, LRT12, LRT51, LRT52",LRT,5,0.22559
36007,5,2,0.001237,0.077368,0.000587,0.007147,201948.236,744589.5694,"m0910a, m0920a",BRT,4,0.225576
51128,2,4,0.014588,0.082795,0.000592,0.0,216611.4224,630483.8463,"LRT11, LRT12, LRT21, LRT22",LRT,5,0.225573
521077,2,1,0.006914,0.104749,0.000276,0.0,193991.5292,675765.4979,M1-KS-LOD,Metro,6,0.22549
525329,2,2,0.005016,0.10526,0.000671,0.0,195371.1299,662150.4079,"BBEld1, BBEld2",BRT,4,0.225479
467205,2,6,0.000133,0.060055,0.000804,0.0,180744.5651,573207.4419,"4.2_LRT_BRS-Shoket, 4.2_LRT_Shoket-BRS, 4.4_Bee'rSheva-Rahat_Main, 4.4_Rahat-Bee'rSheva_Main, 4.5_Bee'rSheva-Rahat, 4.5_Rahat-Bee'rSheva",LRT,5,0.225234
51203,2,4,0.002511,0.076998,0.000693,0.0,217052.2547,627166.7199,"LRT41, LRT42, LRT61, LRT62",LRT,5,0.225193
51122,2,4,0.005016,0.077642,0.000676,0.0,217321.7928,626827.049,"LRT41, LRT42, LRT61, LRT62",LRT,5,0.225068
525297,2,2,0.002302,0.109132,0.000628,0.0,190082.2638,677602.8011,"Hz-KS1, Hz-KS2",BRT,4,0.224996
515114,2,2,0.003708,0.114004,0.000566,0.0,187582.5694,649358.638,"BRT1-1, BRT1-2",BRT,4,0.224959
11236,3,4,0.001256,0.070065,0.000865,0.0,206332.8752,739904.8174,"m0510a, m0520a, m0610a, m0620a",BRT,4,0.224865
51124,2,4,0.003764,0.077503,0.000679,0.0,217218.2379,626775.2895,"LRT41, LRT42, LRT61, LRT62",LRT,5,0.224722
511148,2,2,0.003691,0.089567,0.000631,0.0,199185.3725,683046.332,"LRT141, LRT142","BRT, LRT",5,0.224486
525301,2,2,0.001991,0.108841,0.000628,0.0,188576.7836,678178.4215,"Hz-KS1, Hz-KS2",BRT,4,0.224451
511135,2,2,0.004096,0.090919,0.000611,0.0,194378.8125,691901.887,"LRT141, LRT142","BRT, LRT",5,0.224136
515087,2,1,0.0,0.122986,0.000287,0.0,186001.8729,658876.6669,East-S,LRT,5,0.224018
515066,2,2,0.00222,0.1087,0.000625,0.0,185152.0025,653575.296,"BRT1-1, BRT1-2",BRT,4,0.224001
525289,2,2,0.003764,0.101238,0.000707,0.0,194530.441,675998.4401,"Hz-KS1, Hz-KS2",BRT,4,0.223728
511104,2,2,0.00255,0.089684,0.000625,0.0,165876.2707,631323.8916,"L2-N, L2-S",LRT,5,0.223655
51003,2,4,0.007514,0.078527,0.000644,0.0,222595.5114,636770.0943,"LRT11, LRT12, LRT51, LRT52",LRT,5,0.223492
467197,3,4,0.032899,0.061579,0.000638,0.0,181887.3474,574400.3369,"4.1_Arad-BS, 4.1_BS-Arad, 4.2_LRT_BRS-Shoket, 4.2_LRT_Shoket-BRS",LRT,5,0.223441
51200,2,4,0.002511,0.076423,0.000683,0.0,222273.1027,638280.5573,"LRT11, LRT12, LRT51, LRT52",LRT,5,0.22343
511243,2,2,0.000118,0.106744,0.000426,0.0,187514.1561,688665.0856,"LRT141, LRT142","BRT, LRT",5,0.223423
525478,4,1,0.013015,0.087026,0.000629,0.0,168050.08,636462.5673,RH-GY1,BRT,4,0.223402
525300,2,2,0.001254,0.108189,0.000628,0.0,188957.3341,678202.4143,"Hz-KS1, Hz-KS2",BRT,4,0.223389
512100,3,2,0.013177,0.076612,0.000613,0.0,161634.9641,618756.754,"RedN, RedS",LRT,5,0.223171
15660,5,1,0.004108,0.08048,0.000597,1.1e-05,196300.5038,747535.409,m0610a,BRT,4,0.223053
467822,3,4,0.01128,0.059253,0.000723,0.0,179045.5717,572843.1643,"4.1_Arad-BS, 4.1_BS-Arad, 4.3_Ofakim-TelSheva, 4.3_TelSheva-Ofakim",LRT,5,0.222767
525296,2,2,0.001356,0.107562,0.000629,0.0,190711.5172,677358.6837,"Hz-KS1, Hz-KS2",BRT,4,0.222725
36022,3,3,4.6e-05,0.0777,0.000778,0.006894,201254.8703,744223.3737,"m0810a, m0910a, m0920a",BRT,4,0.222613
51002,2,4,0.006266,0.078087,0.000645,0.0,222840.256,637035.3864,"LRT11, LRT12, LRT51, LRT52",LRT,5,0.222612
512288,2,2,0.075263,0.079803,0.00052,0.0,162559.6293,621726.2816,"Orange_N, Orange_S",LRT,5,0.222493
515063,2,2,0.001496,0.109018,0.000609,0.0,186706.8634,651006.1884,"BRT1-1, BRT1-2",BRT,4,0.222492
51015,2,4,0.000486,0.081097,0.000624,0.0,219743.7859,628858.3081,"LRT31, LRT32, LRT71, LRT72",LRT,5,0.222467
36647,6,3,0.0,0.078411,0.000393,0.000314,200107.8199,746445.6889,"m0320a, m0520a, m0820a",BRT,4,0.222367
34020,2,6,0.01489,0.065492,0.000668,0.0,218607.1612,743688.9334,"lrt01, lrt02, lrt03, lrt04, lrt05, lrt06",LRT,5,0.222263
51198,2,4,0.003764,0.07693,0.000662,0.0,222321.0762,637850.7899,"LRT11, LRT12, LRT51, LRT52",LRT,5,0.222176
515065,2,2,0.00151,0.107628,0.000622,0.0,185463.4019,653007.2402,"BRT1-1, BRT1-2",BRT,4,0.222143
36144,6,2,0.022015,0.081643,0.000337,0.000522,198869.3532,748448.1122,"m0210a, m0920a",BRT,4,0.222114
515060,2,2,0.00487,0.115683,0.000515,0.0,187820.2914,648862.3154,"BRT1-1, BRT1-2",BRT,4,0.222094
525294,2,2,0.003091,0.10638,0.000631,0.0,192039.7871,676908.8245,"Hz-KS1, Hz-KS2",BRT,4,0.222046
51001,2,4,0.005016,0.077652,0.000647,0.0,222667.6785,637351.8944,"LRT11, LRT12, LRT51, LRT52",LRT,5,0.221969
51146,2,4,0.00143,0.079649,0.000631,0.0,220094.2321,627204.4842,"LRT61, LRT62, LRT81, LRT82",LRT,5,0.221668
36898,3,4,0.044486,0.05661,0.000869,0.0,225524.6513,752058.3538,"brt011, brt012, brt021, brt022",BRT,4,0.221642
511128,2,2,0.002411,0.098296,0.000503,0.0,187807.6012,692460.7231,"LRT131, LRT132",LRT,5,0.221558
515118,2,2,0.001256,0.105664,0.00064,0.0,192161.8823,654678.1462,"BRT2-1, BRT2-2",BRT,4,0.22151
525507,3,2,0.001256,0.092729,0.000661,0.0,196473.4578,668148.4975,"BRT-1, BRT-2",BRT,4,0.221484
51108,2,2,0.001256,0.080347,0.00072,0.0,218525.5714,636178.8371,"LRT61, LRT62",LRT,5,0.221392
511103,2,2,0.0014,0.089146,0.000614,0.0,165561.131,631513.1464,"L2-N, L2-S",LRT,5,0.221362
511146,2,2,0.002918,0.087227,0.000629,0.0,200125.8678,685326.0721,"LRT141, LRT142","BRT, LRT",5,0.221058
15663,5,1,0.000532,0.079957,0.000593,1.4e-05,196633.6915,748020.0438,m0610a,BRT,4,0.220893
525239,2,2,0.002738,0.121077,0.000446,0.0,180737.105,656958.4653,"Yelw-N, Yelw-S",BRT,4,0.220876
511205,2,2,0.000569,0.100577,0.000471,0.0,187251.8166,691028.8624,"LRT151, LRT152",LRT,5,0.220498
512289,2,2,0.076252,0.080225,0.000491,0.0,162478.8126,622138.0119,"Orange_N, Orange_S",LRT,5,0.220289
36711,3,3,0.002357,0.074032,0.00082,0.0,202933.0111,742694.8566,"m0810a, m0910a, m0920a",BRT,4,0.220189
51187,3,2,0.007677,0.085298,0.000496,0.0,220905.1014,633679.6936,"LRT61, LRT62",LRT,5,0.220046
511144,2,2,0.002505,0.086631,0.000628,0.0,200490.6641,686478.9498,"LRT141, LRT142","BRT, LRT",5,0.220033
511259,2,2,0.003923,0.100305,0.000459,0.0,188424.7541,691938.3205,"LRT141, LRT142","BRT, LRT",5,0.219898
515064,2,2,0.001079,0.106406,0.000617,0.0,186097.3886,652113.6554,"BRT1-1, BRT1-2",BRT,4,0.219896
511260,2,2,0.005055,0.100785,0.00045,0.0,188396.0758,691667.1121,"LRT141, LRT142","BRT, LRT",5,0.219843
988307,2,4,0.006897,0.067679,0.000517,0.0,160668.6031,602786.4838,"rail_11_1, rail_11_2, rail_20_1, rail_20_2",Suburban Rail,6,0.21967
512053,2,1,0.002498,0.119559,0.00028,0.0,182486.71,655570.159,Grn2-N,LRT,5,0.219656
511138,2,2,0.002927,0.087013,0.000618,0.0,196817.4566,691230.7654,"LRT141, LRT142","BRT, LRT",5,0.219622
525293,2,2,0.001849,0.10425,0.000636,0.0,192789.0367,676699.1145,"Hz-KS1, Hz-KS2",BRT,4,0.219372
525492,2,1,0.008951,0.104466,0.00066,0.0,182016.6989,641126.9538,RH-GY1,BRT,4,0.219146
511143,2,2,0.002103,0.086092,0.000627,0.0,199464.4605,686942.9804,"LRT141, LRT142","BRT, LRT",5,0.219079
525326,2,2,0.001256,0.102055,0.00066,0.0,196544.1025,662236.2896,"BBEld1, BBEld2",BRT,4,0.21903
511059,4,1,0.010774,0.094663,0.000281,1e-06,168373.26,631417.6946,L2-N,LRT,5,0.218997
512150,2,1,0.000232,0.108929,0.000407,0.0,180843.8139,644820.4453,Light-Blue_S,LRT,5,0.218884
15901,5,1,0.000768,0.079704,0.000576,1.8e-05,196994.6141,748365.9708,m0610a,BRT,4,0.218864
513032,2,1,0.000734,0.122198,0.000245,0.0,185960.297,664279.921,Mgt1-W,LRT,5,0.218686
36152,5,1,0.02462,0.084456,0.000446,0.000172,196844.9924,744015.0946,m0610a,BRT,4,0.218524
511056,2,2,0.000252,0.088542,0.000597,0.0,165201.3723,631729.1967,"L2-N, L2-S",LRT,5,0.218449
500063,3,4,0.011521,0.073092,0.000739,0.0,174601.4327,617161.2023,"BRT_Blue_E, BRT_Blue_W, BRT_Pink_E, BRT_Pink_W",BRT,4,0.218435
36141,3,4,0.00197,0.070839,0.000792,0.0,209229.095,751235.658,"m0110a, m0120a, m0410a, m0820a",BRT,4,0.218238
463984,3,4,0.005365,0.055416,0.000521,1e-06,165189.1883,581245.4293,"rail_11_1, rail_11_2, rail_20_1, rail_20_2",Suburban Rail,6,0.218213
511142,2,2,0.0017,0.085541,0.000625,0.0,198546.5354,687665.5096,"LRT141, LRT142","BRT, LRT",5,0.21809
525093,2,1,0.0,0.121732,0.000469,0.0,181110.263,659563.3442,BluRT2,BRT,4,0.218004
36522,4,2,0.026315,0.075315,0.00063,4e-06,206873.062,749702.73,"m0310a, m0320a",BRT,4,0.217942
51175,2,2,0.002511,0.081373,0.000668,0.0,218978.1489,635536.7413,"LRT61, LRT62",LRT,5,0.217573
15443,5,1,0.000224,0.083048,0.000526,6.9e-05,196561.0536,745395.2037,m0610a,BRT,4,0.217567
1029,5,4,8.4e-05,0.082698,0.000382,5.7e-05,196512.356,745416.5693,"R327-1, R327-2, R328-1, R328-2",BRT,4,0.217549
525291,2,2,0.000509,0.101457,0.000653,0.0,193707.4408,676119.749,"Hz-KS1, Hz-KS2",BRT,4,0.2172
525292,2,2,0.000608,0.102436,0.000641,0.0,193465.0875,676570.4208,"Hz-KS1, Hz-KS2",BRT,4,0.217191
511139,2,2,0.001939,0.084631,0.000623,0.0,198889.1491,691047.899,"LRT141, LRT142","BRT, LRT",5,0.216712
512242,2,1,0.001555,0.107136,0.000401,0.0,174982.8007,644080.8258,Light-Blue_S,LRT,5,0.216404
512094,3,2,0.018682,0.073428,0.000569,0.0,159443.3347,617816.8521,"Orange_N, Orange_S",LRT,5,0.216123
50118,2,2,0.001256,0.078133,0.000697,0.0,222313.8164,628544.381,"LRT31, LRT32",LRT,5,0.216105
511171,2,2,0.002194,0.095582,0.000485,0.0,190960.7134,690237.0157,"LRT-L1, LRT-L2",LRT,5,0.216057
51133,2,4,3.5e-05,0.084936,0.000519,0.0,217268.5096,632730.9842,"LRT31, LRT32, LRT51, LRT52",LRT,5,0.215982
514035,2,2,0.000268,0.117569,0.000449,0.0,184398.6778,671225.8407,"Yelw-N, Yelw-S",BRT,4,0.215924
14579,6,2,0.001322,0.078485,0.000378,0.000213,199952.4914,746531.5466,"m0310a, m0510a",BRT,4,0.21587
511001,2,1,0.020097,0.112476,0.000278,0.0,189471.314,666887.999,Red-S,LRT,5,0.215839
34022,2,6,0.013716,0.062102,0.000651,0.0,222017.2528,740801.6228,"lrt01, lrt02, lrt03, lrt04, lrt05, lrt06",LRT,5,0.215742
51179,2,2,0.003764,0.082289,0.000636,0.0,219411.7977,635004.6508,"LRT61, LRT62",LRT,5,0.215704
511102,2,2,0.000299,0.08847,0.00057,0.0,165518.0613,632224.0291,"L2-N, L2-S",LRT,5,0.215522
36511,4,2,0.002239,0.076891,0.000655,2.6e-05,205862.6119,747718.0631,"m0310a, m0320a",BRT,4,0.215181
511050,4,1,0.001207,0.094526,0.000274,1e-06,168455.8502,631513.7929,L1-N,LRT,5,0.2151
512284,2,4,0.001256,0.069898,0.000685,0.0,157143.603,615823.4253,"Orange_N, Orange_S, RedN, RedS",LRT,5,0.214888
36213,5,2,0.000546,0.07339,0.000563,0.000131,210465.286,746845.216,"m0210a, m0220a",BRT,4,0.214624
51178,2,2,0.005016,0.08357,0.000601,0.0,219827.3462,634166.8661,"LRT61, LRT62",LRT,5,0.214046
51134,3,2,0.010984,0.081695,0.000473,0.0,220842.9603,628657.5158,"LRT61, LRT62",LRT,5,0.214045
525287,2,2,0.001256,0.098149,0.00066,0.0,195653.7336,676539.028,"Hz-KS1, Hz-KS2",BRT,4,0.214007
15878,6,1,0.004413,0.081971,0.000357,0.000587,198424.8565,748380.6351,m0610a,BRT,4,0.213989
51196,2,4,0.001255,0.082281,0.000527,0.0,222680.9901,634247.2956,"LRT41, LRT42, LRT71, LRT72",LRT,5,0.213817
525481,3,1,0.019314,0.089142,0.000628,0.0,168947.5194,637258.8102,RH-GY1,BRT,4,0.2137
34032,2,6,0.004291,0.052766,0.000767,0.0,229561.5225,734144.242,"lrt01, lrt02, lrt03, lrt04, lrt05, lrt06",LRT,5,0.213251
467199,3,4,0.011078,0.061049,0.000611,0.0,181151.6352,574446.0112,"4.1_Arad-BS, 4.1_BS-Arad, 4.2_LRT_BRS-Shoket, 4.2_LRT_Shoket-BRS",LRT,5,0.212967
51038,2,4,0.0,0.08181,0.000527,0.0,223155.955,633358.5783,"LRT41, LRT42, LRT71, LRT72",LRT,5,0.212821
51119,3,2,0.012321,0.07939,0.000484,0.0,218527.8091,626770.4624,"LRT41, LRT42",LRT,5,0.21268
463980,2,4,0.005794,0.060676,0.000535,0.0,159255.5066,591160.9936,"rail_11_1, rail_11_2, rail_20_1, rail_20_2",Suburban Rail,6,0.2123
34089,4,2,0.0,0.085997,0.000279,0.005728,196366.9223,744361.7665,"lrt04, lrt08",LRT,5,0.212178
36441,6,1,0.002029,0.07842,0.000391,0.000314,200109.5839,746445.1082,m0810a,BRT,4,0.212129
511101,2,2,0.001541,0.089378,0.000522,0.0,165831.242,632713.3798,"L2-N, L2-S",LRT,5,0.211892
36608,2,2,0.002511,0.084222,0.000802,0.0,193735.3313,713773.8153,"brt061, brt062",BRT,4,0.211799
521054,1,1,0.0,0.109481,0.000244,0.0,189629.3268,678806.4902,M1-RA-RE,Metro,6,0.211624
51012,2,3,0.00023,0.083228,0.000547,0.0,221528.1936,633366.9097,"LRT10, LRT11, LRT12",LRT,5,0.211581
525480,3,1,0.015191,0.088458,0.000628,0.0,168883.1949,636764.1594,RH-GY1,BRT,4,0.211526
467825,2,4,0.008761,0.058139,0.000768,0.0,177596.0416,573578.1885,"4.1_Arad-BS, 4.1_BS-Arad, 4.3_Ofakim-TelSheva, 4.3_TelSheva-Ofakim",LRT,5,0.211095
51177,2,2,0.006266,0.084168,0.000562,0.0,220253.4452,634130.6611,"LRT61, LRT62",LRT,5,0.210981
512088,2,2,0.028655,0.075715,0.000595,0.0,159752.3135,620072.1563,"Orange_N, Orange_S",LRT,5,0.210749
36513,3,2,0.03565,0.077466,0.000643,2e-05,206224.8364,748087.9574,"m0310a, m0320a",BRT,4,0.210744
36133,3,4,0.003045,0.071836,0.000704,5e-06,208739.319,749798.555,"m0110a, m0120a, m0410a, m0820a",BRT,4,0.210457
525491,2,1,0.007773,0.098825,0.000644,0.0,180451.5398,639400.0042,RH-GY1,BRT,4,0.209905
50117,2,2,0.002511,0.078134,0.000634,0.0,222313.8164,628544.381,"LRT31, LRT32",LRT,5,0.209747
525479,3,1,0.011864,0.087793,0.000629,0.0,168628.4324,636447.3708,RH-GY1,BRT,4,0.209713
36588,2,2,0.00807,0.093434,0.000656,2e-06,196474.4904,709612.1373,"brt061, brt062",BRT,4,0.209638
525590,2,2,0.002511,0.088882,0.000725,0.0,197334.855,669424.021,"RG-RH1, RH-RG1",BRT,4,0.209526
51225,2,1,0.001256,0.074527,0.000726,0.0,220581.1381,640820.7411,LRT10,LRT,5,0.20932
36217,4,2,0.003769,0.07286,0.000644,2.1e-05,210920.4944,747090.2151,"m0210a, m0220a",BRT,4,0.209312
512148,2,2,0.012642,0.077693,0.000605,0.0,162051.0517,619787.9216,"RedN, RedS",LRT,5,0.209274
34026,2,6,0.012543,0.057994,0.000642,0.0,226850.9578,737063.7153,"lrt01, lrt02, lrt03, lrt04, lrt05, lrt06",LRT,5,0.209159
512157,2,2,0.011618,0.077226,0.000612,0.0,161929.7086,619326.703,"RedN, RedS",LRT,5,0.209088
36642,5,1,0.029004,0.084578,0.00034,0.000807,196837.3462,744031.3912,m0410a,BRT,4,0.209028
525595,2,2,0.002511,0.088298,0.000725,0.0,197373.3302,666496.7945,"RG-RH2, RH-RG2",BRT,4,0.208778
512175,2,2,0.013671,0.078088,0.00059,0.0,162039.2829,620185.2955,"RedN, RedS",LRT,5,0.208566
36606,2,2,0.003764,0.08457,0.000764,0.0,193930.9439,713783.9242,"brt061, brt062",BRT,4,0.208471
51039,3,2,0.001347,0.078637,0.000483,0.0,218646.2403,626692.0688,"LRT61, LRT62",LRT,5,0.208241
525099,2,1,0.00053,0.128193,0.000297,0.0,178959.1235,660947.1801,BluRT2,BRT,4,0.20812
467192,2,4,0.010006,0.058341,0.000733,0.0,185010.679,575447.1948,"4.1_Arad-BS, 4.1_BS-Arad, 4.2_LRT_BRS-Shoket, 4.2_LRT_Shoket-BRS",LRT,5,0.207931
467824,2,4,0.010006,0.058702,0.000727,0.0,178372.6147,573274.8688,"4.1_Arad-BS, 4.1_BS-Arad, 4.3_Ofakim-TelSheva, 4.3_TelSheva-Ofakim",LRT,5,0.207827
467249,2,4,0.01125,0.05982,0.00071,0.0,183414.3666,574017.4547,"4.1_Arad-BS, 4.1_BS-Arad, 4.2_LRT_BRS-Shoket, 4.2_LRT_Shoket-BRS",LRT,5,0.207747
34031,2,6,0.005474,0.053054,0.000707,0.0,230070.5024,733947.1879,"lrt01, lrt02, lrt03, lrt04, lrt05, lrt06",LRT,5,0.207587
467248,2,4,0.019568,0.060903,0.00067,0.0,182379.3839,573614.0194,"4.1_Arad-BS, 4.1_BS-Arad, 4.2_LRT_BRS-Shoket, 4.2_LRT_Shoket-BRS",LRT,5,0.207477
170132,3,1,0.001034,0.11965,0.000257,1e-06,188865.3434,652849.673,BRT1-1,BRT,4,0.207351
512167,2,2,0.027626,0.075159,0.000572,0.0,159728.7529,619476.7182,"Orange_N, Orange_S",LRT,5,0.207232
36179,5,2,5e-06,0.079698,0.00042,2.2e-05,197019.1549,748357.3019,"m0110a, m0710a",BRT,4,0.207127
36011,4,2,1.9e-05,0.07729,0.000573,0.00212,201920.3555,744543.3942,"m0910a, m0920a",BRT,4,0.207086
36860,4,2,0.000174,0.069779,0.00067,0.0,214575.1823,747633.2359,"brt011, brt012",BRT,4,0.207009
511127,2,2,0.001189,0.097431,0.000381,0.0,187373.3199,692624.3669,"LRT131, LRT132",LRT,5,0.206956
36517,3,2,0.030554,0.076365,0.000633,3e-06,206505.402,748894.563,"m0310a, m0320a",BRT,4,0.206631
512065,1,1,0.0,0.121326,0.000278,0.0,185542.222,669410.353,Grn1-S,LRT,5,0.206579
467829,2,4,0.001408,0.059873,0.000727,0.0,180658.2315,575703.8483,"4.4_Bee'rSheva-Rahat_Main, 4.4_Rahat-Bee'rSheva_Main, 4.5_Bee'rSheva-Rahat, 4.5_Rahat-Bee'rSheva",LRT,5,0.206561
34056,2,2,0.000507,0.070598,0.000698,0.0,209981.5051,751385.6982,"lrt07, lrt08",LRT,5,0.206399
51163,2,2,0.013312,0.082864,0.000513,0.0,221215.6712,629510.9284,"LRT61, LRT62",LRT,5,0.206318
512278,2,2,0.0147,0.078402,0.000562,0.0,162272.3653,620395.6758,"RedN, RedS",LRT,5,0.206224
467925,3,2,0.014818,0.063367,0.000607,0.0,180756.912,586470.4044,"4.4_Bee'rSheva-Rahat_Main, 4.4_Rahat-Bee'rSheva_Main",LRT,5,0.206112
50114,2,2,0.003764,0.079623,0.000578,0.0,221509.0428,627653.7951,"LRT31, LRT32",LRT,5,0.206053
30025,3,2,0.013266,0.081295,0.000613,0.0,203424.7927,708721.681,"brt051, brt052",BRT,4,0.205421
34027,2,6,0.011369,0.055666,0.000638,0.0,230709.3592,737105.8772,"lrt01, lrt02, lrt03, lrt04, lrt05, lrt06",LRT,5,0.205409
161460,3,1,0.000258,0.106166,0.000403,0.0,183071.7437,642362.9374,RH-GY1,BRT,4,0.205399
51221,2,1,0.002511,0.075076,0.000678,0.0,220579.7418,640329.1651,LRT10,LRT,5,0.205316
51135,2,2,0.012145,0.082277,0.000514,0.0,221011.4066,629094.6947,"LRT61, LRT62",LRT,5,0.205264
34068,2,2,0.000447,0.065801,0.000745,0.0,216934.9091,753625.3342,"lrt05, lrt06",LRT,5,0.205258
512087,2,2,0.004863,0.076046,0.000608,0.0,161138.8194,618882.0324,"RedN, RedS",LRT,5,0.205038
36519,3,2,0.027346,0.075994,0.000631,4e-06,206619.8766,749182.8615,"m0310a, m0320a",BRT,4,0.20502
36709,4,2,0.004271,0.074492,0.000581,1e-06,202738.2963,742315.9752,"m0910a, m0920a",BRT,4,0.204743
515010,3,1,0.001608,0.115508,0.000281,0.0,185119.385,652886.2747,BRT2-2,BRT,4,0.20471
34030,2,6,0.006656,0.053317,0.000671,0.0,230519.7442,734154.7924,"lrt01, lrt02, lrt03, lrt04, lrt05, lrt06",LRT,5,0.204426
51218,2,1,0.003764,0.076097,0.000652,0.0,221120.5442,639613.5473,LRT10,LRT,5,0.204242
34044,2,6,0.010193,0.054606,0.000639,0.0,232031.6238,735791.7833,"lrt01, lrt02, lrt03, lrt04, lrt05, lrt06",LRT,5,0.203773
51048,3,2,0.000506,0.08159,0.000408,0.0,219144.7879,629244.6249,"LRT81, LRT82",LRT,5,0.203737
51237,2,1,0.001256,0.085924,0.000537,0.0,219376.2023,631615.6953,LRT9,LRT,5,0.203642
525485,3,1,0.003061,0.085106,0.000629,0.0,174785.058,636621.8764,RH-GY1,BRT,4,0.203517
34029,2,6,0.007837,0.053493,0.000654,0.0,230806.8198,734313.8407,"lrt01, lrt02, lrt03, lrt04, lrt05, lrt06",LRT,5,0.203171
467907,2,4,0.001256,0.058485,0.000712,0.0,178251.4954,571851.6665,"4.4_Bee'rSheva-Rahat_Main, 4.4_Rahat-Bee'rSheva_Main, 4.5_Bee'rSheva-Rahat, 4.5_Rahat-Bee'rSheva",LRT,5,0.203149
34028,2,6,0.009016,0.054072,0.000642,0.0,231712.9474,734880.0979,"lrt01, lrt02, lrt03, lrt04, lrt05, lrt06",LRT,5,0.2031
500027,3,2,0.001257,0.076827,0.00068,0.0,179825.1187,610765.3768,"BRT_Blue_E, BRT_Blue_W",BRT,4,0.20308
36706,5,1,4.3e-05,0.078046,0.000329,0.029769,201547.3389,744803.0435,m0810a,BRT,4,0.203078
51164,2,2,0.014504,0.083358,0.000473,0.0,221365.6664,629862.1978,"LRT61, LRT62",LRT,5,0.203054
36090,2,2,0.012492,0.079971,0.000742,0.0,197427.7366,741494.9773,"m0610a, m0620a",BRT,4,0.203025
36526,3,2,0.025285,0.074981,0.00063,3e-06,207025.146,749948.381,"m0310a, m0320a",BRT,4,0.202922
51220,2,1,0.005016,0.076503,0.000631,0.0,221246.8344,639286.7353,LRT10,LRT,5,0.20289
512155,2,2,0.003675,0.075529,0.000596,0.0,160668.7175,618962.4002,"RedN, RedS",LRT,5,0.202801
36580,2,2,0.006859,0.090819,0.000623,0.0,197741.6821,709778.6071,"brt061, brt062",BRT,4,0.202406
15138,4,1,0.001984,0.08054,0.000542,3.6e-05,197535.6024,748481.9809,m0610a,BRT,4,0.202325
51216,2,1,0.006266,0.077187,0.000614,0.0,221568.1315,638801.832,LRT10,LRT,5,0.202325
525589,2,2,0.003764,0.089938,0.000641,0.0,196806.7968,669377.0722,"RG-RH1, RH-RG1",BRT,4,0.202271
51144,2,2,0.013542,0.080004,0.000508,0.0,218555.6663,627267.5597,"LRT41, LRT42",LRT,5,0.202184
512133,2,2,0.019859,0.074014,0.000561,0.0,159550.2161,618359.8874,"Orange_N, Orange_S",LRT,5,0.202165
36143,5,2,0.012048,0.071406,0.000437,1e-06,208826.1171,751690.261,"m0120a, m0320a",BRT,4,0.202104
36135,2,4,0.001772,0.071404,0.000766,1e-06,208902.573,750120.775,"m0110a, m0120a, m0410a, m0820a",BRT,4,0.201882
525594,2,2,0.003764,0.089582,0.000641,0.0,197443.1289,667144.5909,"RG-RH2, RH-RG2",BRT,4,0.201815
36529,3,2,0.023061,0.074397,0.00063,1e-06,207314.148,750285.554,"m0310a, m0320a",BRT,4,0.20147
36028,2,3,0.008994,0.075914,0.000735,0.000248,201557.4706,743908.3938,"m0810a, m0910a, m0920a",BRT,4,0.201379
51148,2,2,0.014769,0.080627,0.000489,0.0,218743.0468,627722.8447,"LRT41, LRT42",LRT,5,0.20133
36012,5,1,0.01262,0.077362,0.000375,0.007147,201901.9118,744550.6926,m0810a,BRT,4,0.201191
34033,2,6,0.003159,0.052327,0.00066,0.0,229062.0926,733439.2981,"lrt01, lrt02, lrt03, lrt04, lrt05, lrt06",LRT,5,0.200932
500097,3,2,0.012108,0.077613,0.000618,0.0,161818.9058,620937.6745,"BRT_Blue_E, BRT_Blue_W",BRT,4,0.200868
51213,2,1,0.007514,0.077791,0.000589,0.0,221839.1809,638373.5803,LRT10,LRT,5,0.20086
512178,2,2,0.001255,0.079682,0.000535,0.0,161916.4105,621616.4808,"RedN, RedS",LRT,5,0.200744
500070,2,4,0.009149,0.069101,0.000762,0.0,168132.0977,618132.1295,"BRT_Blue_E, BRT_Blue_W, BRT_Pink_E, BRT_Pink_W",BRT,4,0.200727
500094,3,2,0.009796,0.076883,0.00063,0.0,160764.7257,620362.4476,"BRT_Blue_E, BRT_Blue_W",BRT,4,0.200504
525470,3,1,0.00557,0.077586,0.000682,0.0,171021.1324,632074.0353,RH-GY1,BRT,4,0.200389
525490,2,1,0.006695,0.092138,0.000638,0.0,178676.8759,636417.222,RH-GY1,BRT,4,0.200349
512276,2,2,0.000266,0.079315,0.000538,0.0,162261.2289,621483.9477,"RedN, RedS",LRT,5,0.200327
36903,3,4,0.017444,0.055308,0.000764,0.0,227195.046,752319.2534,"brt011, brt012, brt021, brt022",BRT,4,0.200169
500093,3,2,0.008551,0.076456,0.000635,0.0,160473.6521,620396.4906,"BRT_Blue_E, BRT_Blue_W",BRT,4,0.20008
512214,2,2,0.004969,0.07356,0.000589,0.0,158636.3992,619252.4272,"RedN, RedS",LRT,5,0.199877
467950,2,4,0.002649,0.060368,0.000654,0.0,180740.4533,575014.6586,"4.4_Bee'rSheva-Rahat_Main, 4.4_Rahat-Bee'rSheva_Main, 4.5_Bee'rSheva-Rahat, 4.5_Rahat-Bee'rSheva",LRT,5,0.199846
36051,2,3,0.004206,0.074436,0.000752,0.0,201745.9493,743221.3116,"m0810a, m0910a, m0920a",BRT,4,0.199722
512279,2,2,0.003736,0.073285,0.000593,0.0,158624.96,618993.347,"RedN, RedS",LRT,5,0.199605
30003,3,4,0.018678,0.05537,0.000752,0.0,227114.5867,752337.0128,"brt011, brt012, brt021, brt022",BRT,4,0.199377
500092,3,2,0.007514,0.075643,0.00064,0.0,159983.279,620718.2959,"BRT_Blue_E, BRT_Blue_W",BRT,4,0.1993
512156,2,2,0.002491,0.074962,0.000573,0.0,160137.6006,618967.1186,"RedN, RedS",LRT,5,0.199189
516000,1,1,0.0,0.117033,0.00026,0.0,176497.7637,654359.248,ART1-2,LRT,5,0.199146
50113,2,2,0.005016,0.080403,0.000499,0.0,220916.3301,627803.3756,"LRT31, LRT32",LRT,5,0.199065
36639,4,3,5.6e-05,0.081434,0.000406,0.000184,198994.9407,748495.4195,"m0210a, m0220a, m0910a",BRT,4,0.199
36024,2,3,0.001256,0.077878,0.000709,0.000835,201151.3547,744288.7095,"m0810a, m0910a, m0920a",BRT,4,0.198962
512213,2,2,0.006203,0.074137,0.00057,0.0,159167.5473,619156.6225,"RedN, RedS",LRT,5,0.198954
467884,2,4,0.002511,0.058949,0.000659,0.0,178628.3617,572410.3541,"4.4_Bee'rSheva-Rahat_Main, 4.4_Rahat-Bee'rSheva_Main, 4.5_Bee'rSheva-Rahat, 4.5_Rahat-Bee'rSheva",LRT,5,0.198512
525489,2,1,0.005702,0.09138,0.000633,0.0,178457.6416,636017.0719,RH-GY1,BRT,4,0.198483
525591,2,2,0.001256,0.087868,0.000638,0.0,197847.1417,669332.4599,"RG-RH1, RH-RG1",BRT,4,0.198445
36906,3,4,0.014971,0.055004,0.000758,0.0,227568.3097,752161.7311,"brt011, brt012, brt021, brt022",BRT,4,0.198428
36091,2,2,0.013732,0.080625,0.000687,0.0,197149.0716,741797.6517,"m0610a, m0620a",BRT,4,0.198306
51212,2,1,0.008761,0.078476,0.000553,0.0,221677.974,637831.0482,LRT10,LRT,5,0.198221
34067,2,2,0.000596,0.066372,0.000672,0.0,216174.7101,751549.2328,"lrt05, lrt06",LRT,5,0.198211
500096,3,2,0.001327,0.077712,0.000623,0.0,161488.4664,620690.4945,"BRT_Blue_E, BRT_Blue_W",BRT,4,0.198193
36178,5,1,0.000533,0.080049,0.000379,1.4e-05,196642.9376,747994.9773,m0620a,BRT,4,0.1981
525469,2,1,0.001155,0.076861,0.000815,0.0,171502.6995,631892.5201,RH-GY2,BRT,4,0.198001
500095,3,2,0.000799,0.077305,0.000627,0.0,161195.7345,620471.739,"BRT_Blue_E, BRT_Blue_W",BRT,4,0.197911
260147,2,1,0.000566,0.076831,0.000815,0.0,171540.5928,631912.6709,RH-GY2,BRT,4,0.197778
512280,2,2,0.002506,0.072765,0.000586,0.0,158429.0226,618535.0417,"RedN, RedS",LRT,5,0.197771
512164,2,2,0.012447,0.072932,0.000555,0.0,158979.4417,617899.5243,"Orange_N, Orange_S",LRT,5,0.19776
36534,3,2,0.016205,0.072888,0.000633,0.0,207829.2116,751303.217,"m0310a, m0320a",BRT,4,0.197707
512179,2,2,0.002243,0.080109,0.000497,0.0,162044.6429,622022.8943,"RedN, RedS",LRT,5,0.197584
500064,2,4,0.010642,0.071026,0.000705,0.0,172373.4585,617207.7558,"BRT_Blue_E, BRT_Blue_W, BRT_Pink_E, BRT_Pink_W",BRT,4,0.197561
525596,2,2,0.001256,0.087138,0.000638,0.0,197903.4455,666207.0597,"RG-RH2, RH-RG2",BRT,4,0.197511
34057,2,2,0.00158,0.071846,0.000597,1e-06,209830.7141,749951.0345,"lrt07, lrt08",LRT,5,0.197438
500109,3,2,0.008798,0.076237,0.000611,0.0,161699.9824,618793.9471,"BRT_Pink_E, BRT_Pink_W",BRT,4,0.197386
190170,3,1,0.0,0.11,0.000281,0.0,189766.9396,666969.587,BRT-2,BRT,4,0.19721
36537,3,2,0.013921,0.072133,0.000643,0.0,208140.0365,751819.4788,"m0310a, m0320a",BRT,4,0.197124
503064,1,1,0.0,0.115337,0.00026,0.0,174878.8513,656109.9786,ART2-2,LRT,5,0.196975
525488,2,1,0.004708,0.090561,0.000631,0.0,178158.0249,635616.3042,RH-GY1,BRT,4,0.196969
36374,3,1,0.002511,0.075943,0.000679,0.0,197927.2417,739717.7767,m0620a,BRT,4,0.196952
36030,2,3,0.007771,0.075642,0.000701,2.9e-05,201751.6652,743899.0864,"m0810a, m0910a, m0920a",BRT,4,0.196891
34069,2,2,0.001422,0.067084,0.000649,2e-06,217331.2456,755410.1882,"lrt05, lrt06",LRT,5,0.196859
36858,3,2,0.00015,0.069887,0.000707,0.0,214374.0745,747550.3234,"brt011, brt012",BRT,4,0.196755
511164,3,1,0.0,0.113852,0.000229,0.0,189619.3848,675535.5257,LRT141,BRT,4,0.196557
36575,2,2,0.005654,0.089375,0.000589,0.0,198118.405,709139.4126,"brt061, brt062",BRT,4,0.196486
467791,2,4,0.005016,0.054013,0.000692,0.0,190543.7303,579526.9982,"4.1_Arad-BS, 4.1_BS-Arad, 4.2_LRT_BRS-Shoket, 4.2_LRT_Shoket-BRS",LRT,5,0.196472
36431,3,2,0.00093,0.078439,0.000593,0.001205,200299.332,746181.779,"m0310a, m0510a",BRT,4,0.196253
36018,2,3,0.002465,0.078333,0.000676,0.000418,200992.7498,744555.5595,"m0810a, m0910a, m0920a",BRT,4,0.196166
36093,2,2,0.014971,0.08117,0.000655,1e-06,196941.5525,742064.3231,"m0610a, m0620a",BRT,4,0.19599
36050,2,3,0.00532,0.074892,0.000709,0.0,202038.7092,743440.2026,"m0810a, m0910a, m0920a",BRT,4,0.195985
36621,2,2,0.001256,0.082292,0.00068,0.0,192695.3078,713368.709,"brt061, brt062",BRT,4,0.19582
36909,3,4,0.012492,0.054538,0.000746,0.0,228162.9263,751983.468,"brt011, brt012, brt021, brt022",BRT,4,0.195774
467827,2,4,0.007514,0.056994,0.000642,0.0,176167.4985,574573.3407,"4.1_Arad-BS, 4.1_BS-Arad, 4.3_Ofakim-TelSheva, 4.3_TelSheva-Ofakim",LRT,5,0.19577
36097,2,2,0.016208,0.082821,0.000629,7e-06,196915.2315,743061.7686,"m0610a, m0620a",BRT,4,0.195757
500065,2,4,0.009828,0.070484,0.000697,0.0,171710.944,617297.8376,"BRT_Blue_E, BRT_Blue_W, BRT_Pink_E, BRT_Pink_W",BRT,4,0.195754
500066,2,4,0.009105,0.06914,0.000715,0.0,169780.3318,617427.1884,"BRT_Blue_E, BRT_Blue_W, BRT_Pink_E, BRT_Pink_W",BRT,4,0.195731
36017,2,3,0.003695,0.078674,0.000653,0.002825,201028.7841,744781.9899,"m0810a, m0910a, m0920a",BRT,4,0.195633
51147,2,2,0.000217,0.078163,0.000508,0.0,219070.851,626637.4291,"LRT61, LRT62",LRT,5,0.195626
51141,2,2,0.016003,0.081412,0.000422,0.0,218867.1808,628319.207,"LRT41, LRT42",LRT,5,0.195548
36964,4,4,0.0,0.052321,0.000673,0.0,228321.9967,733419.2467,"brt031, brt032, brt041, brt042",BRT,4,0.19552
15548,3,1,0.004933,0.081522,0.00059,6e-06,196286.6233,746521.9102,m0610a,BRT,4,0.195324
36031,2,3,0.006546,0.075195,0.000693,3e-06,201943.2728,743639.2665,"m0810a, m0910a, m0920a",BRT,4,0.195106
525588,2,2,0.005016,0.091143,0.000556,0.0,196811.2788,668786.1931,"RG-RH1, RH-RG1",BRT,4,0.195058
44072,2,2,0.064407,0.069517,0.000641,0.0,214888.1624,747684.3833,"brt011, brt012",BRT,4,0.195037
51042,2,2,0.00059,0.080677,0.000471,0.0,217283.0994,629438.3395,"LRT81, LRT82",LRT,5,0.195021
36907,3,4,0.013732,0.054735,0.000733,0.0,227896.4717,752007.3849,"brt011, brt012, brt021, brt022",BRT,4,0.195014
500193,3,2,0.003807,0.073361,0.000637,0.0,159437.532,617805.757,"BRT_Pink_E, BRT_Pink_W",BRT,4,0.194915
525593,2,2,0.005016,0.090714,0.000556,0.0,197217.2011,667656.8793,"RG-RH2, RH-RG2",BRT,4,0.194509
36539,4,2,0.012948,0.071764,0.000491,0.0,208493.7941,751794.3693,"m0310a, m0320a",BRT,4,0.194379
51050,2,2,0.001672,0.081998,0.000446,0.0,219993.7269,629617.4442,"LRT81, LRT82",LRT,5,0.19437
36710,2,3,0.001277,0.073695,0.000719,0.0,202702.701,742868.3117,"m0810a, m0910a, m0920a",BRT,4,0.194323
51166,2,2,0.008852,0.083551,0.000406,0.0,220904.6406,630122.3927,"LRT71, LRT72",LRT,5,0.194288
36175,5,1,0.001001,0.080564,0.000336,1.2e-05,196322.5392,747512.1971,m0620a,BRT,4,0.194285
51049,2,2,0.000508,0.081245,0.000457,0.0,219491.9548,629267.4068,"LRT81, LRT82",LRT,5,0.194241
1002,4,2,0.004694,0.073091,0.000498,2.2e-05,210911.0354,747143.8408,"R1002-1, R1002-2",BRT,4,0.194204
51043,2,2,0.00062,0.079934,0.000472,0.0,217055.6073,628798.6439,"LRT81, LRT82",LRT,5,0.194192
512281,2,2,0.001281,0.072091,0.000564,0.0,157897.1154,618146.9126,"RedN, RedS",LRT,5,0.19416
525477,2,1,0.011592,0.086519,0.000631,0.0,168060.6392,636190.0648,RH-GY1,BRT,4,0.193952
51145,2,2,0.000233,0.078533,0.000488,0.0,219404.634,626584.0769,"LRT61, LRT62",LRT,5,0.193951
513060,1,2,0.0,0.107008,0.000281,0.0,191564.8597,659355.0756,"Mgt2-W, Mgt3-W",LRT,5,0.193863
36130,2,4,0.003943,0.072758,0.000668,1e-06,208313.98,749012.33,"m0110a, m0120a, m0410a, m0820a",BRT,4,0.19381
984890,2,2,0.008042,0.081407,0.000207,1e-06,203378.7501,708667.7958,"rail_13_1, rail_13_2",Suburban Rail,6,0.193789
36387,2,2,0.001256,0.079814,0.00069,0.0,197810.9621,741953.5621,"m0710a, m0720a",BRT,4,0.193763
36514,2,2,0.031585,0.076725,0.000637,3e-06,206394.6773,748616.4046,"m0310a, m0320a",BRT,4,0.193603
36121,2,4,0.007384,0.075337,0.000624,0.0,207671.265,747042.802,"m0110a, m0120a, m0410a, m0820a",BRT,4,0.193485
44070,2,2,0.063233,0.069005,0.000636,0.0,215345.035,747697.1552,"brt011, brt012",BRT,4,0.193484
36119,2,4,0.008585,0.075907,0.000613,4e-06,207362.8189,746762.5935,"m0110a, m0120a, m0410a, m0820a",BRT,4,0.193337
500088,2,2,0.002511,0.072758,0.000767,0.0,158303.7441,621213.8609,"BRT_Blue_E, BRT_Blue_W",BRT,4,0.193292
36912,3,4,0.010006,0.054327,0.000732,0.0,228451.1408,751965.3161,"brt011, brt012, brt021, brt022",BRT,4,0.19322
36125,2,4,0.005023,0.073664,0.000648,0.0,207940.185,748292.695,"m0110a, m0120a, m0410a, m0820a",BRT,4,0.193141
34066,2,2,0.001825,0.067277,0.00061,0.0,215915.4966,750545.0237,"lrt05, lrt06",LRT,5,0.19307
36180,5,1,0.000989,0.079667,0.000334,2.1e-05,197000.7984,748340.5705,m0620a,BRT,4,0.192986
36123,2,4,0.006193,0.074397,0.000634,0.0,207862.854,747725.587,"m0110a, m0120a, m0410a, m0820a",BRT,4,0.192982
15541,3,1,0.00014,0.082628,0.000568,1.5e-05,196441.631,745715.1641,m0610a,BRT,4,0.192898
512163,2,2,0.011213,0.072409,0.000515,0.0,158539.3434,617652.5872,"Orange_N, Orange_S",LRT,5,0.192428
525476,2,1,0.01035,0.085494,0.000633,0.0,167966.0438,635637.0312,RH-GY1,BRT,4,0.192405
51211,2,1,0.010006,0.07898,0.000489,0.0,221729.6307,637424.3495,LRT10,LRT,5,0.192386
44071,2,2,0.062057,0.068494,0.000631,0.0,215792.0195,747812.9796,"brt011, brt012",BRT,4,0.192019
512269,3,1,0.001392,0.087042,0.00028,0.0,168625.0708,636722.5884,RedS,LRT,5,0.191975
525487,2,1,0.003743,0.087034,0.000629,0.0,175821.3279,635556.2722,RH-GY1,BRT,4,0.191936
525475,2,1,0.009106,0.084822,0.000638,0.0,167938.2208,635263.3127,RH-GY1,BRT,4,0.19174
525015,3,1,0.0,0.105563,0.000281,0.0,183112.4137,642110.4345,BluRT1,BRT,4,0.191485
525482,2,1,0.003134,0.086858,0.000628,0.0,170135.6257,637459.0783,RH-GY1,BRT,4,0.191396
36640,3,2,0.0021,0.078953,0.000505,0.00892,200559.3066,745937.9569,"m0310a, m0510a",BRT,4,0.191252
32003,2,2,0.015821,0.077629,0.00087,2.6e-05,203142.303,743132.402,"c001, c002",Cable Line,3,0.190931
525474,2,1,0.007861,0.083951,0.000644,0.0,168355.6513,634999.4755,RH-GY1,BRT,4,0.190895
51030,2,2,0.000883,0.084519,0.000382,0.0,221427.1071,633666.8424,"LRT71, LRT72",LRT,5,0.190493
49021,2,2,0.000101,0.071141,0.000767,0.0,213192.8442,747760.1828,"brt011, brt012",BRT,4,0.19047
51040,2,2,0.001758,0.081584,0.000414,0.0,216670.6902,629854.4926,"LRT81, LRT82",LRT,5,0.190433
36987,5,2,0.006569,0.052498,0.000569,0.0,228296.5929,733132.1364,"brt031, brt032",BRT,4,0.190349
36870,2,2,0.06088,0.0675,0.00063,0.0,216656.6017,748122.9852,"brt011, brt012",BRT,4,0.190238
51055,2,2,0.001847,0.080759,0.000419,0.0,217646.8639,628517.6118,"LRT81, LRT82",LRT,5,0.189933
51236,2,1,0.002511,0.086607,0.000396,0.0,219213.8536,632045.5911,LRT9,LRT,5,0.189837
34059,2,2,0.002766,0.075312,0.000479,1.1e-05,208864.1757,746678.1106,"lrt07, lrt08",LRT,5,0.189713
1012,4,2,0.001243,0.075977,0.000431,2.4e-05,206498.825,748976.2029,"R323-1, R323-2",BRT,4,0.189628
36563,2,2,0.00535,0.088032,0.00054,0.0,197318.8228,708031.7667,"brt061, brt062",BRT,4,0.189509
467818,2,2,0.001256,0.057411,0.000696,0.0,184140.2546,570407.378,"4.2_LRT_BRS-Shoket, 4.2_LRT_Shoket-BRS",LRT,5,0.189454
36900,2,4,0.019911,0.05581,0.000782,0.0,226536.9767,752266.9043,"brt011, brt012, brt021, brt022",BRT,4,0.189319
31502,5,2,0.000726,0.077911,0.000716,0.000234,200132.355,746754.533,"s0110a, s0120a",Funicular,2,0.189289
36088,2,2,0.01125,0.079127,0.000627,0.0,197760.9666,741069.9616,"m0610a, m0620a",BRT,4,0.189202
36040,3,1,0.01314,0.071149,0.000632,9e-06,208144.9038,759246.7785,m0820a,BRT,4,0.189197
467927,2,2,0.009886,0.061963,0.00061,0.0,179391.4602,587654.751,"4.4_Bee'rSheva-Rahat_Main, 4.4_Rahat-Bee'rSheva_Main",LRT,5,0.188817
36872,2,2,0.059701,0.066738,0.000629,0.0,217315.2793,748418.6122,"brt011, brt012",BRT,4,0.188738
500225,3,2,0.001257,0.077479,0.000537,0.0,179877.239,611055.4867,"BRT_Pink_E, BRT_Pink_W",BRT,4,0.188648
36637,3,2,0.014944,0.075008,0.000526,0.000125,203857.0475,742759.2141,"m0510a, m0520a",BRT,4,0.188621
512282,2,2,5.4e-05,0.071718,0.000519,0.0,158063.3579,617816.8603,"RedN, RedS",LRT,5,0.188455
36221,2,2,0.002511,0.072085,0.000729,2e-06,211056.702,746513.643,"m0210a, m0220a",BRT,4,0.188383
525483,2,1,0.00191,0.084709,0.000628,0.0,171324.6092,637616.9238,RH-GY1,BRT,4,0.188291
36285,2,2,0.007399,0.083451,0.000576,0.0,199730.597,708021.0046,"brt051, brt052",BRT,4,0.188152
17308,5,1,0.005807,0.074425,0.000337,1e-06,202905.2719,742388.3671,m0810a,BRT,4,0.188096
500089,2,2,0.003764,0.073369,0.000707,0.0,158656.114,621508.8941,"BRT_Blue_E, BRT_Blue_W",BRT,4,0.188051
36287,2,2,0.006619,0.081506,0.0006,0.0,201321.1724,708662.6695,"brt051, brt052",BRT,4,0.187908
500206,2,2,1.7e-05,0.069129,0.000766,0.0,158110.4477,616258.3167,"BRT_Pink_E, BRT_Pink_W",BRT,4,0.187837
44102,2,2,0.05852,0.066229,0.000628,0.0,217766.524,748611.1485,"brt011, brt012",BRT,4,0.187679
400343,2,2,0.019842,0.102871,0.000303,1.6e-05,190827.895,704944.479,"brt051, brt062",BRT,4,0.18764
525472,2,1,0.001256,0.075902,0.000728,0.0,171628.9108,633045.5369,RH-GY1,BRT,4,0.187548
467928,2,2,0.008642,0.060874,0.000615,0.0,178722.2372,588949.2034,"4.4_Bee'rSheva-Rahat_Main, 4.4_Rahat-Bee'rSheva_Main",LRT,5,0.187546
34051,4,1,0.008512,0.071319,0.00027,0.0,208844.7053,751690.6898,lrt07,LRT,5,0.187262
525339,2,1,0.005713,0.112023,0.000281,0.0,191151.9169,665583.5253,BBEld1,BRT,4,0.18726
34034,5,3,0.003113,0.0523,0.000281,0.0,228488.5154,733349.9856,"lrt01, lrt03, lrt05",LRT,5,0.187252
36746,2,1,0.001256,0.075805,0.000726,0.0,197979.3692,739637.1326,m0620a,BRT,4,0.187187
36636,3,2,0.013706,0.074489,0.000522,1.7e-05,204135.2417,742503.7095,"m0510a, m0520a",BRT,4,0.187138
36482,2,2,0.01125,0.077925,0.000621,0.0,205092.6186,707359.6226,"brt051, brt052",BRT,4,0.187088
51231,2,1,0.001256,0.084904,0.000393,0.0,221503.9078,631540.0449,LRT9,LRT,5,0.186969
36742,3,2,0.0,0.074155,0.000565,0.0,203032.9194,742541.2873,"m0910a, m0920a",BRT,4,0.186968
17328,5,1,0.000372,0.073501,0.000351,0.0,202253.6517,742751.2623,m0810a,BRT,4,0.186709
500224,2,2,0.002506,0.078133,0.00064,0.0,179850.5588,611488.98,"BRT_Pink_E, BRT_Pink_W",BRT,4,0.186627
36638,3,2,0.016179,0.075536,0.000492,0.000954,203577.8277,743016.4775,"m0510a, m0520a",BRT,4,0.186433
380050,2,2,0.010006,0.07718,0.000627,0.0,204733.5995,707010.1075,"brt051, brt052",BRT,4,0.186324
44103,2,2,0.057338,0.065455,0.000628,0.0,218525.3046,748590.6365,"brt011, brt012",BRT,4,0.186253
15685,4,2,0.0,0.08141,0.000337,0.000184,199006.4001,748506.2894,"m0910a, m0920a",BRT,4,0.186201
467807,2,2,0.001256,0.057513,0.000664,0.0,187089.8316,572889.6363,"4.3_Ofakim-TelSheva, 4.3_TelSheva-Ofakim",LRT,5,0.186172
36283,2,2,0.008544,0.085009,0.000535,0.0,199044.7167,707336.9637,"brt051, brt052",BRT,4,0.186086
36743,5,1,0.000189,0.073542,0.000344,0.0,202232.3444,742750.8947,m0910a,BRT,4,0.185905
500035,2,2,0.002506,0.077855,0.000636,0.0,179174.588,611001.6326,"BRT_Blue_E, BRT_Blue_W",BRT,4,0.185876
400684,2,2,0.002511,0.066836,0.000767,0.0,203726.654,702041.605,"brt051, brt052",BRT,4,0.185704
467764,2,2,0.007397,0.060409,0.000606,0.0,178100.0926,589095.1236,"4.4_Bee'rSheva-Rahat_Main, 4.4_Rahat-Bee'rSheva_Main",LRT,5,0.18561
525484,2,1,0.001002,0.082778,0.000628,0.0,172295.3758,636821.4684,RH-GY1,BRT,4,0.185527
467926,2,2,0.002456,0.062747,0.000589,0.0,180023.7562,586741.8018,"4.4_Bee'rSheva-Rahat_Main, 4.4_Rahat-Bee'rSheva_Main",LRT,5,0.185251
500090,2,2,0.005016,0.073891,0.00067,0.0,159041.0904,621540.6369,"BRT_Blue_E, BRT_Blue_W",BRT,4,0.185206
500091,2,2,0.006266,0.074907,0.000652,0.0,159647.9686,621119.3661,"BRT_Blue_E, BRT_Blue_W",BRT,4,0.184993
525471,2,1,0.006635,0.078316,0.00066,0.0,170546.3153,632251.0566,RH-GY1,BRT,4,0.184951
500072,3,2,0.007824,0.074582,0.000517,0.0,162858.4411,619683.2931,"BRT_Blue_E, BRT_Blue_W",BRT,4,0.184832
44407,2,2,0.056154,0.064645,0.000628,0.0,219210.3876,748151.5288,"brt011, brt012",BRT,4,0.184819
36531,2,2,0.017394,0.073648,0.000631,0.0,207680.939,750722.749,"m0310a, m0320a",BRT,4,0.184567
390202,3,1,0.001252,0.086074,0.000445,0.0,194753.2738,713706.2933,brt062,BRT,4,0.184556
500098,2,2,0.011029,0.076994,0.000609,0.0,162297.8451,620995.1231,"BRT_Blue_E, BRT_Blue_W",BRT,4,0.184535
36162,3,2,0.001255,0.074998,0.000526,0.000125,203856.4291,742748.9387,"m0610a, m0620a",BRT,4,0.184321
36841,2,2,0.031922,0.058423,0.000767,0.0,222541.2355,729746.2564,"brt031, brt032",BRT,4,0.184157
467944,2,2,0.002511,0.058195,0.000633,0.0,182977.6641,570587.1916,"4.2_LRT_BRS-Shoket, 4.2_LRT_Shoket-BRS",LRT,5,0.184122
36630,3,2,0.002579,0.077019,0.000494,3.8e-05,206139.456,746716.5333,"m0310a, m0320a",BRT,4,0.183883
36008,4,1,0.011401,0.077246,0.000368,0.00212,201982.478,744550.4357,m0810a,BRT,4,0.183408
500034,2,2,0.003755,0.078614,0.000599,0.0,178909.1506,611424.035,"BRT_Blue_E, BRT_Blue_W",BRT,4,0.183216
36536,2,2,0.01502,0.072539,0.000636,0.0,207861.8117,751582.2668,"m0310a, m0320a",BRT,4,0.182986
500212,3,2,0.003316,0.074213,0.000517,0.0,162963.879,619414.9341,"BRT_Pink_E, BRT_Pink_W",BRT,4,0.182966
36160,3,2,1.7e-05,0.074479,0.000522,1.7e-05,204133.201,742492.4533,"m0610a, m0620a",BRT,4,0.182839
36953,4,2,8e-06,0.049646,0.000683,0.0,228615.1584,758679.4134,"brt021, brt022",BRT,4,0.182529
15139,3,1,0.003181,0.081379,0.000476,9.9e-05,198068.0195,748462.4126,m0610a,BRT,4,0.18251
36879,2,2,0.054969,0.063098,0.000627,0.0,220637.4807,748893.0354,"brt011, brt012",BRT,4,0.1824
36958,3,2,0.003764,0.049433,0.000805,0.0,229041.1595,758542.0689,"brt021, brt022",BRT,4,0.182271
36164,3,2,0.00249,0.075527,0.000492,0.000954,203577.7345,743008.3271,"m0610a, m0620a",BRT,4,0.182135
51276,2,1,0.01125,0.079997,0.000376,0.0,221663.342,636612.9988,LRT10,LRT,5,0.182013
400169,2,2,0.008761,0.073406,0.000633,0.0,202165.8746,706208.1705,"brt051, brt052",BRT,4,0.181767
500099,2,2,0.009949,0.076361,0.000593,0.0,162797.9903,621039.3104,"BRT_Blue_E, BRT_Blue_W",BRT,4,0.181698
500044,2,2,0.020097,0.079434,0.000526,0.0,178536.1191,613302.7774,"BRT_Blue_E, BRT_Blue_W",BRT,4,0.181627
36504,2,2,0.003764,0.068131,0.000707,0.0,204558.1991,702822.2985,"brt051, brt052",BRT,4,0.181329
36951,4,2,0.010006,0.049996,0.000637,0.0,228705.7295,758514.3708,"brt021, brt022",BRT,4,0.181191
512228,1,1,0.0,0.101308,0.000278,0.0,174704.957,639360.387,Turquoise_N,LRT,5,0.18104
500207,2,2,6e-06,0.068833,0.000706,0.0,157934.2532,615704.4327,"BRT_Pink_E, BRT_Pink_W",BRT,4,0.181028
36373,2,1,0.003764,0.076464,0.000653,0.0,197567.4568,739707.2637,m0620a,BRT,4,0.181022
500049,2,2,0.002493,0.072751,0.000651,0.0,159486.7301,617349.877,"BRT_Pink_E, BRT_Pink_W",BRT,4,0.180907
525571,1,2,0.0,0.115445,0.000281,0.0,186203.6869,667454.2289,"RG-RH1, RG-RH2",BRT,4,0.180853
500087,2,2,0.001256,0.072243,0.00066,0.0,158078.8105,620892.2355,"BRT_Blue_E, BRT_Blue_W",BRT,4,0.180848
500219,2,2,0.002258,0.077948,0.000588,0.0,177355.4753,612082.315,"BRT_Pink_E, BRT_Pink_W",BRT,4,0.180728
500043,2,2,0.0211,0.079744,0.000511,0.0,178661.9339,613091.4627,"BRT_Blue_E, BRT_Blue_W",BRT,4,0.180677
500218,2,2,0.001255,0.07745,0.000594,0.0,177238.1111,612478.957,"BRT_Pink_E, BRT_Pink_W",BRT,4,0.180441
467934,2,2,0.001256,0.048687,0.000715,0.0,163796.5822,581011.667,"4.3_Ofakim-TelSheva, 4.3_TelSheva-Ofakim",LRT,5,0.180325
467761,2,2,0.00243,0.059321,0.000583,0.0,177001.4823,588428.9159,"4.5_Bee'rSheva-Rahat, 4.5_Rahat-Bee'rSheva",LRT,5,0.180279
500223,2,2,0.003755,0.079026,0.000566,0.0,179987.5131,612055.281,"BRT_Pink_E, BRT_Pink_W",BRT,4,0.180201
36881,2,2,0.053782,0.061446,0.000626,0.0,222415.9248,748579.4997,"brt011, brt012",BRT,4,0.179843
500220,2,2,0.003385,0.078442,0.00057,0.0,177717.1015,612176.6902,"BRT_Pink_E, BRT_Pink_W",BRT,4,0.179814
36854,2,2,0.001252,0.071376,0.00066,0.0,213008.574,747676.1223,"brt011, brt012",BRT,4,0.179738
525324,1,1,0.0,0.11862,0.000281,0.0,180974.7237,673963.4193,Hz-KS1,BRT,4,0.179625
36372,2,1,0.005016,0.076694,0.000633,0.0,197567.6215,739864.8896,m0620a,BRT,4,0.179535
500208,2,2,0.001244,0.070393,0.000669,0.0,159228.6572,615514.0093,"BRT_Pink_E, BRT_Pink_W",BRT,4,0.179455
36493,2,2,0.007514,0.071373,0.000639,0.0,202726.7599,704747.5873,"brt051, brt052",BRT,4,0.179447
36656,4,1,0.00853,0.070794,0.000425,0.0,209236.9558,751519.8116,m0820a,BRT,4,0.179415
500032,2,2,0.005005,0.079425,0.000548,0.0,178943.7614,611945.723,"BRT_Blue_E, BRT_Blue_W",BRT,4,0.179228
500210,2,2,0.001219,0.074272,0.000621,0.0,161077.7072,617509.0189,"BRT_Pink_E, BRT_Pink_W",BRT,4,0.179221
36496,2,2,0.005016,0.069165,0.00067,0.0,203866.3968,703369.8325,"brt051, brt052",BRT,4,0.179128
467819,2,2,0.003764,0.058779,0.000575,0.0,182149.1891,570801.4259,"4.2_LRT_BRS-Shoket, 4.2_LRT_Shoket-BRS",LRT,5,0.179095
36173,2,1,0.006266,0.077306,0.000618,0.0,197591.1301,740279.0579,m0620a,BRT,4,0.179077
43364,2,2,0.052594,0.061269,0.000625,0.0,222589.5134,748676.0097,"brt011, brt012",BRT,4,0.179071
467808,2,2,0.002511,0.058039,0.000587,0.0,186300.6734,572912.0509,"4.3_Ofakim-TelSheva, 4.3_TelSheva-Ofakim",LRT,5,0.179009
500211,2,2,0.005455,0.075253,0.000594,0.0,162493.8459,618694.609,"BRT_Pink_E, BRT_Pink_W",BRT,4,0.178962
36495,2,2,0.006266,0.070215,0.000652,0.0,203235.4787,703967.7906,"brt051, brt052",BRT,4,0.178929
500209,2,2,3.1e-05,0.073446,0.00063,0.0,160436.8564,617513.42,"BRT_Pink_E, BRT_Pink_W",BRT,4,0.178773
36650,2,1,0.001256,0.069002,0.000728,0.0,208497.6618,760900.7176,m0820a,BRT,4,0.178717
51120,1,4,0.0,0.076424,0.000406,0.0,217243.0284,627421.8661,"LRT41, LRT42, LRT61, LRT62",LRT,5,0.178662
500217,2,2,0.000253,0.076897,0.000586,0.0,177157.8734,612939.3947,"BRT_Pink_E, BRT_Pink_W",BRT,4,0.178552
36253,3,1,0.0,0.095982,0.000273,0.0,193344.5027,704993.6354,brt062,BRT,4,0.178372
500045,2,2,0.019096,0.07891,0.000504,0.0,178228.6961,613588.1366,"BRT_Blue_E, BRT_Blue_W",BRT,4,0.178245
36737,3,2,0.000248,0.073397,0.000488,0.0,202433.2145,742879.1675,"m0810a, m0910a",BRT,4,0.177893
36222,2,2,0.001256,0.071663,0.000639,0.0,211145.95,746198.9,"m0210a, m0220a",BRT,4,0.177798
500205,2,2,0.001269,0.069812,0.00066,0.0,157586.5976,616478.4642,"BRT_Pink_E, BRT_Pink_W",BRT,4,0.177729
500100,2,2,0.008874,0.075727,0.000566,0.0,163099.5413,620623.9154,"BRT_Blue_E, BRT_Blue_W",BRT,4,0.177658
36370,2,1,0.007514,0.077583,0.000597,0.0,197447.6623,740398.3417,m0620a,BRT,4,0.177538
467756,2,2,0.001217,0.059002,0.000564,0.0,175243.1156,588459.371,"4.4_Bee'rSheva-Rahat_Main, 4.4_Rahat-Bee'rSheva_Main",LRT,5,0.177354
500221,2,2,0.004634,0.079607,0.000529,0.0,178454.9009,612316.9488,"BRT_Pink_E, BRT_Pink_W",BRT,4,0.177327
51032,1,4,0.0,0.07557,0.000403,0.0,222844.862,638689.0426,"LRT11, LRT12, LRT51, LRT52",LRT,5,0.177287
32002,2,2,0.01704,0.079361,0.000716,0.000227,202983.3351,743986.6469,"c001, c002",Cable Line,3,0.177205
988399,1,2,0.0,0.085079,0.000165,1e-06,198958.6621,629442.4765,"rail_16_1, rail_16_2",Suburban Rail,6,0.17718
36886,2,2,0.051404,0.0602,0.000622,0.0,223707.8473,749175.9891,"brt011, brt012",BRT,4,0.177083
36840,2,2,0.030733,0.057928,0.000707,0.0,222912.3046,730239.9549,"brt031, brt032",BRT,4,0.176741
36924,2,4,0.002511,0.051214,0.00077,0.0,232737.4065,751893.0891,"brt011, brt012, brt021, brt022",BRT,4,0.176669
467765,2,2,0.001237,0.058585,0.000561,0.0,177052.7861,587310.1427,"4.5_Bee'rSheva-Rahat, 4.5_Rahat-Bee'rSheva",LRT,5,0.176605
36384,3,1,0.003762,0.083092,0.000398,8e-06,197105.4007,743446.532,m0720a,BRT,4,0.176444
500216,2,2,0.000378,0.07694,0.000565,0.0,177045.8504,613441.6632,"BRT_Pink_E, BRT_Pink_W",BRT,4,0.176426
988494,2,4,0.0,0.054954,0.00028,0.0,189450.8342,577291.6674,"rail_11_1, rail_11_2, rail_15_1, rail_15_2",Suburban Rail,6,0.175813
467933,2,2,0.002511,0.049095,0.000661,0.0,163931.1907,580167.8069,"4.3_Ofakim-TelSheva, 4.3_TelSheva-Ofakim",LRT,5,0.175525
36383,3,1,0.0,0.083137,0.000398,8e-06,197079.2595,743446.5912,m0710a,BRT,4,0.175324
36888,2,2,0.050213,0.059446,0.000617,0.0,224544.1433,749478.3216,"brt011, brt012",BRT,4,0.175221
51117,1,4,0.0,0.078462,0.000349,0.0,214078.3694,630241.3179,"LRT11, LRT12, LRT81, LRT82",LRT,5,0.175173
36371,2,1,0.008761,0.077977,0.000566,0.0,197440.9123,740660.3679,m0620a,BRT,4,0.175136
36649,2,1,0.002511,0.069442,0.000682,0.0,208362.7226,760558.9475,m0820a,BRT,4,0.17472
500073,2,2,0.004383,0.074416,0.000567,0.0,162824.194,619312.4684,"BRT_Pink_E, BRT_Pink_W",BRT,4,0.174639
36955,3,2,0.005016,0.049566,0.000727,0.0,228839.8066,758626.2519,"brt021, brt022",BRT,4,0.174409
36147,4,1,3e-06,0.071197,0.000398,0.0,205758.2257,740610.3662,m0610a,BRT,4,0.174383
36817,3,2,0.018517,0.054476,0.000628,0.0,226125.3649,732088.2243,"brt031, brt032",BRT,4,0.174329
1001,2,2,4.5e-05,0.071991,0.000605,3e-06,211813.8012,747425.0177,"R1002-1, R1002-2",BRT,4,0.174227
36913,2,4,0.008761,0.053925,0.000692,0.0,228974.9159,751785.7556,"brt011, brt012, brt021, brt022",BRT,4,0.173687
36843,2,2,0.033111,0.058807,0.00066,0.0,222254.21,729369.9595,"brt031, brt032",BRT,4,0.173628
500238,2,2,2e-06,0.07574,0.000554,0.0,180565.3357,610644.7037,"BRT_Blue_E, BRT_Blue_W",BRT,4,0.173547
1011,3,2,0.00021,0.075169,0.000426,5e-06,206763.5771,749612.0008,"R323-1, R323-2",BRT,4,0.173498
36979,2,2,0.006999,0.056374,0.000764,0.0,227511.8769,725474.3064,"brt041, brt042",BRT,4,0.173497
36814,3,2,0.01646,0.05433,0.000628,0.0,226283.8006,732269.9414,"brt031, brt032",BRT,4,0.173479
36890,2,2,0.049019,0.059029,0.00061,0.0,224908.0152,749821.44,"brt011, brt012",BRT,4,0.17347
36056,2,1,0.003764,0.069984,0.00066,0.0,208204.8236,760140.0181,m0820a,BRT,4,0.173387
36149,4,1,0.001251,0.072281,0.00037,0.0,205276.4401,741309.3428,m0610a,BRT,4,0.173145
500215,2,2,0.001627,0.077631,0.000521,0.0,177508.103,613497.4146,"BRT_Pink_E, BRT_Pink_W",BRT,4,0.172917
36655,2,1,0.006266,0.070659,0.000638,1e-06,208029.733,759622.1819,m0820a,BRT,4,0.172718
36646,2,1,0.005016,0.070262,0.000644,0.0,208111.0075,759933.2179,m0820a,BRT,4,0.17248
467943,2,2,0.005016,0.059812,0.000496,0.0,180893.0032,571576.5501,"4.2_LRT_BRS-Shoket, 4.2_LRT_Shoket-BRS",LRT,5,0.172324
467932,2,2,0.003764,0.049428,0.000624,0.0,163965.3517,579480.602,"4.3_Ofakim-TelSheva, 4.3_TelSheva-Ofakim",LRT,5,0.17232
511117,1,2,0.0,0.090125,0.000281,0.0,187775.9331,695840.3456,"LRT121, LRT151",LRT,5,0.172265
400681,2,2,0.001256,0.065492,0.00066,0.0,202496.3082,702056.5246,"brt051, brt052",BRT,4,0.172202
463799,2,2,0.001256,0.04748,0.00043,0.0,201052.3678,553040.1947,"rail_23_1, rail_23_2",Suburban Rail,6,0.172118
15948,4,1,2e-06,0.084521,0.000216,0.000236,196829.2993,744032.0122,m0120a,BRT,4,0.171998
36921,2,4,0.003764,0.051831,0.000712,0.0,231870.4899,751550.1621,"brt011, brt012, brt021, brt022",BRT,4,0.171655
36838,2,2,0.029544,0.057269,0.00067,0.0,222849.2722,731078.4908,"brt031, brt032",BRT,4,0.171624
51272,2,1,0.0,0.083898,0.000263,0.0,222310.632,632308.854,LRT10,LRT,5,0.171343
36653,2,1,0.004723,0.070483,0.000631,1e-06,208072.4211,758628.3673,m0820a,BRT,4,0.171255
36961,3,2,0.001256,0.048796,0.000717,0.0,230071.4054,758788.4174,"brt021, brt022",BRT,4,0.17124
51109,1,2,0.0,0.079293,0.000399,0.0,217993.1609,636813.2111,"LRT61, LRT62",LRT,5,0.171029
36915,2,4,0.007514,0.053663,0.000672,0.0,229340.4028,751797.2128,"brt011, brt012, brt021, brt022",BRT,4,0.170842
467755,2,2,1.5e-05,0.058388,0.00051,0.0,174422.3619,588026.9965,"4.4_Bee'rSheva-Rahat_Main, 4.4_Rahat-Bee'rSheva_Main",LRT,5,0.170468
36376,2,1,0.010006,0.07849,0.000512,0.0,197779.6896,740655.9704,m0620a,BRT,4,0.170455
467836,2,2,0.003764,0.058621,0.000496,0.0,185443.4264,572881.5236,"4.3_Ofakim-TelSheva, 4.3_TelSheva-Ofakim",LRT,5,0.170425
36596,2,1,4e-06,0.08603,0.000447,0.0,194739.2174,713725.0736,brt062,BRT,4,0.170045
36917,2,4,0.006266,0.053396,0.00067,0.0,229713.86,751769.1228,"brt011, brt012, brt021, brt022",BRT,4,0.169917
36066,2,1,0.003682,0.069768,0.000629,0.0,208088.3555,757927.0309,m0820a,BRT,4,0.169771
36892,2,2,0.047825,0.057658,0.000594,0.0,225560.4403,751386.0729,"brt011, brt012",BRT,4,0.169712
467767,2,2,7.2e-05,0.057856,0.000509,0.0,176413.0335,586338.4446,"4.5_Bee'rSheva-Rahat, 4.5_Rahat-Bee'rSheva",LRT,5,0.169666
1013,3,2,0.001284,0.07688,0.000366,0.000193,205865.0178,747718.8571,"R323-1, R323-2",BRT,4,0.169665
36239,2,1,0.0,0.09928,0.000282,0.0,192204.5492,704950.5168,brt062,BRT,4,0.169291
36835,2,2,0.028356,0.057131,0.000653,0.0,222912.0988,731245.1754,"brt031, brt032",BRT,4,0.169187
467794,2,2,0.003764,0.052511,0.000555,0.0,192602.9642,577843.4011,"4.1_Arad-BS, 4.1_BS-Arad",LRT,5,0.168971
467949,2,2,0.005016,0.04994,0.000581,0.0,164924.8012,579073.7395,"4.3_Ofakim-TelSheva, 4.3_TelSheva-Ofakim",LRT,5,0.168769
36920,2,4,0.005016,0.051933,0.00068,0.0,231806.9381,751411.9879,"brt011, brt012, brt021, brt022",BRT,4,0.168735
390287,2,1,0.0,0.08888,0.000399,2e-06,195900.808,713102.153,brt062,BRT,4,0.16849
467922,2,2,0.001256,0.041024,0.000688,0.0,218802.3475,573002.7679,"4.1_Arad-BS, 4.1_BS-Arad",LRT,5,0.167631
36087,2,1,0.00266,0.068366,0.000628,0.0,208831.2522,756684.2907,m0820a,BRT,4,0.167592
21099,2,2,0.027166,0.057023,0.000641,0.0,222920.5924,731385.4529,"brt031, brt032",BRT,4,0.167383
467941,2,2,0.001348,0.059946,0.000458,0.0,179724.9353,573942.1513,"4.1_Arad-BS, 4.1_BS-Arad",LRT,5,0.167315
50115,1,2,0.0,0.077108,0.000389,0.0,222200.434,627700.4723,"LRT31, LRT32",LRT,5,0.16719
467920,2,2,0.002511,0.045909,0.000621,0.0,205874.3258,574297.8847,"4.1_Arad-BS, 4.1_BS-Arad",LRT,5,0.167143
1009,3,2,0.003732,0.074321,0.000365,3e-06,207326.988,750295.6784,"R323-1, R323-2",BRT,4,0.167027
14871,2,1,0.009482,0.078883,0.000477,3e-05,199694.4671,746728.4609,m0810a,BRT,4,0.166999
1014,3,2,0.001635,0.077315,0.000334,5e-05,207154.8736,745961.0239,"R331-1, R331-2",BRT,4,0.16686
36085,2,1,0.001658,0.067908,0.000626,0.0,208970.2053,756210.672,m0820a,BRT,4,0.166523
36831,2,2,0.026027,0.056884,0.000636,0.0,223032.6896,731531.0779,"brt031, brt032",BRT,4,0.166319
36075,2,1,0.00341,0.068719,0.000609,0.0,209419.6263,753255.5269,m0820a,BRT,4,0.166204
525486,2,1,0.000894,0.083339,0.000441,0.0,174602.8774,636448.4589,RH-GY2,BRT,4,0.166139
36978,2,2,0.005911,0.055954,0.000704,0.0,227549.6219,726087.981,"brt041, brt042",BRT,4,0.166108
36894,2,2,0.046628,0.057146,0.000568,0.0,225011.888,751742.5036,"brt011, brt012",BRT,4,0.165884
32005,2,2,0.001256,0.074316,0.000716,0.0,202156.9144,742080.5957,"c001, c002",Cable Line,3,0.165705
36080,2,1,0.002177,0.06787,0.000617,0.0,209409.4307,753997.9911,m0820a,BRT,4,0.165677
36078,2,1,0.004641,0.069108,0.000593,0.0,209386.3305,752922.7643,m0820a,BRT,4,0.165443
51238,1,1,0.0,0.085417,0.000322,0.0,219472.2991,631283.5896,LRT9,LRT,5,0.165355
36714,3,2,0.002503,0.049824,0.000645,0.0,228518.4713,758719.5175,"brt021, brt022",BRT,4,0.165166
36083,2,1,0.000943,0.067355,0.000622,0.0,209349.8559,754453.1425,m0820a,BRT,4,0.165127
36829,2,2,0.02494,0.056545,0.000631,0.0,223514.0826,731452.375,"brt031, brt032",BRT,4,0.165103
36081,2,1,0.000743,0.066912,0.000625,0.0,209237.5196,755112.4915,m0820a,BRT,4,0.164817
467948,2,2,0.000135,0.059464,0.000442,0.0,179443.3127,573300.4579,"4.1_Arad-BS, 4.1_BS-Arad",LRT,5,0.164637
467867,2,2,0.00034,0.059767,0.000435,0.0,181380.6129,572631.2177,"4.3_Ofakim-TelSheva, 4.3_TelSheva-Ofakim",LRT,5,0.164333
36827,2,2,0.023853,0.056216,0.00063,0.0,223845.7753,731106.667,"brt031, brt032",BRT,4,0.164202
467940,2,2,0.00033,0.059937,0.000431,0.0,182095.5811,572690.3032,"4.3_Ofakim-TelSheva, 4.3_TelSheva-Ofakim",LRT,5,0.164132
467947,2,2,0.006266,0.050581,0.000524,0.0,166118.5069,579521.8888,"4.3_Ofakim-TelSheva, 4.3_TelSheva-Ofakim",LRT,5,0.163917
36926,2,4,0.001256,0.050553,0.000662,0.0,233752.6313,751771.3464,"brt011, brt012, brt021, brt022",BRT,4,0.163861
36825,2,2,0.022765,0.056105,0.000629,0.0,223974.8647,731007.6336,"brt031, brt032",BRT,4,0.163568
500214,2,2,0.0,0.077731,0.000436,0.0,178204.8217,614377.6797,"BRT_Pink_E, BRT_Pink_W",BRT,4,0.163505
467909,2,2,0.00257,0.060334,0.000414,0.0,180216.8785,574189.337,"4.1_Arad-BS, 4.1_BS-Arad",LRT,5,0.163471
36073,2,1,0.00587,0.069573,0.000565,0.0,209346.3132,752529.1641,m0820a,BRT,4,0.163422
13148,2,1,0.010224,0.079137,0.000438,5e-06,199504.8269,746928.7657,m0810a,BRT,4,0.163375
360268,2,2,0.008141,0.05656,0.000659,0.0,227496.725,725226.843,"brt041, brt042",BRT,4,0.162827
19000,2,2,0.021688,0.05552,0.000628,0.0,224832.6571,731189.4273,"brt031, brt032",BRT,4,0.162448
31504,2,2,0.002511,0.077228,0.00087,3e-05,199678.955,746264.879,"s0110a, s0120a",Funicular,2,0.162441
36822,2,2,0.020624,0.055164,0.000628,0.0,225122.2775,731656.4729,"brt031, brt032",BRT,4,0.16161
36264,2,1,0.0,0.093448,0.000277,0.0,194402.5564,705548.1811,brt062,BRT,4,0.161281
1000,3,2,8.6e-05,0.071683,0.000351,1e-06,212713.4102,747546.4682,"R1002-1, R1002-2",BRT,4,0.160943
36819,2,2,0.019561,0.054826,0.000628,0.0,225623.8784,731824.665,"brt031, brt032",BRT,4,0.160836
515120,1,1,0.0,0.10442,0.000275,0.0,192003.4193,655100.6919,BRT2-1,BRT,4,0.160822
35023,4,2,0.0041,0.052331,0.000434,0.0,228487.9591,733335.4969,"brt032, brt042",BRT,4,0.160648
12017,3,1,0.000206,0.076355,0.000338,8e-06,206129.9862,747205.1143,m0320a,BRT,4,0.160326
36660,3,1,0.0,0.076341,0.000338,8e-06,206137.2119,747215.1768,m0310a,BRT,4,0.160244
36896,2,2,0.045431,0.057012,0.00052,0.0,225022.876,751914.8567,"brt011, brt012",BRT,4,0.16018
36976,2,2,0.004837,0.054844,0.000664,0.0,227674.1031,727776.5999,"brt041, brt042",BRT,4,0.160145
36211,2,2,2.4e-05,0.073026,0.000461,1.9e-05,210206.9172,746473.8996,"m0210a, m0220a",BRT,4,0.160115
36815,2,2,0.017489,0.05442,0.000628,0.0,226195.0343,732150.8486,"brt031, brt032",BRT,4,0.159647
36072,2,1,0.007098,0.070367,0.000515,0.0,209280.5077,751867.8989,m0820a,BRT,4,0.159479
265017,2,1,0.002023,0.077426,0.000441,0.0,171039.4211,632096.7653,RH-GY2,BRT,4,0.158924
51224,1,1,0.0,0.073542,0.000402,0.0,221462.5977,640997.1936,LRT10,LRT,5,0.158692
36812,2,2,0.015439,0.05413,0.000628,0.0,226376.5273,732589.6863,"brt031, brt032",BRT,4,0.158613
500033,2,2,0.0,0.075231,0.000419,0.0,176068.106,615610.9348,"BRT_Blue_E, BRT_Blue_W",BRT,4,0.158447
500233,2,2,2e-06,0.076419,0.000404,0.0,180582.835,611191.8454,"BRT_Blue_E, BRT_Pink_W",BRT,4,0.158364
32001,4,1,0.018264,0.080499,0.000297,0.001959,203419.5955,744319.1954,c001,Cable Line,3,0.158219
36809,2,2,0.014437,0.05383,0.000627,0.0,226800.0273,732882.4525,"brt031, brt032",BRT,4,0.157876
512286,1,1,0.0,0.089848,0.000196,0.0,166003.9396,633428.4834,Orange_S,LRT,5,0.157521
36807,2,2,0.013444,0.053561,0.000627,0.0,227129.1638,733219.3636,"brt031, brt032",BRT,4,0.157193
36974,2,2,0.003776,0.054524,0.000643,0.0,227712.5946,728280.916,"brt041, brt042",BRT,4,0.157071
31655,1,2,0.0,0.045473,0.000227,2e-06,254708.6057,790635.9098,"rail_1_1, rail_1_2",Interurban Rail,7,0.157018
525325,1,1,0.0,0.100932,0.000281,0.0,196977.7299,662284.733,BBEld2,BRT,4,0.15699
51233,1,1,0.0,0.083824,0.000261,0.0,222219.455,631286.8532,LRT9,LRT,5,0.156808
36999,2,2,0.012453,0.053421,0.000626,0.0,227367.9083,733287.0357,"brt031, brt032",BRT,4,0.156596
36997,2,2,0.011463,0.05322,0.000625,0.0,227722.9705,733237.4112,"brt031, brt032",BRT,4,0.15591
19226,2,2,0.01048,0.05306,0.000622,0.0,227776.7635,732949.9816,"brt031, brt032",BRT,4,0.155092
10309,3,1,0.0,0.071216,0.00035,0.0,205760.3175,740630.1415,m0620a,BRT,4,0.154987
36940,2,2,0.017444,0.051541,0.000618,0.0,227324.6351,757052.4241,"brt021, brt022",BRT,4,0.154862
36938,2,2,0.018678,0.051756,0.00061,0.0,227014.595,757161.7204,"brt021, brt022",BRT,4,0.154669
36942,2,2,0.016208,0.051204,0.000623,0.0,227841.1874,757103.7021,"brt021, brt022",BRT,4,0.154589
34071,2,1,0.00248,0.0687,0.000277,2e-05,216672.145,757360.4903,lrt06,LRT,5,0.154254
36932,2,2,0.021142,0.054254,0.000568,0.0,224487.7721,754979.2339,"brt021, brt022",BRT,4,0.154203
36993,2,2,0.009503,0.052936,0.000618,0.0,227823.6932,732728.075,"brt031, brt032",BRT,4,0.154189
36944,2,2,0.014971,0.050932,0.000625,0.0,228250.4339,757213.5912,"brt021, brt022",BRT,4,0.154141
467906,1,4,0.0,0.057959,0.000396,0.0,177597.1397,571435.1287,"4.4_Bee'rSheva-Rahat_Main, 4.4_Rahat-Bee'rSheva_Main, 4.5_Bee'rSheva-Rahat, 4.5_Rahat-Bee'rSheva",LRT,5,0.154029
18907,3,1,0.0,0.071986,0.000332,0.0,205419.3849,741130.6601,m0520a,BRT,4,0.154006
36972,2,2,0.002732,0.054047,0.000622,0.0,227770.1327,729058.21,"brt041, brt042",BRT,4,0.153925
36935,2,2,0.019911,0.052061,0.000594,0.0,226593.3271,757350.3012,"brt021, brt022",BRT,4,0.153811
36946,2,2,0.013732,0.050712,0.000628,0.0,228539.3008,757403.4358,"brt021, brt022",BRT,4,0.153718
15667,2,1,0.011143,0.080096,0.00033,8e-06,198804.6312,747349.7775,m0810a,BRT,4,0.153425
36948,2,2,0.012492,0.050445,0.00063,0.0,228685.0575,757800.7636,"brt021, brt022",BRT,4,0.153195
36950,2,2,0.01125,0.050306,0.000632,0.0,228738.7571,758017.0747,"brt021, brt022",BRT,4,0.152934
511231,1,1,0.0,0.099168,0.000263,0.0,184976.7067,686402.4875,LRT141,BRT,4,0.152872
36991,2,2,0.008525,0.05285,0.000609,0.0,227938.4177,732618.8368,"brt031, brt032",BRT,4,0.152866
525286,1,1,0.0,0.097212,0.000281,0.0,196009.4164,676706.8294,Hz-KS2,BRT,4,0.152224
988318,1,2,0.0,0.025192,0.000201,0.0,195586.7285,385880.2558,"rail_2_1, rail_2_2",HighSpeed Rail,8,0.152094
36375,2,1,0.0,0.075788,0.000402,0.0,197991.5994,739635.1583,m0620a,BRT,4,0.15205
36716,2,2,0.001256,0.049763,0.000658,0.0,228474.244,758808.1747,"brt021, brt022",BRT,4,0.151879
36930,2,2,0.022371,0.056149,0.00052,0.0,225156.7775,752524.3949,"brt021, brt022",BRT,4,0.151855
21062,2,2,0.001708,0.053895,0.000603,0.0,227769.0768,729314.1261,"brt041, brt042",BRT,4,0.151339
36990,2,2,0.007546,0.052611,0.000595,0.0,228255.7773,732927.3036,"brt031, brt032",BRT,4,0.150758
36850,3,1,0.002408,0.071708,0.000281,0.0,212730.345,747634.3815,brt012,BRT,4,0.148907
36967,2,2,0.000709,0.052832,0.000572,0.0,227655.3788,731202.2954,"brt041, brt042",BRT,4,0.146373
512285,1,2,0.0,0.068554,0.000287,0.0,158536.3153,615647.9996,"Orange_N, RedN",LRT,5,0.14537
36658,2,1,0.0,0.07954,0.00029,0.000488,201059.5999,743889.371,m0410a,BRT,4,0.145154
17111,3,1,0.0,0.073791,0.000225,0.0,202227.34,742530.1983,m0810a,BRT,4,0.144856
31505,2,2,0.001256,0.076036,0.000716,4e-06,199496.002,745901.521,"s0110a, s0120a",Funicular,2,0.144098
467811,1,2,0.0,0.056638,0.000389,0.0,185313.0207,570209.8092,"4.2_LRT_BRS-Shoket, 4.2_LRT_Shoket-BRS",LRT,5,0.140969
31630,1,2,0.0,0.047056,0.00028,1e-06,246686.3623,713151.6545,"rail_10_1, rail_10_2",Suburban Rail,6,0.140886
467758,1,2,0.0,0.059301,0.000346,0.0,176722.654,589539.4152,"4.4_Bee'rSheva-Rahat_Main, 4.4_Rahat-Bee'rSheva_Main",LRT,5,0.139836
467805,1,2,0.0,0.056767,0.000376,0.0,188150.013,573317.5185,"4.3_Ofakim-TelSheva, 4.3_TelSheva-Ofakim",LRT,5,0.13976
31664,1,2,0.0,0.045845,0.00028,1e-06,246857.0356,742689.3684,"rail_7_1, rail_7_2",Suburban Rail,6,0.139335
467759,1,2,0.0,0.058696,0.000346,0.0,176515.1151,590464.1271,"4.5_Bee'rSheva-Rahat, 4.5_Rahat-Bee'rSheva",LRT,5,0.139061
195251,1,1,0.0,0.086356,0.000281,0.0,199658.2163,668084.5561,BRT-1,BRT,4,0.138377
525592,1,1,0.0,0.086824,0.000274,0.0,198394.4599,669342.8554,RH-RG1,BRT,4,0.13823
525473,1,1,0.0,0.07546,0.000403,0.0,171500.0736,633326.1549,RH-GY1,BRT,4,0.137445
525597,1,1,0.0,0.085904,0.000274,0.0,198460.8201,665854.6657,RH-RG2,BRT,4,0.137052
467251,2,1,0.0,0.056253,0.000269,0.0,187570.1239,577284.123,4.2_LRT_BRS-Shoket,LRT,5,0.136632
988331,1,2,0.0,0.043686,0.000277,0.0,194301.5577,544376.2982,"rail_23_1, rail_23_2",Suburban Rail,6,0.136208
500188,2,1,0.00252,0.070238,0.000281,0.0,157240.5857,616525.8344,BRT_Pink_E,BRT,4,0.132771
36629,1,1,0.0,0.080975,0.000286,0.0,192805.3872,712584.9432,brt061,BRT,4,0.132052
36847,2,1,0.034302,0.060972,0.000281,4e-06,219965.5144,728247.1296,brt031,BRT,4,0.130869
467893,1,2,0.0,0.048061,0.000397,0.0,162469.9066,580835.7216,"4.3_Ofakim-TelSheva, 4.3_TelSheva-Ofakim",LRT,5,0.130852
36389,1,1,0.0,0.079311,0.00029,0.0,197852.7584,741637.9573,m0710a,BRT,4,0.130338
42202,1,1,0.0,0.06823,0.000403,0.0,208680.5829,761531.8631,m0820a,BRT,4,0.12819
988306,1,2,0.0,0.043708,0.000194,0.0,219669.6519,573402.3442,"rail_22_1, rail_22_2",Suburban Rail,6,0.127424
36959,2,1,0.0,0.04892,0.000469,0.0,229873.859,758718.921,brt021,BRT,4,0.124809
36904,3,1,0.0,0.055284,0.000256,0.0,227224.1795,752306.1612,brt021,BRT,4,0.124471
30034,3,1,0.0,0.054522,0.000251,0.0,228178.429,751968.3741,brt022,BRT,4,0.123004
467873,1,2,0.0,0.040494,0.000386,0.0,220154.2697,573852.4078,"4.1_Arad-BS, 4.1_BS-Arad",LRT,5,0.119948
500086,1,1,0.0,0.071953,0.000281,0.0,157974.6614,620694.7745,BRT_Blue_W,BRT,4,0.119895
49768,1,1,0.0,0.071167,0.000275,0.0,211360.855,745874.605,m0220a,BRT,4,0.118257
36985,2,1,0.009334,0.056909,0.00028,1e-06,227952.7018,725246.4542,brt041,BRT,4,0.117811
11239,1,1,0.0,0.069803,0.000241,0.0,206496.2594,739766.1712,m0520a,BRT,4,0.112915
31501,3,1,0.001883,0.078923,0.000297,0.000893,200352.829,747022.63,s0110a,Funicular,2,0.11251
400644,1,1,0.0,0.063765,0.000281,0.0,200854.3122,702268.6767,brt052,BRT,4,0.109413
32006,1,1,0.0,0.07228,0.000297,0.0,201925.831,740966.506,c002,Cable Line,3,0.098263
36927,1,2,0.0,0.04958,0.000281,0.0,235305.6932,751819.168,"brt011, brt021",BRT,4,0.096607
36963,1,1,0.0,0.048336,0.000297,0.0,230814.7262,759025.368,brt022,BRT,4,0.091457
31506,1,1,0.0,0.074965,0.000297,1e-06,199217.59,745649.141,s0120a,Funicular,2,0.077891
