node,degree,n_lines,betweenness,closeness,pagerank,eigenvector,x,y,lines,modes,mode_score,hub_score
1019,11,10,0.005939,0.071329,0.000738,0.287358,201184.3105,745418.9393,"R321-2, R323-1, R323-2, R324-1, R324-2, R325-1, R325-2, R327-2, R328-2, R330-1",BRT,4,0.602472
36308,11,6,0.000635,0.071201,0.000942,0.325307,201369.339,745505.189,"m0110a, m0120a, m0210a, m0610a, m0710a, m0910a",BRT,4,0.581124
513023,4,8,0.048583,0.115744,0.001288,0.0,184599.518,662690.276,"LRT-L1, LRT-L2, Mgt1-E, Mgt1-W, Mgt2-E, Mgt2-W, Mgt3-E, Mgt3-W",LRT,5,0.554001
511110,5,5,0.105128,0.095623,0.000964,0.0,175583.599,640617.0944,"L1-N, L1-S, L2-N, L2-S, LRT-L2",LRT,5,0.545684
36634,10,5,0.001475,0.071134,0.000889,0.299309,201183.5296,745444.3922,"m0310a, m0320a, m0510a, m0520a, m0820a",BRT,4,0.538017
511051,4,4,0.104528,0.097111,0.001026,0.0,176186.2229,641890.5415,"L2-N, L2-S, LRT-L1, LRT-L2",LRT,5,0.525905
511100,6,4,0.096995,0.096377,0.000837,0.0,175886.0834,641276.3719,"L2-N, L2-S, LRT-L1, LRT-L2",LRT,5,0.524069
36368,8,11,0.001937,0.062397,0.001591,0.000117,198885.1712,748200.4189,"m0110a, m0120a, m0210a, m0220a, m0610a, m0620a, m0710a, m0720a, m0810a, m0910a, m0920a",BRT,4,0.518337
511273,6,2,0.108143,0.116747,0.00064,1e-06,180046.5489,652653.9868,"LRT-L1, LRT-L2",LRT,5,0.517638
521012,3,4,0.073979,0.119111,0.000861,0.0,180633.5545,655248.1841,"M1-KS-LOD, M1-LOD-KS, M1-RA-RE, M1-RE-RA",Metro,6,0.517009
521055,3,4,0.078602,0.120204,0.000774,0.0,178869.1384,656916.6836,"M1-KS-LOD, M1-LOD-KS, M1-RA-RE, M1-RE-RA",Metro,6,0.515541
521024,4,4,0.07263,0.116206,0.000667,0.0,180938.8476,665688.0887,"M1-KS-LOD, M1-LOD-KS, M1-RA-RE, M1-RE-RA",Metro,6,0.50598
521056,3,4,0.071917,0.120166,0.000726,0.0,177928.5244,657875.2793,"M1-KS-LOD, M1-LOD-KS, M1-RA-RE, M1-RE-RA",Metro,6,0.5017
521045,6,6,0.016946,0.097795,0.001025,0.0,188417.8706,648406.7954,"East-N, East-S, M1-KS-LOD, M1-LOD-KS, Yelw-N, Yelw-S","BRT, LRT, Metro",6,0.501177
521060,3,4,0.072461,0.119312,0.000676,0.0,178977.8154,660615.6023,"M1-KS-LOD, M1-LOD-KS, M1-RA-RE, M1-RE-RA",Metro,6,0.496218
521021,3,4,0.072954,0.11878,0.000669,0.0,179908.1597,662275.0633,"M1-KS-LOD, M1-LOD-KS, M1-RA-RE, M1-RE-RA",Metro,6,0.495485
36404,10,3,0.003293,0.071734,0.000677,0.303746,201356.1211,745266.9645,"m0810a, m0910a, m0920a",BRT,4,0.495244
521023,3,4,0.073835,0.11741,0.000667,0.0,180792.9973,664532.1311,"M1-KS-LOD, M1-LOD-KS, M1-RA-RE, M1-RE-RA",Metro,6,0.494771
523010,5,4,0.030261,0.11345,0.000969,0.0,186344.1801,660087.3668,"East-N, East-S, Me03-L, Me03-R","LRT, Metro",6,0.492075
36632,10,5,0.001952,0.072322,0.000824,0.204445,201601.2384,745129.1874,"m0310a, m0320a, m0510a, m0520a, m0820a",BRT,4,0.491702
36301,6,10,0.005185,0.073064,0.001274,0.067572,202098.7898,744948.881,"m0110a, m0120a, m0210a, m0220a, m0310a, m0320a, m0620a, m0710a, m0720a, m0820a",BRT,4,0.491051
521078,5,6,0.013115,0.096539,0.001087,0.0,190425.4502,651667.7587,"East-N, East-S, M1-KS-LOD, M1-LOD-KS, Yelw-N, Yelw-S","BRT, LRT, Metro",6,0.486717
36309,9,5,0.000778,0.071142,0.000734,0.244668,201437.1206,745572.6645,"m0120a, m0220a, m0610a, m0720a, m0910a",BRT,4,0.482798
521061,2,4,0.072346,0.118967,0.000672,0.0,179658.9033,661503.4147,"M1-KS-LOD, M1-LOD-KS, M1-RA-RE, M1-RE-RA",Metro,6,0.480876
521057,2,4,0.068532,0.119663,0.000699,0.0,177995.6579,659109.9107,"M1-KS-LOD, M1-LOD-KS, M1-RA-RE, M1-RE-RA",Metro,6,0.479565
511076,3,4,0.10237,0.094064,0.000773,0.0,175123.2638,639831.98,"L1-N, L1-S, L2-N, L2-S",LRT,5,0.478817
521058,2,4,0.068474,0.119388,0.000685,0.0,178322.0544,659981.3459,"M1-KS-LOD, M1-LOD-KS, M1-RA-RE, M1-RE-RA",Metro,6,0.477604
521022,2,4,0.070467,0.11785,0.000668,0.0,180523.5935,663376.6897,"M1-KS-LOD, M1-LOD-KS, M1-RA-RE, M1-RE-RA",Metro,6,0.476631
521027,3,4,0.064748,0.111638,0.000672,0.0,181293.6437,668110.8256,"M1-KS-LOD, M1-LOD-KS, M1-RA-RE, M1-RE-RA",Metro,6,0.476105
521063,3,4,0.063835,0.108279,0.0007,0.0,182078.0371,670995.1837,"M1-KS-LOD, M1-LOD-KS, M1-RA-RE, M1-RE-RA",Metro,6,0.473691
521028,3,4,0.06264,0.110396,0.000677,0.0,181418.5859,669064.5852,"M1-KS-LOD, M1-LOD-KS, M1-RA-RE, M1-RE-RA",Metro,6,0.472271
521010,4,2,0.069813,0.116941,0.000597,0.0,181202.6505,652494.4299,"M1-RA-RE, M1-RE-RA",Metro,6,0.469949
521025,2,4,0.065426,0.114879,0.000668,0.0,180848.9753,666399.4313,"M1-KS-LOD, M1-LOD-KS, M1-RA-RE, M1-RE-RA",Metro,6,0.466312
521026,2,4,0.06507,0.113215,0.000669,0.0,180614.6092,667341.7075,"M1-KS-LOD, M1-LOD-KS, M1-RA-RE, M1-RE-RA",Metro,6,0.463927
51142,5,8,0.001847,0.084779,0.001198,0.0,218940.3621,628862.974,"LRT31, LRT32, LRT41, LRT42, LRT71, LRT72, LRT81, LRT82",LRT,5,0.459073
523015,4,4,0.028165,0.10697,0.000885,0.0,187226.0145,667999.3035,"East-N, East-S, Me03-L, Me03-R","LRT, Metro",6,0.458359
511077,2,4,0.101936,0.092277,0.000725,0.0,174120.9508,639466.8967,"L1-N, L1-S, L2-N, L2-S",LRT,5,0.456809
521062,2,4,0.061051,0.109184,0.000685,0.0,181537.8079,670093.4642,"M1-KS-LOD, M1-LOD-KS, M1-RA-RE, M1-RE-RA",Metro,6,0.455275
523022,3,4,0.041796,0.107738,0.000804,0.0,187064.7687,666964.0445,"East-N, East-S, Me03-L, Me03-R","LRT, Metro",6,0.454652
1016,5,10,0.017902,0.077175,0.001106,0.001493,205605.0931,745589.7711,"R321-1, R321-2, R322-1, R322-2, R323-1, R323-2, R329-1, R329-2, R331-1, R331-2",BRT,4,0.452299
511078,2,4,0.101501,0.090925,0.000699,0.0,173433.1145,639934.3115,"L1-N, L1-S, L2-N, L2-S",LRT,5,0.451919
36633,10,2,0.000632,0.071755,0.000408,0.303746,201354.926,745276.0812,"m0820a, m0910a",BRT,4,0.45099
511274,2,2,0.103719,0.113594,0.000641,0.0,179235.2745,651520.6653,"LRT-L1, LRT-L2",LRT,5,0.450872
521044,5,5,0.013722,0.097032,0.000849,0.0,189324.6027,649491.7435,"East-N, East-S, M1-KS-LOD, M1-LOD-KS, Yelw-N","BRT, LRT, Metro",6,0.450549
1018,5,12,0.011467,0.073163,0.000734,0.056301,202088.2279,744931.5589,"R321-1, R321-2, R323-1, R323-2, R324-1, R324-2, R327-1, R327-2, R328-1, R328-2, R330-1, R330-2",BRT,4,0.450407
512105,4,4,0.079944,0.073483,0.000889,0.0,166105.7551,633159.4221,"Orange_N, Orange_S, RedN, RedS",LRT,5,0.450089
511043,2,4,0.101063,0.090165,0.000684,0.0,172965.1603,639846.435,"L1-N, L1-S, L2-N, L2-S",LRT,5,0.448836
36001,10,2,0.0003,0.071205,0.000394,0.301099,201356.4783,745488.7394,"m0120a, m0920a",BRT,4,0.447194
511046,3,4,0.098374,0.081175,0.000666,0.0,168996.4743,637419.2035,"L1-N, L1-S, L2-N, L2-S",LRT,5,0.446678
511079,2,4,0.100624,0.089279,0.000676,0.0,172401.6213,639860.3351,"L1-N, L1-S, L2-N, L2-S",LRT,5,0.446377
521043,3,6,0.011722,0.096627,0.000989,0.0,189874.8229,650356.5694,"East-N, East-S, M1-KS-LOD, M1-LOD-KS, Yelw-N, Yelw-S","BRT, LRT, Metro",6,0.446296
516025,4,4,0.052857,0.116634,0.000668,0.0,181277.1195,652405.8345,"ART1-1, ART1-2, ART2-1, ART2-2",LRT,5,0.444779
511080,2,4,0.100182,0.088567,0.000671,0.0,171942.715,639871.6544,"L1-N, L1-S, L2-N, L2-S",LRT,5,0.444409
36310,10,2,0.0,0.071125,0.000351,0.304273,201357.0671,745521.2876,"m0120a, m0620a",BRT,4,0.443709
512028,3,6,0.021743,0.118343,0.000916,0.0,179037.522,658933.547,"Grn1-N, Grn1-S, Grn2-N, Grn2-S, Grn3-N, Grn3-S",LRT,5,0.443001
511081,2,4,0.09974,0.087707,0.000669,0.0,171380.1295,639885.531,"L1-N, L1-S, L2-N, L2-S",LRT,5,0.442545
523014,3,4,0.0335,0.108648,0.000773,0.0,187490.95,666222.221,"East-N, East-S, Me03-L, Me03-R","LRT, Metro",6,0.441557
521051,4,4,0.014086,0.115703,0.000798,0.0,181982.9704,654300.6641,"M1-KS-LOD, M1-LOD-KS, Yelw-N, Yelw-S","BRT, Metro",6,0.441528
523026,5,2,0.045864,0.099716,0.000696,0.0,181784.6362,674507.8526,"Me03-L, Me03-R",Metro,6,0.441501
511275,2,2,0.103352,0.105978,0.000635,0.0,178440.2456,647719.2078,"LRT-L1, LRT-L2",LRT,5,0.440315
511070,4,4,0.085391,0.077352,0.000673,0.0,167374.704,635701.2971,"L1-N, L1-S, L2-N, L2-S",LRT,5,0.439819
511044,2,4,0.099297,0.086016,0.000668,0.0,170242.3765,639913.5946,"L1-N, L1-S, L2-N, L2-S",LRT,5,0.439709
512026,4,6,0.021776,0.11765,0.000743,0.0,179203.599,660547.149,"Grn1-N, Grn1-S, Grn2-N, Grn2-S, Grn3-N, Grn3-S",LRT,5,0.438635
525203,3,5,0.016392,0.095252,0.000995,0.0,190201.8403,672447.42662,"East-N, East-S, M1-KS-LOD, M1-LOD-KS, Yelw-S","BRT, LRT, Metro",6,0.438332
511082,2,4,0.098853,0.084376,0.000667,0.0,170230.4202,638770.6716,"L1-N, L1-S, L2-N, L2-S",LRT,5,0.437043
36306,8,5,0.000466,0.071942,0.000742,0.169701,201679.0011,745184.3903,"m0110a, m0120a, m0210a, m0620a, m0710a",BRT,4,0.436997
521009,5,2,0.032533,0.114184,0.000633,0.0,181421.2139,650901.7357,"M1-RA-RE, M1-RE-RA",Metro,6,0.435265
51136,4,8,0.001364,0.084782,0.00111,0.0,218940.3621,628862.974,"LRT31, LRT32, LRT41, LRT42, LRT71, LRT72, LRT81, LRT82",LRT,5,0.435016
511045,2,4,0.098407,0.083188,0.000667,0.0,170221.4927,637917.2766,"L1-N, L1-S, L2-N, L2-S",LRT,5,0.434938
51103,7,5,0.001846,0.096846,0.00092,0.0,219097.941,632458.8069,"LRT31, LRT32, LRT41, LRT42, LRT9",LRT,5,0.434834
36319,7,6,0.00066,0.069854,0.000835,0.151189,201175.2465,745846.574,"m0110a, m0120a, m0210a, m0620a, m0710a, m0920a",BRT,4,0.434813
511083,2,4,0.09796,0.082655,0.000666,0.0,169830.5264,637921.9408,"L1-N, L1-S, L2-N, L2-S",LRT,5,0.433679
511276,2,2,0.103013,0.102509,0.000616,0.0,177846.8205,645719.422,"LRT-L1, LRT-L2",LRT,5,0.433635
516023,4,4,0.044785,0.116341,0.000667,0.0,180318.8812,652527.7142,"ART1-1, ART1-2, ART2-1, ART2-2",LRT,5,0.433633
523019,3,2,0.052681,0.108129,0.000695,0.0,182080.1281,670978.2674,"Me03-L, Me03-R",Metro,6,0.432222
511084,2,4,0.097513,0.081771,0.000666,0.0,169173.0703,637911.0024,"L1-N, L1-S, L2-N, L2-S",LRT,5,0.431987
511086,3,4,0.088613,0.078992,0.000667,0.0,167973.8066,636729.3125,"L1-N, L1-S, L2-N, L2-S",LRT,5,0.431198
512097,3,4,0.078539,0.072626,0.000863,0.0,166674.6233,632836.536,"Orange_N, Orange_S, RedN, RedS",LRT,5,0.430247
511087,3,4,0.0881,0.078332,0.000668,0.0,167772.8988,636295.5702,"L1-N, L1-S, L2-N, L2-S",LRT,5,0.429787
512111,6,3,0.017211,0.104759,0.000969,1e-06,181513.8812,646368.4966,"Light-Blue_S, Turquoise_N, Turquoise_S",LRT,5,0.429623
512275,4,4,0.065063,0.056321,0.001084,0.0,162475.542,621269.7581,"Orange_N, Orange_S, RedN, RedS",LRT,5,0.429403
511008,3,6,0.01154,0.107447,0.001043,0.0,184970.063,666692.183,"Red-N, Red-S, Red2-N, Red2-S, Shut-N, Shut-S",LRT,5,0.429225
513024,3,6,0.006933,0.11376,0.001023,0.0,185197.1174,662116.2539,"Mgt1-E, Mgt1-W, Mgt2-E, Mgt2-W, Mgt3-E, Mgt3-W",LRT,5,0.428839
523025,3,4,0.021745,0.111296,0.000765,0.0,187241.2756,663059.8097,"East-N, East-S, Me03-L, Me03-R","LRT, Metro",6,0.428506
521011,2,2,0.064071,0.117467,0.000536,0.0,180893.9289,653638.3292,"M1-RA-RE, M1-RE-RA",Metro,6,0.428151
511168,6,4,0.023626,0.089498,0.000925,0.0,189746.2445,677427.4451,"LRT-L1, LRT-L2, LRT151, LRT152",LRT,5,0.427816
36364,3,11,0.002114,0.063297,0.001388,1.8e-05,198921.188,747788.743,"m0110a, m0120a, m0210a, m0220a, m0610a, m0620a, m0710a, m0720a, m0810a, m0910a, m0920a",BRT,4,0.427213
521032,3,4,0.02355,0.099666,0.000867,0.0,185149.5562,673021.477,"M1-KS-LOD, M1-LOD-KS, M1-RA-RE, M1-RE-RA",Metro,6,0.427031
511088,3,4,0.086483,0.07763,0.00067,0.0,167489.6303,635868.6426,"L1-N, L1-S, L2-N, L2-S",LRT,5,0.427018
511089,3,4,0.084875,0.076984,0.00068,0.0,167210.2023,635487.8335,"L1-N, L1-S, L2-N, L2-S",LRT,5,0.425116
34014,5,6,0.031087,0.070617,0.000913,0.0,212666.6291,747605.9202,"lrt01, lrt02, lrt03, lrt04, lrt05, lrt06",LRT,5,0.4248
523023,2,4,0.021944,0.112321,0.000846,0.0,185619.2081,661445.1576,"East-N, East-S, Me03-L, Me03-R","LRT, Metro",6,0.424091
521006,4,2,0.03171,0.108221,0.000744,0.0,181761.1167,646029.0156,"M1-RA-RE, M1-RE-RA",Metro,6,0.424029
511090,3,4,0.083794,0.076367,0.000691,0.0,167022.4291,635073.3388,"L1-N, L1-S, L2-N, L2-S",LRT,5,0.423985
511069,3,4,0.082746,0.075685,0.000712,0.0,166812.613,634610.1862,"L1-N, L1-S, L2-N, L2-S",LRT,5,0.423975
511277,2,2,0.102706,0.097701,0.00058,0.0,176431.9384,642338.1793,"LRT-L1, LRT-L2",LRT,5,0.423601
1017,5,10,0.01529,0.075203,0.000839,0.012035,203879.7375,744188.8601,"R321-1, R321-2, R322-1, R322-2, R323-1, R323-2, R329-1, R329-2, R331-1, R331-2",BRT,4,0.423451
512185,4,4,0.076523,0.070135,0.000686,0.0,168096.1364,631645.4903,"Orange_N, Orange_S, RedN, RedS",LRT,5,0.420486
1020,5,10,0.00088,0.069441,0.000833,0.064286,200928.1864,745941.4355,"R321-1, R321-2, R325-1, R325-2, R327-1, R327-2, R328-1, R328-2, R330-1, R330-2",BRT,4,0.419687
511085,2,4,0.089568,0.080208,0.000667,0.0,168302.6723,637426.8203,"L1-N, L1-S, L2-N, L2-S",LRT,5,0.419583
512190,3,4,0.078089,0.071942,0.000774,0.0,167139.0972,632577.3297,"Orange_N, Orange_S, RedN, RedS",LRT,5,0.419563
523012,3,3,0.037686,0.110884,0.000605,0.0,186924.3086,664442.0477,"East-S, Me03-L, Me03-R","LRT, Metro",6,0.419489
516024,3,4,0.044778,0.116283,0.000668,0.0,180645.6935,652484.6083,"ART1-1, ART1-2, ART2-1, ART2-2",LRT,5,0.419318
521049,4,4,0.013606,0.1071,0.000689,0.0,185146.0403,653071.6668,"M1-KS-LOD, M1-LOD-KS, Yelw-N, Yelw-S","BRT, Metro",6,0.419009
34006,4,6,0.025373,0.076658,0.000993,5.3e-05,207160.5454,745947.4669,"lrt01, lrt02, lrt03, lrt04, lrt07, lrt08",LRT,5,0.418735
511047,2,4,0.089091,0.079641,0.000667,0.0,167943.1245,637214.2168,"L1-N, L1-S, L2-N, L2-S",LRT,5,0.418273
523024,2,4,0.021831,0.111691,0.000784,0.0,186463.4217,662301.1337,"East-N, East-S, Me03-L, Me03-R","LRT, Metro",6,0.416742
512027,2,6,0.021139,0.118109,0.000805,0.0,178831.666,659366.011,"Grn1-N, Grn1-S, Grn2-N, Grn2-S, Grn3-N, Grn3-S",LRT,5,0.416245
512055,3,6,0.01906,0.116731,0.000709,0.0,178924.2862,660924.6246,"Grn1-N, Grn1-S, Grn2-N, Grn2-S, Grn3-N, Grn3-S",LRT,5,0.416158
512134,4,4,0.074461,0.069616,0.000676,0.0,168462.8422,631444.6611,"Orange_N, Orange_S, RedN, RedS",LRT,5,0.416137
511012,4,6,0.011038,0.112588,0.000712,0.0,181114.701,665511.168,"Red-N, Red-S, Red2-N, Red2-S, Shut-N, Shut-S",LRT,5,0.414985
51021,4,7,0.000713,0.095413,0.000918,0.0,219688.9636,632791.8999,"LRT11, LRT12, LRT21, LRT22, LRT31, LRT32, LRT9",LRT,5,0.414496
512068,3,6,0.011905,0.10594,0.000909,0.0,179973.5393,668900.7325,"Grn1-N, Grn1-S, Grn2-N, Grn2-S, Grn3-N, Grn3-S",LRT,5,0.414033
36004,9,3,0.003725,0.070969,0.000679,0.150731,201507.0047,745054.2563,"m0810a, m0910a, m0920a",BRT,4,0.413595
516006,4,4,0.007764,0.108175,0.001044,0.0,176553.0248,655370.8368,"ART1-1, ART1-2, ART2-1, ART2-2",LRT,5,0.413527
512147,3,4,0.077638,0.071321,0.000728,0.0,167567.3338,632338.3461,"Orange_N, Orange_S, RedN, RedS",LRT,5,0.413476
523021,2,2,0.046217,0.101726,0.000809,0.0,182410.5597,673635.1326,"Me03-L, Me03-R",Metro,6,0.413326
512022,3,6,0.019788,0.115685,0.000672,0.0,179188.538,662907.714,"Grn1-N, Grn1-S, Grn2-N, Grn2-S, Grn3-N, Grn3-S",LRT,5,0.411979
511271,3,2,0.061187,0.118298,0.000605,0.0,181746.4545,656452.6601,"LRT-L1, LRT-L2",LRT,5,0.411016
521039,6,3,0.009693,0.089658,0.000717,0.0,189572.624467,677573.6018,"East-S, M1-RA-RE, M1-RE-RA","LRT, Metro",6,0.410842
511262,3,4,0.043771,0.097008,0.00082,0.0,182227.0367,674890.346,"LRT121, LRT122, LRT131, LRT132",LRT,5,0.409966
521071,3,4,0.015007,0.09298,0.000888,0.0,190212.1762,673771.3212,"East-N, East-S, M1-KS-LOD, M1-LOD-KS","LRT, Metro",6,0.409712
51150,4,6,0.00106,0.077615,0.001204,0.0,220609.9952,628087.1968,"LRT31, LRT32, LRT61, LRT62, LRT81, LRT82",LRT,5,0.409487
523020,2,2,0.046772,0.103719,0.000738,0.0,182041.1909,672792.2459,"Me03-L, Me03-R",Metro,6,0.409147
512132,3,4,0.07708,0.070633,0.000699,0.0,168034.4889,632047.0488,"Orange_N, Orange_S, RedN, RedS",LRT,5,0.408899
511009,3,6,0.009453,0.106991,0.000877,0.0,183523.0489,666448.6737,"Red-N, Red-S, Red2-N, Red2-S, Shut-N, Shut-S",LRT,5,0.408825
36110,5,8,0.005076,0.075903,0.00112,0.000263,205645.2956,745712.4591,"m0110a, m0120a, m0210a, m0220a, m0310a, m0320a, m0410a, m0820a",BRT,4,0.408683
34005,4,6,0.026688,0.077228,0.000867,0.000421,205619.324,745589.6,"lrt01, lrt02, lrt03, lrt04, lrt07, lrt08",LRT,5,0.408252
511016,4,6,0.005283,0.112459,0.000708,0.0,178897.706,663326.155,"Red-N, Red-S, Red2-N, Red2-S, Shut-N, Shut-S",LRT,5,0.406882
523005,4,2,0.015243,0.117995,0.000667,0.0,180867.0398,657621.7551,"Me03-L, Me03-R",Metro,6,0.4064
36406,9,1,0.005932,0.0712,0.00028,0.278355,201184.7453,745438.0214,m0810a,BRT,4,0.405678
51018,5,5,0.001181,0.093765,0.000958,0.0,220766.0895,632246.2303,"LRT11, LRT12, LRT31, LRT32, LRT9",LRT,5,0.405518
521004,4,2,0.01616,0.104068,0.000813,0.0,182316.6609,644585.2208,"M1-RA-RE, M1-RE-RA",Metro,6,0.405508
521008,3,2,0.030946,0.112242,0.000658,0.0,181224.036,649485.3067,"M1-RA-RE, M1-RE-RA",Metro,6,0.404819
521066,2,4,0.023428,0.100705,0.000777,0.0,184905.2676,672467.0069,"M1-KS-LOD, M1-LOD-KS, M1-RA-RE, M1-RE-RA",Metro,6,0.404632
521007,3,2,0.030271,0.111031,0.000679,0.0,181087.1081,648562.9307,"M1-RA-RE, M1-RE-RA",Metro,6,0.404543
521047,4,4,0.009311,0.100705,0.000674,0.0,185201.7616,650581.91,"M1-KS-LOD, M1-LOD-KS, Yelw-N, Yelw-S","BRT, Metro",6,0.403922
36341,5,10,0.002258,0.068383,0.000933,0.002267,200424.957,747115.495,"m0110a, m0120a, m0210a, m0220a, m0610a, m0620a, m0710a, m0720a, m0910a, m0920a",BRT,4,0.403257
516022,5,4,0.011478,0.11566,0.000667,1e-06,179775.0125,652712.8275,"ART1-1, ART1-2, ART2-1, ART2-2",LRT,5,0.403086
512020,3,6,0.013942,0.114485,0.000672,0.0,179784.3637,663723.5648,"Grn1-N, Grn1-S, Grn2-N, Grn2-S, Grn3-N, Grn3-S",LRT,5,0.402773
521064,2,4,0.023955,0.102656,0.000728,0.0,184232.1769,671742.3333,"M1-KS-LOD, M1-LOD-KS, M1-RA-RE, M1-RE-RA",Metro,6,0.402658
525088,5,3,0.008772,0.096497,0.000706,0.0,190583.1498,652231.9665,"East-S, M1-KS-LOD, M1-LOD-KS","LRT, Metro",6,0.402596
522012,3,2,0.028506,0.110809,0.000681,0.0,187018.5855,664535.8308,"Me02-E, Me02-W",Metro,6,0.402191
511165,4,4,0.028241,0.092249,0.000846,0.0,189371.152,675486.8677,"LRT-L1, LRT-L2, LRT142, LRT152",LRT,5,0.400523
150620,5,2,0.042647,0.116337,0.000831,1e-06,180311.7489,652543.0021,"BRT1-1, BRT1-2",BRT,4,0.400281
512095,3,4,0.068582,0.057413,0.000879,0.0,162241.2174,622431.3284,"Orange_N, Orange_S, RedN, RedS",LRT,5,0.399994
516026,4,4,0.019269,0.115751,0.000671,0.0,181565.717,652436.0143,"ART1-1, ART1-2, ART2-1, ART2-2",LRT,5,0.399569
512016,3,6,0.013049,0.111384,0.000689,0.0,179634.338,665920.3709,"Grn1-N, Grn1-S, Grn2-N, Grn2-S, Grn3-N, Grn3-S",LRT,5,0.399542
513011,3,6,0.007903,0.113176,0.000726,0.0,178844.544,663414.046,"Mgt1-E, Mgt1-W, Mgt2-E, Mgt2-W, Mgt3-E, Mgt3-W",LRT,5,0.398801
511015,3,6,0.006804,0.113904,0.00073,0.0,179798.646,663787.322,"Red-N, Red-S, Red2-N, Red2-S, Shut-N, Shut-S",LRT,5,0.398581
513012,3,6,0.009329,0.114881,0.000685,0.0,179220.368,662865.157,"Mgt1-E, Mgt1-W, Mgt2-E, Mgt2-W, Mgt3-E, Mgt3-W",LRT,5,0.39851
512025,2,6,0.018352,0.116169,0.00069,0.0,178634.1559,661227.7808,"Grn1-N, Grn1-S, Grn2-N, Grn2-S, Grn3-N, Grn3-S",LRT,5,0.398219
521050,2,4,0.012251,0.110575,0.00074,0.0,183291.3598,653282.2842,"M1-KS-LOD, M1-LOD-KS, Yelw-N, Yelw-S","BRT, Metro",6,0.39816
36635,4,6,0.005233,0.069718,0.00119,0.068008,200815.1718,745572.6942,"m0310a, m0320a, m0510a, m0520a, m0810a, m0820a",BRT,4,0.397953
512032,3,4,0.017678,0.119218,0.00077,0.0,178833.756,656965.026,"Grn1-N, Grn1-S, Grn3-N, Grn3-S",LRT,5,0.397649
512024,2,6,0.018286,0.115914,0.00068,0.0,178802.323,661907.317,"Grn1-N, Grn1-S, Grn2-N, Grn2-S, Grn3-N, Grn3-S",LRT,5,0.3968
521048,3,4,0.01053,0.104446,0.00068,0.0,185136.5701,652079.1246,"M1-KS-LOD, M1-LOD-KS, Yelw-N, Yelw-S","BRT, Metro",6,0.396413
511252,3,4,0.042862,0.094243,0.000734,0.0,183353.3675,675412.8741,"LRT121, LRT122, LRT131, LRT132",LRT,5,0.396402
511272,2,2,0.060471,0.116452,0.000629,0.0,180804.3089,654617.1463,"LRT-L1, LRT-L2",LRT,5,0.395953
512023,2,6,0.018235,0.115746,0.000674,0.0,178969.3747,662429.9677,"Grn1-N, Grn1-S, Grn2-N, Grn2-S, Grn3-N, Grn3-S",LRT,5,0.395935
521067,3,4,0.006507,0.096949,0.000812,0.0,186324.3613,672814.9079,"M1-KS-LOD, M1-LOD-KS, Yelw-N, Yelw-S","BRT, Metro",6,0.395577
513002,3,6,0.006992,0.113621,0.0007,0.0,178880.9137,663040.5548,"Mgt1-E, Mgt1-W, Mgt2-E, Mgt2-W, Mgt3-E, Mgt3-W",LRT,5,0.395411
1006,5,12,0.000194,0.06012,0.00074,1e-06,208661.7429,751573.1809,"R1001-1, R1001-2, R1002-1, R1002-2, R1003-1, R1003-2, R321-1, R321-2, R322-1, R322-2, R323-1, R323-2",BRT,4,0.395362
522027,3,2,0.022291,0.112722,0.000671,0.0,185304.2168,664781.6689,"Me02-E, Me02-W",Metro,6,0.39529
1023,5,10,0.001581,0.064825,0.000908,0.000201,199663.8521,747644.5831,"R321-1, R321-2, R325-1, R325-2, R327-1, R327-2, R328-1, R328-2, R330-1, R330-2",BRT,4,0.394524
523001,3,2,0.009523,0.113495,0.000814,0.0,176928.2022,658122.917,"Me03-L, Me03-R",Metro,6,0.394169
513020,3,6,0.005839,0.112156,0.000718,0.0,182853.913,662971.511,"Mgt1-E, Mgt1-W, Mgt2-E, Mgt2-W, Mgt3-E, Mgt3-W",LRT,5,0.393991
513022,2,6,0.005847,0.113719,0.000834,0.0,183950.547,662986.159,"Mgt1-E, Mgt1-W, Mgt2-E, Mgt2-W, Mgt3-E, Mgt3-W",LRT,5,0.39362
521035,5,3,0.013478,0.096983,0.000549,0.0,189378.654667,649587.490133,"M1-KS-LOD, M1-LOD-KS, Yelw-S","BRT, Metro",6,0.393175
522011,3,2,0.021163,0.111633,0.000674,0.0,185980.398,664544.4913,"Me02-E, Me02-W",Metro,6,0.392807
523002,3,2,0.010571,0.116508,0.000746,0.0,177804.8828,658040.5093,"Me03-L, Me03-R",Metro,6,0.392233
36103,4,8,0.009094,0.074814,0.001036,0.002568,203926.758,744242.158,"m0110a, m0120a, m0210a, m0220a, m0310a, m0320a, m0410a, m0820a",BRT,4,0.390673
513014,3,6,0.004679,0.114466,0.000673,0.0,179835.221,662548.522,"Mgt1-E, Mgt1-W, Mgt2-E, Mgt2-W, Mgt3-E, Mgt3-W",LRT,5,0.39063
522015,4,2,0.01294,0.097587,0.000787,0.0,190934.2245,665562.9191,"Me02-E, Me02-W",Metro,6,0.390524
521052,2,4,0.011621,0.107667,0.000707,0.0,184298.2763,653110.2764,"M1-KS-LOD, M1-LOD-KS, Yelw-N, Yelw-S","BRT, Metro",6,0.390392
36000,5,8,0.003234,0.074333,0.000941,0.009754,203587.341,744143.342,"m0110a, m0120a, m0210a, m0220a, m0310a, m0320a, m0720a, m0820a",BRT,4,0.390027
512123,3,2,0.080929,0.075606,0.000654,0.0,166798.9629,634610.8541,"RedN, RedS",LRT,5,0.389524
521079,4,4,0.003056,0.094829,0.000685,0.0,190013.5272,652532.3715,"M1-KS-LOD, M1-LOD-KS, Yelw-N, Yelw-S","BRT, Metro",6,0.389493
516008,4,4,0.007901,0.1103,0.000782,0.0,177163.5897,655059.9453,"ART1-1, ART1-2, ART2-1, ART2-2",LRT,5,0.389308
512011,2,6,0.011081,0.106782,0.000802,0.0,179789.8384,668308.5598,"Grn1-N, Grn1-S, Grn2-N, Grn2-S, Grn3-N, Grn3-S",LRT,5,0.388644
521042,2,2,0.02802,0.109278,0.000706,0.0,181309.4526,646968.3349,"M1-RA-RE, M1-RE-RA",Metro,6,0.387948
523006,3,2,0.014628,0.11591,0.00065,0.0,181717.1387,658667.7825,"Me03-L, Me03-R",Metro,6,0.38697
511010,2,6,0.008654,0.109205,0.000785,0.0,182285.706,665861.174,"Red-N, Red-S, Red2-N, Red2-S, Shut-N, Shut-S",LRT,5,0.386697
511176,4,4,0.017773,0.075834,0.001036,0.0,189988.3338,684678.5628,"LRT-L1, LRT-L2, LRT151, LRT152",LRT,5,0.386039
511011,2,6,0.009126,0.111501,0.000736,0.0,181469.726,665603.5416,"Red-N, Red-S, Red2-N, Red2-S, Shut-N, Shut-S",LRT,5,0.385091
51052,3,6,0.002695,0.090255,0.000934,0.0,221543.9034,633942.4561,"LRT41, LRT42, LRT51, LRT52, LRT71, LRT72",LRT,5,0.385064
512192,3,2,0.080348,0.074994,0.000624,0.0,166562.4535,634215.192,"RedN, RedS",LRT,5,0.384855
521053,3,4,0.00792,0.098331,0.000673,0.0,185216.1383,649417.6416,"M1-KS-LOD, M1-LOD-KS, Yelw-N, Yelw-S","BRT, Metro",6,0.384742
512013,2,6,0.011403,0.108241,0.000741,0.0,179680.02,667490.7786,"Grn1-N, Grn1-S, Grn2-N, Grn2-S, Grn3-N, Grn3-S",LRT,5,0.384556
512272,2,4,0.073879,0.067888,0.000673,0.0,168597.3182,630032.8874,"Orange_N, Orange_S, RedN, RedS",LRT,5,0.384354
521041,3,4,0.008261,0.097306,0.000677,0.0,187364.5792,648671.5042,"M1-KS-LOD, M1-LOD-KS, Yelw-N, Yelw-S","BRT, Metro",6,0.384342
36402,10,1,0.004536,0.072306,0.000249,0.205216,201601.059,745120.134,m0610a,BRT,4,0.384095
513021,2,6,0.005551,0.11245,0.000759,0.0,183239.884,663054.641,"Mgt1-E, Mgt1-W, Mgt2-E, Mgt2-W, Mgt3-E, Mgt3-W",LRT,5,0.383834
512015,2,6,0.011767,0.109916,0.000708,0.0,179746.2489,666607.3432,"Grn1-N, Grn1-S, Grn2-N, Grn2-S, Grn3-N, Grn3-S",LRT,5,0.383735
511270,3,2,0.045509,0.116816,0.000558,0.0,182671.6561,657574.0725,"LRT-L1, LRT-L2",LRT,5,0.383648
512117,4,3,0.013533,0.100572,0.000895,0.0,180269.9905,644515.0102,"Light-Blue_S, Turquoise_N, Turquoise_S",LRT,5,0.383409
523003,3,2,0.005929,0.116671,0.000709,0.0,178750.6763,657861.9466,"Me03-L, Me03-R",Metro,6,0.382448
516007,3,4,0.006935,0.109084,0.00088,0.0,176871.1969,655199.6526,"ART1-1, ART1-2, ART2-1, ART2-2",LRT,5,0.382385
512273,2,4,0.073297,0.06671,0.000671,0.0,168189.4386,629114.2052,"Orange_N, Orange_S, RedN, RedS",LRT,5,0.381861
1021,4,10,0.00217,0.070054,0.000806,0.01119,200748.2762,746290.8966,"R321-1, R321-2, R325-1, R325-2, R327-1, R327-2, R328-1, R328-2, R330-1, R330-2",BRT,4,0.381715
512018,2,6,0.010587,0.11223,0.000674,0.0,179621.7743,664631.9005,"Grn1-N, Grn1-S, Grn2-N, Grn2-S, Grn3-N, Grn3-S",LRT,5,0.381484
522006,3,2,0.009474,0.115214,0.000671,0.0,180843.9582,664399.2502,"Me02-E, Me02-W",Metro,6,0.381437
512017,2,6,0.010403,0.111593,0.00068,0.0,179581.8434,665407.6848,"Grn1-N, Grn1-S, Grn2-N, Grn2-S, Grn3-N, Grn3-S",LRT,5,0.381032
51194,3,6,0.002758,0.088116,0.000913,0.0,221785.8621,633889.3467,"LRT41, LRT42, LRT51, LRT52, LRT71, LRT72",LRT,5,0.380416
513010,2,6,0.006425,0.112553,0.000711,0.0,178742.722,663761.168,"Mgt1-E, Mgt1-W, Mgt2-E, Mgt2-W, Mgt3-E, Mgt3-W",LRT,5,0.380154
512049,4,2,0.021194,0.118444,0.000672,0.0,180817.75,657538.817,"Grn2-N, Grn2-S",LRT,5,0.379594
512030,3,4,0.011695,0.118211,0.000679,0.0,178960.892,657889.754,"Grn1-N, Grn1-S, Grn3-N, Grn3-S",LRT,5,0.37919
51022,4,5,0.001543,0.098791,0.000775,0.0,219277.3891,632862.3853,"LRT11, LRT12, LRT21, LRT22, LRT9",LRT,5,0.379002
522022,3,2,0.014399,0.101145,0.000752,0.0,189684.4972,665955.1839,"Me02-E, Me02-W",Metro,6,0.378945
512124,3,2,0.079818,0.074215,0.000583,0.0,166261.618,633703.4619,"RedN, RedS",LRT,5,0.378945
512052,3,2,0.020576,0.118385,0.000812,0.0,181810.7,656308.15,"Grn2-N, Grn2-S",LRT,5,0.378868
512274,2,4,0.072713,0.064399,0.000671,0.0,166549.8923,627843.2841,"Orange_N, Orange_S, RedN, RedS",LRT,5,0.37833
511014,2,6,0.004983,0.112632,0.000709,0.0,180270.096,664258.956,"Red-N, Red-S, Red2-N, Red2-S, Shut-N, Shut-S",LRT,5,0.378184
36347,4,10,0.001459,0.067313,0.000853,0.000476,200142.181,747363.099,"m0110a, m0120a, m0210a, m0220a, m0610a, m0620a, m0710a, m0720a, m0910a, m0920a",BRT,4,0.377553
512180,2,4,0.069175,0.057784,0.000785,0.0,162562.9388,622704.0758,"Orange_N, Orange_S, RedN, RedS",LRT,5,0.377229
511013,2,6,0.004834,0.112074,0.000704,0.0,180528.702,664934.157,"Red-N, Red-S, Red2-N, Red2-S, Shut-N, Shut-S",LRT,5,0.376758
523018,3,2,0.0162,0.105059,0.000659,0.0,183457.2826,670228.1076,"Me03-L, Me03-R",Metro,6,0.376551
511251,2,4,0.042243,0.091978,0.000705,0.0,183737.7837,676282.6117,"LRT121, LRT122, LRT131, LRT132",LRT,5,0.375563
511034,3,4,0.007055,0.108448,0.000816,0.0,175854.3455,655791.7548,"Red-N, Red-S, Red2-N, Red2-S",LRT,5,0.375104
512120,2,4,0.072128,0.062193,0.000673,0.0,165611.9911,625946.5595,"Orange_N, Orange_S, RedN, RedS",LRT,5,0.374981
522008,3,2,0.007827,0.111804,0.000668,0.0,182863.7038,664783.7161,"Me02-E, Me02-W",Metro,6,0.374776
511166,3,4,0.018265,0.091229,0.000872,0.0,189630.8478,675953.8298,"LRT-L1, LRT-L2, LRT151, LRT152",LRT,5,0.37449
513004,3,4,0.003807,0.111074,0.000819,0.0,179645.1614,665882.3048,"Mgt1-E, Mgt1-W, Mgt2-E, Mgt2-W",LRT,5,0.374352
521068,2,4,0.00599,0.095541,0.000768,0.0,187337.4847,672657.003,"M1-KS-LOD, M1-LOD-KS, Yelw-N, Yelw-S","BRT, Metro",6,0.374278
522003,3,2,0.005913,0.111488,0.000691,0.0,178554.9929,664210.6611,"Me02-E, Me02-W",Metro,6,0.374223
512039,4,3,0.046417,0.097939,0.000416,0.0,181973.9861,674514.2549,"Grn2-S, LRT122, LRT132",LRT,5,0.374186
513009,3,5,0.007159,0.111887,0.000638,0.0,178577.698,664245.162,"Mgt1-E, Mgt1-W, Mgt2-E, Mgt2-W, Mgt3-E",LRT,5,0.374132
511173,3,4,0.019538,0.08473,0.000926,0.0,189226.937,679681.3185,"LRT-L1, LRT-L2, LRT151, LRT152",LRT,5,0.37373
511172,3,4,0.020156,0.086435,0.000897,0.0,189281.3868,678834.9526,"LRT-L1, LRT-L2, LRT151, LRT152",LRT,5,0.373638
511267,3,2,0.041903,0.113536,0.000546,0.0,185500.2471,664874.431,"LRT-L1, LRT-L2",LRT,5,0.373606
511221,4,4,0.021143,0.07016,0.000939,0.0,187336.4932,688166.413,"LRT121, LRT122, LRT141, LRT142","BRT, LRT",5,0.373529
516032,3,4,0.014333,0.110559,0.000681,0.0,182904.0414,652299.511,"ART1-1, ART1-2, ART2-1, ART2-2",LRT,5,0.373405
521003,3,2,0.014216,0.101264,0.000698,0.0,182707.8952,643536.2723,"M1-RA-RE, M1-RE-RA",Metro,6,0.373252
513013,2,6,0.002419,0.114034,0.000677,0.0,179512.864,662711.165,"Mgt1-E, Mgt1-W, Mgt2-E, Mgt2-W, Mgt3-E, Mgt3-W",LRT,5,0.373229
511222,3,4,0.039601,0.070861,0.00083,0.0,187784.4449,688133.1472,"LRT121, LRT122, LRT131, LRT132",LRT,5,0.373194
513018,2,6,0.003231,0.111614,0.000694,0.0,182294.831,663024.84,"Mgt1-E, Mgt1-W, Mgt2-E, Mgt2-W, Mgt3-E, Mgt3-W",LRT,5,0.373115
512181,2,4,0.069769,0.058187,0.000732,0.0,162996.7864,622840.2668,"Orange_N, Orange_S, RedN, RedS",LRT,5,0.373022
51111,4,6,0.000761,0.078801,0.000839,0.0,218340.0342,628809.812,"LRT31, LRT32, LRT71, LRT72, LRT81, LRT82",LRT,5,0.372889
513015,2,6,0.003728,0.112607,0.000672,0.0,180419.999,662466.155,"Mgt1-E, Mgt1-W, Mgt2-E, Mgt2-W, Mgt3-E, Mgt3-W",LRT,5,0.372632
511194,4,4,0.021006,0.070391,0.000928,0.0,188168.2085,688226.0389,"LRT131, LRT132, LRT151, LRT152",LRT,5,0.372469
516009,3,4,0.008916,0.111137,0.000733,0.0,177369.7714,654999.5628,"ART1-1, ART1-2, ART2-1, ART2-2",LRT,5,0.372365
516010,3,4,0.009603,0.11297,0.000701,0.0,177815.3666,654886.9194,"ART1-1, ART1-2, ART2-1, ART2-2",LRT,5,0.37222
51033,6,6,0.000305,0.061234,0.000769,2e-06,215238.824,629378.6201,"LRT11, LRT12, LRT21, LRT22, LRT81, LRT82",LRT,5,0.371969
511250,2,4,0.041626,0.090827,0.000691,0.0,183945.0316,676740.5434,"LRT121, LRT122, LRT131, LRT132",LRT,5,0.371907
512078,2,4,0.071541,0.059592,0.000678,0.0,163951.3206,623831.4349,"Orange_N, Orange_S, RedN, RedS",LRT,5,0.371536
521069,2,4,0.005722,0.094331,0.000759,0.0,188651.5618,672483.8594,"M1-KS-LOD, M1-LOD-KS, Yelw-N, Yelw-S","BRT, Metro",6,0.371451
516013,3,4,0.010526,0.112525,0.000687,0.0,178602.7625,654470.9418,"ART1-1, ART1-2, ART2-1, ART2-2",LRT,5,0.371442
512183,2,4,0.070362,0.058631,0.000703,0.0,163485.5812,622908.0642,"Orange_N, Orange_S, RedN, RedS",LRT,5,0.371383
513019,2,6,0.003128,0.111302,0.000683,0.0,181859.605,662694.655,"Mgt1-E, Mgt1-W, Mgt2-E, Mgt2-W, Mgt3-E, Mgt3-W",LRT,5,0.371375
512184,2,4,0.070952,0.059113,0.000686,0.0,163800.639,623334.1864,"Orange_N, Orange_S, RedN, RedS",LRT,5,0.371025
513016,2,6,0.00327,0.111363,0.000673,0.0,180902.482,662426.024,"Mgt1-E, Mgt1-W, Mgt2-E, Mgt2-W, Mgt3-E, Mgt3-W",LRT,5,0.370602
525559,3,4,0.006266,0.105628,0.000816,0.0,184078.6882,652581.4135,"ART1-1, ART1-2, ART2-1, ART2-2",LRT,5,0.370584
516035,3,4,0.013018,0.108618,0.000691,0.0,183434.802,652130.3475,"ART1-1, ART1-2, ART2-1, ART2-2",LRT,5,0.370325
513017,2,6,0.003071,0.111098,0.000675,0.0,181300.111,662403.167,"Mgt1-E, Mgt1-W, Mgt2-E, Mgt2-W, Mgt3-E, Mgt3-W",LRT,5,0.370293
1015,4,8,0.002048,0.075597,0.000929,0.000179,206863.4339,746196.5039,"R321-1, R321-2, R322-1, R322-2, R329-1, R329-2, R331-1, R331-2",BRT,4,0.370244
511029,3,4,0.010834,0.111961,0.000674,0.0,176802.9861,658156.1224,"Red-N, Red-S, Red2-N, Red2-S",LRT,5,0.36975
516037,3,4,0.01171,0.107315,0.000713,0.0,183800.8332,652009.5358,"ART1-1, ART1-2, ART2-1, ART2-2",LRT,5,0.369252
512031,2,4,0.011465,0.118063,0.000716,0.0,178875.779,657406.142,"Grn1-N, Grn1-S, Grn3-N, Grn3-S",LRT,5,0.368218
522013,2,2,0.015877,0.107397,0.000693,0.0,187915.5416,665083.653,"Me02-E, Me02-W",Metro,6,0.368205
525092,2,2,0.014083,0.114352,0.000628,0.0,183151.9116,658906.1788,"Me03-L, Me03-R",Metro,6,0.367686
511036,4,4,0.000165,0.107805,0.000699,0.0,176632.4499,655373.968,"Red-N, Red-S, Red2-N, Red2-S",LRT,5,0.367431
521046,2,4,0.006773,0.097044,0.000673,0.0,186423.3431,649174.5272,"M1-KS-LOD, M1-LOD-KS, Yelw-N, Yelw-S","BRT, Metro",6,0.36735
521070,2,4,0.005733,0.094944,0.000704,0.0,189857.6068,672295.5681,"M1-KS-LOD, M1-LOD-KS, Yelw-N, Yelw-S","BRT, Metro",6,0.366624
511249,2,4,0.04101,0.087657,0.000686,0.0,184291.034,678154.5697,"LRT121, LRT122, LRT131, LRT132",LRT,5,0.366582
525060,5,2,0.019048,0.091363,0.000757,0.0,190065.5311,675928.5192,"LRT141, LRT142","BRT, LRT",5,0.366433
512077,4,4,0.017541,0.052414,0.001127,0.0,159676.7102,619002.5689,"Orange_N, Orange_S, RedN, RedS",LRT,5,0.366247
512037,4,2,0.004962,0.113288,0.000811,0.0,177875.687,654906.295,"Grn1-N, Grn1-S",LRT,5,0.366104
512007,3,4,0.004626,0.107765,0.000765,0.0,181450.4606,668352.4672,"Grn1-N, Grn1-S, Grn3-N, Grn3-S",LRT,5,0.365813
522014,2,2,0.015139,0.104407,0.000714,0.0,188567.2219,665808.4525,"Me02-E, Me02-W",Metro,6,0.365756
512033,2,4,0.006885,0.117437,0.000753,0.0,178819.26,656549.422,"Grn1-N, Grn1-S, Grn3-N, Grn3-S",LRT,5,0.365189
523016,3,2,0.015912,0.103617,0.000569,0.0,185125.75,668764.8637,"Me03-L, Me03-R",Metro,6,0.365139
523004,2,2,0.005661,0.116499,0.000684,0.0,179684.657,657599.9577,"Me03-L, Me03-R",Metro,6,0.365067
513054,3,4,0.009477,0.109636,0.000669,0.0,186409.547,660317.641,"Mgt2-E, Mgt2-W, Mgt3-E, Mgt3-W",LRT,5,0.364593
1004,4,8,0.00468,0.066254,0.00095,2.2e-05,208615.2535,749722.9198,"R1001-1, R1001-2, R321-1, R321-2, R322-1, R322-2, R329-1, R329-2",BRT,4,0.364316
516039,3,4,0.006067,0.106161,0.000748,0.0,184063.3676,652356.4477,"ART1-1, ART1-2, ART2-1, ART2-2",LRT,5,0.363988
516029,2,4,0.014862,0.113865,0.000674,0.0,182001.387,652205.225,"ART1-1, ART1-2, ART2-1, ART2-2",LRT,5,0.363142
34085,7,4,0.00501,0.064454,0.000693,0.000678,198690.6659,748473.5219,"lrt03, lrt04, lrt07, lrt08",LRT,5,0.36294
36358,3,10,0.000987,0.064809,0.000887,3.5e-05,199553.3159,747481.7802,"m0110a, m0120a, m0210a, m0220a, m0610a, m0620a, m0710a, m0720a, m0910a, m0920a",BRT,4,0.362863
523009,2,2,0.013994,0.113338,0.000592,0.0,185487.9133,659156.1272,"Me03-L, Me03-R",Metro,6,0.362625
521034,3,2,0.01767,0.096532,0.000599,0.0,185331.6339,674808.1153,"M1-RA-RE, M1-RE-RA",Metro,6,0.361738
522007,2,2,0.007424,0.112891,0.000669,0.0,181978.1091,664730.376,"Me02-E, Me02-W",Metro,6,0.361346
51112,6,6,0.000305,0.061234,0.000664,2e-06,215238.824,629378.6201,"LRT11, LRT12, LRT21, LRT22, LRT81, LRT82",LRT,5,0.361133
36193,7,5,0.002458,0.059106,0.000989,4.1e-05,197519.1282,748468.4834,"m0110a, m0120a, m0620a, m0710a, m0720a",BRT,4,0.360536
511248,2,4,0.040397,0.083182,0.000688,0.0,185141.0951,680239.4503,"LRT121, LRT122, LRT131, LRT132",LRT,5,0.360517
511048,4,4,0.008989,0.07353,0.000928,0.0,166106.8119,633143.9628,"L1-N, L1-S, L2-N, L2-S",LRT,5,0.360498
34000,4,5,0.012302,0.075784,0.000725,0.001879,203570.7475,744392.0378,"lrt02, lrt03, lrt04, lrt07, lrt08",LRT,5,0.360437
1022,3,10,0.001726,0.066378,0.000829,0.001357,200111.0645,747253.0974,"R321-1, R321-2, R325-1, R325-2, R327-1, R327-2, R328-1, R328-2, R330-1, R330-2",BRT,4,0.360327
36361,2,10,0.000793,0.063932,0.001013,7e-06,199219.391,747653.2,"m0110a, m0120a, m0210a, m0220a, m0610a, m0620a, m0710a, m0720a, m0910a, m0920a",BRT,4,0.360212
522010,2,2,0.006971,0.112144,0.000669,0.0,184538.3359,664717.2943,"Me02-E, Me02-W",Metro,6,0.35985
522009,2,2,0.006887,0.111863,0.000668,0.0,183740.7005,664644.4053,"Me02-E, Me02-W",Metro,6,0.359311
36354,3,10,0.001246,0.065529,0.000839,8.3e-05,199692.9411,747726.1306,"m0110a, m0120a, m0210a, m0220a, m0610a, m0620a, m0710a, m0720a, m0910a, m0920a",BRT,4,0.359133
512008,3,4,0.003468,0.107585,0.000716,0.0,181488.526,668911.589,"Grn1-N, Grn1-S, Grn3-N, Grn3-S",LRT,5,0.358984
511253,4,4,0.001494,0.095161,0.000751,0.0,183073.6073,674713.8697,"LRT121, LRT122, LRT131, LRT132",LRT,5,0.358921
51182,4,4,0.002323,0.098793,0.000694,0.0,219277.3891,632862.3853,"LRT41, LRT42, LRT51, LRT52",LRT,5,0.358708
51110,3,6,0.000245,0.077433,0.000862,0.0,217902.9481,628912.5213,"LRT31, LRT32, LRT71, LRT72, LRT81, LRT82",LRT,5,0.358644
511039,3,4,0.008222,0.108937,0.000633,0.0,185771.8767,667548.3312,"Red2-N, Red2-S, Shut-N, Shut-S",LRT,5,0.358384
525573,3,4,0.024828,0.104572,0.000816,0.0,187133.9419,667131.9834,"RG-RH1, RG-RH2, RH-RG1, RH-RG2",BRT,4,0.35809
512233,3,3,0.013288,0.099676,0.000801,0.0,179769.9728,644312.9088,"Light-Blue_S, Turquoise_N, Turquoise_S",LRT,5,0.357994
512029,2,4,0.009024,0.117939,0.000649,0.0,179022.217,658377.593,"Grn1-N, Grn1-S, Grn3-N, Grn3-S",LRT,5,0.357853
516021,2,4,0.010985,0.1138,0.000668,0.0,179277.9255,652935.5414,"ART1-1, ART1-2, ART2-1, ART2-2",LRT,5,0.357374
521073,3,2,0.016598,0.09128,0.000631,0.0,190094.3107,675971.8563,"M1-KS-LOD, M1-LOD-KS",Metro,6,0.357162
51129,3,6,0.001367,0.071989,0.000898,0.0,216334.6361,629925.1281,"LRT11, LRT12, LRT21, LRT22, LRT81, LRT82",LRT,5,0.357087
511269,2,2,0.04412,0.115221,0.000475,0.0,183689.52,659067.6602,"LRT-L1, LRT-L2",LRT,5,0.356928
36324,6,6,0.000975,0.070551,0.000729,0.027409,200806.2578,746340.085,"m0110a, m0120a, m0210a, m0620a, m0710a, m0920a",BRT,4,0.356527
516020,2,4,0.010713,0.112957,0.000669,0.0,178798.104,653171.6464,"ART1-1, ART1-2, ART2-1, ART2-2",LRT,5,0.356073
34011,4,4,0.028877,0.073134,0.000636,1e-06,210978.2596,747241.5994,"lrt01, lrt02, lrt03, lrt04",LRT,5,0.356058
512051,2,2,0.019668,0.118134,0.000742,0.0,181502.076,656716.216,"Grn2-N, Grn2-S",LRT,5,0.355855
516016,2,4,0.010481,0.112281,0.000677,0.0,179319.37,654160.1145,"ART1-1, ART1-2, ART2-1, ART2-2",LRT,5,0.35569
522002,2,2,0.003085,0.109098,0.000713,0.0,178041.1365,663747.5343,"Me02-E, Me02-W",Metro,6,0.355512
516018,2,4,0.010529,0.112388,0.000673,0.0,179048.9385,653616.2646,"ART1-1, ART1-2, ART2-1, ART2-2",LRT,5,0.35549
511266,3,2,0.028745,0.109955,0.000582,0.0,185794.5503,667400.4493,"LRT-L1, LRT-L2",LRT,5,0.35548
522005,2,2,0.003095,0.112062,0.000674,0.0,179907.9173,664091.1487,"Me02-E, Me02-W",Metro,6,0.355124
521037,3,2,0.011947,0.092042,0.000659,0.0,186103.7656,676594.3495,"M1-RA-RE, M1-RE-RA",Metro,6,0.354902
522026,2,2,0.001546,0.101595,0.000816,0.0,177735.4825,661406.1231,"Me02-E, Me02-W",Metro,6,0.35483
511033,2,4,0.007165,0.108801,0.000748,0.0,176009.6665,656232.4482,"Red-N, Red-S, Red2-N, Red2-S",LRT,5,0.354407
522004,2,2,0.002878,0.110757,0.000681,0.0,179298.6056,664392.3544,"Me02-E, Me02-W",Metro,6,0.353975
525043,6,2,0.018339,0.106849,0.000668,1e-06,181777.0013,646257.0049,"BluRT1, BluRT2",BRT,4,0.353911
51014,4,5,0.000412,0.083698,0.000724,0.0,221673.3835,632192.2709,"LRT10, LRT11, LRT12, LRT31, LRT32",LRT,5,0.353634
51010,3,5,0.002422,0.085074,0.000817,0.0,222068.2869,634041.8656,"LRT10, LRT11, LRT12, LRT51, LRT52",LRT,5,0.353236
523017,2,2,0.013268,0.103708,0.000623,0.0,183677.6548,669502.2614,"Me03-L, Me03-R",Metro,6,0.35297
36108,2,8,0.004304,0.074851,0.001016,0.000323,205103.4615,745000.9238,"m0110a, m0120a, m0210a, m0220a, m0310a, m0320a, m0410a, m0820a",BRT,4,0.352845
1003,6,6,0.005766,0.071633,0.000734,7e-06,210373.3094,746818.709,"R1001-1, R1001-2, R1002-1, R1002-2, R331-1, R331-2",BRT,4,0.352647
522001,2,2,0.002316,0.104515,0.000748,0.0,177984.6243,662337.0606,"Me02-E, Me02-W",Metro,6,0.352458
512235,4,2,0.014775,0.102572,0.000677,0.0,180477.9803,645700.7649,"Turquoise_N, Turquoise_S",LRT,5,0.351991
512050,2,2,0.019646,0.118088,0.000702,0.0,181191.071,657073.989,"Grn2-N, Grn2-S",LRT,5,0.351653
511032,2,4,0.007321,0.109231,0.000713,0.0,176273.6836,656676.5949,"Red-N, Red-S, Red2-N, Red2-S",LRT,5,0.351532
511245,2,4,0.03876,0.071697,0.000757,0.0,187605.7211,687429.0177,"LRT121, LRT122, LRT131, LRT132",LRT,5,0.351321
511030,2,4,0.007859,0.111061,0.000681,0.0,176759.3956,657682.5679,"Red-N, Red-S, Red2-N, Red2-S",LRT,5,0.351182
34010,4,4,0.023191,0.073808,0.000653,7e-06,210450.2539,747007.6192,"lrt01, lrt02, lrt03, lrt04",LRT,5,0.351131
511017,2,5,0.004267,0.108374,0.000632,0.0,177902.711,662910.17,"Red-N, Red-S, Red2-N, Red2-S, Shut-N",LRT,5,0.351058
511246,2,4,0.039288,0.074117,0.000719,0.0,187124.8535,685544.2794,"LRT121, LRT122, LRT131, LRT132",LRT,5,0.351032
511247,2,4,0.039822,0.075044,0.000697,0.0,186945.0934,684866.7012,"LRT121, LRT122, LRT131, LRT132",LRT,5,0.350639
512110,4,3,0.003753,0.098157,0.000731,0.0,179023.0115,644069.7912,"Light-Blue_S, Turquoise_N, Turquoise_S",LRT,5,0.350545
515070,4,4,0.003867,0.094138,0.000997,0.0,190691.6795,652342.3207,"BRT1-1, BRT1-2, BRT2-1, BRT2-2",BRT,4,0.350541
36095,5,4,0.006163,0.055764,0.001286,5e-05,196893.4485,743436.2916,"m0610a, m0620a, m0710a, m0720a",BRT,4,0.350455
511268,2,2,0.040755,0.113985,0.00047,0.0,185149.0609,663984.1206,"LRT-L1, LRT-L2",LRT,5,0.350427
512073,3,3,0.002049,0.09448,0.000933,0.0,176165.9537,640990.6824,"Light-Blue_S, Turquoise_N, Turquoise_S",LRT,5,0.350393
36006,6,3,0.005175,0.067562,0.000937,0.049091,201723.7604,744847.2,"m0810a, m0910a, m0920a",BRT,4,0.350392
36643,5,4,0.009449,0.073071,0.000774,0.061761,202101.449,744945.8354,"m0510a, m0520a, m0610a, m0620a",BRT,4,0.350307
511031,2,4,0.007545,0.109819,0.000691,0.0,176465.5056,657032.3969,"Red-N, Red-S, Red2-N, Red2-S",LRT,5,0.35029
523000,2,2,0.000774,0.108394,0.000698,0.0,175744.2743,657286.4431,"Me03-L, Me03-R",Metro,6,0.350071
51186,3,4,0.001371,0.094102,0.000816,0.0,221009.7782,633302.6506,"LRT61, LRT62, LRT71, LRT72",LRT,5,0.349941
150274,4,1,0.05154,0.116529,0.000481,1e-06,179974.8108,652760.5982,BRT1-2,BRT,4,0.348856
36115,4,6,0.004298,0.075019,0.00095,2.5e-05,206911.0511,746234.0276,"m0110a, m0120a, m0210a, m0220a, m0410a, m0820a",BRT,4,0.348621
34083,5,4,0.006829,0.069923,0.000732,0.002678,200689.2724,747034.7641,"lrt03, lrt04, lrt07, lrt08",LRT,5,0.348432
51019,2,5,0.000691,0.092686,0.00084,0.0,220473.9714,632431.6272,"LRT11, LRT12, LRT31, LRT32, LRT9",LRT,5,0.348426
511255,3,4,0.001314,0.096368,0.000773,0.0,182475.7774,674797.8934,"LRT121, LRT122, LRT131, LRT132",LRT,5,0.348242
513003,2,4,0.002502,0.111665,0.000708,0.0,180298.4611,665704.85,"Mgt1-E, Mgt1-W, Mgt2-E, Mgt2-W",LRT,5,0.347602
513025,2,4,0.004645,0.111748,0.000674,0.0,185094.1998,661529.4735,"Mgt2-E, Mgt2-W, Mgt3-E, Mgt3-W",LRT,5,0.347071
51100,4,4,0.00029,0.090518,0.000701,0.0,218633.1908,632765.0626,"LRT31, LRT32, LRT51, LRT52",LRT,5,0.346518
511028,2,4,0.005224,0.110913,0.000671,0.0,176504.7264,658262.5066,"Red-N, Red-S, Red2-N, Red2-S",LRT,5,0.346463
513005,2,4,0.001629,0.108727,0.000742,0.0,178827.0119,666096.981,"Mgt1-E, Mgt1-W, Mgt2-E, Mgt2-W",LRT,5,0.346426
51114,3,6,0.000893,0.074063,0.000774,0.0,217646.8639,628517.6118,"LRT31, LRT32, LRT71, LRT72, LRT81, LRT82",LRT,5,0.346249
512006,2,4,0.004098,0.106051,0.00074,0.0,181900.5206,667878.6035,"Grn1-N, Grn1-S, Grn3-N, Grn3-S",LRT,5,0.346178
522024,2,2,0.000774,0.095528,0.000813,0.0,191706.2066,665586.5332,"Me02-E, Me02-W",Metro,6,0.346015
230777,4,4,0.024591,0.094877,0.000674,0.0,189700.5987,667054.8364,"RG-RH1, RG-RH2, RH-RG1, RH-RG2",BRT,4,0.345488
34015,2,6,0.015171,0.067191,0.000804,0.0,213076.2707,746410.3431,"lrt01, lrt02, lrt03, lrt04, lrt05, lrt06",LRT,5,0.345411
36190,6,3,0.001205,0.071738,0.000507,0.138735,201658.6886,745336.275,"m0120a, m0220a, m0720a",BRT,4,0.345256
51106,3,4,0.002033,0.097337,0.000723,0.0,220661.1561,632190.1368,"LRT61, LRT62, LRT71, LRT72",LRT,5,0.345171
512035,3,2,0.005882,0.114493,0.000717,0.0,178967.316,655146.361,"Grn1-N, Grn1-S",LRT,5,0.344839
511027,2,4,0.004754,0.109908,0.000668,0.0,176148.8008,658356.3537,"Red-N, Red-S, Red2-N, Red2-S",LRT,5,0.344332
516042,2,4,0.006094,0.105734,0.000699,0.0,184633.8822,652741.1745,"ART1-1, ART1-2, ART2-1, ART2-2",LRT,5,0.344137
513063,2,4,0.004104,0.110158,0.000671,0.0,184909.4261,661035.1236,"Mgt2-E, Mgt2-W, Mgt3-E, Mgt3-W",LRT,5,0.344115
51006,3,5,0.002159,0.068935,0.000924,0.0,221854.4309,635734.1979,"LRT10, LRT11, LRT12, LRT51, LRT52",LRT,5,0.344103
513055,2,4,0.006141,0.107352,0.000671,0.0,186967.698,660180.754,"Mgt2-E, Mgt2-W, Mgt3-E, Mgt3-W",LRT,5,0.343307
51023,4,4,0.00126,0.091996,0.00064,0.0,218858.2394,632613.6542,"LRT11, LRT12, LRT21, LRT22",LRT,5,0.34329
511026,2,4,0.004519,0.109306,0.000667,0.0,175953.713,658809.157,"Red-N, Red-S, Red2-N, Red2-S",LRT,5,0.34318
51232,3,4,0.000902,0.08982,0.000804,0.0,221324.7813,630656.0849,"LRT61, LRT62, LRT71, LRT72",LRT,5,0.34275
521033,2,2,0.016793,0.098714,0.000538,0.0,185296.5474,673510.1735,"M1-RA-RE, M1-RE-RA",Metro,6,0.342737
513006,2,4,0.001816,0.10923,0.000697,0.0,178637.9724,665571.8392,"Mgt1-E, Mgt1-W, Mgt2-E, Mgt2-W",LRT,5,0.342637
511025,2,4,0.004423,0.108999,0.000666,0.0,175939.706,659408.156,"Red-N, Red-S, Red2-N, Red2-S",LRT,5,0.342545
51143,4,4,0.00027,0.083863,0.000738,0.0,220366.2108,628898.5752,"LRT71, LRT72, LRT81, LRT82",LRT,5,0.342123
511024,2,4,0.004342,0.108727,0.000665,0.0,176537.705,659623.168,"Red-N, Red-S, Red2-N, Red2-S",LRT,5,0.342006
513052,2,4,0.00361,0.108773,0.000669,0.0,184778.258,660524.0864,"Mgt2-E, Mgt2-W, Mgt3-E, Mgt3-W",LRT,5,0.341491
51020,2,5,0.000682,0.091866,0.000782,0.0,220115.1767,632591.4181,"LRT11, LRT12, LRT31, LRT32, LRT9",LRT,5,0.341446
511023,2,4,0.00427,0.108485,0.000663,0.0,176766.701,660220.168,"Red-N, Red-S, Red2-N, Red2-S",LRT,5,0.341443
521036,2,2,0.012307,0.094208,0.000634,0.0,185051.6875,675902.1977,"M1-RA-RE, M1-RE-RA",Metro,6,0.34115
525578,4,4,0.022427,0.093735,0.000672,0.0,189931.1036,666830.8553,"RG-RH1, RG-RH2, RH-RG1, RH-RG2",BRT,4,0.341011
51056,4,6,6.4e-05,0.061227,0.000748,2e-06,215238.824,629378.6201,"LRT11, LRT12, LRT21, LRT22, LRT81, LRT82",LRT,5,0.340914
511022,2,4,0.004204,0.108279,0.000661,0.0,177129.7,660677.169,"Red-N, Red-S, Red2-N, Red2-S",LRT,5,0.340842
51152,3,4,0.000933,0.089824,0.000782,0.0,221324.7813,630656.0849,"LRT61, LRT62, LRT71, LRT72",LRT,5,0.340573
467750,4,7,0.000751,0.020583,0.001094,0.0,180760.9789,574458.4182,"4.1_Arad-BS, 4.1_BS-Arad, 4.2_LRT_Shoket-BRS, 4.4_Bee'rSheva-Rahat_Main, 4.4_Rahat-Bee'rSheva_Main, 4.5_Bee'rSheva-Rahat, 4.5_Rahat-Bee'rSheva",LRT,5,0.340406
513053,2,4,0.003337,0.108123,0.000668,0.0,185790.711,660414.992,"Mgt2-E, Mgt2-W, Mgt3-E, Mgt3-W",LRT,5,0.340266
511021,2,4,0.00415,0.108163,0.000656,0.0,177247.704,661051.162,"Red-N, Red-S, Red2-N, Red2-S",LRT,5,0.34016
513007,2,4,0.002054,0.110119,0.00066,0.0,178362.702,664958.144,"Mgt1-E, Mgt1-W, Mgt2-E, Mgt2-W",LRT,5,0.340142
513031,3,2,0.002735,0.111087,0.000752,0.0,185577.134,663896.041,"Mgt1-E, Mgt1-W",LRT,5,0.340129
51053,4,4,0.000513,0.081233,0.000747,0.0,220623.9692,628652.8022,"LRT31, LRT32, LRT81, LRT82",LRT,5,0.340075
513062,2,4,0.003252,0.107962,0.000668,0.0,185283.738,660469.3038,"Mgt2-E, Mgt2-W, Mgt3-E, Mgt3-W",LRT,5,0.339974
513056,2,4,0.00538,0.105118,0.000674,0.0,187546.693,660098.327,"Mgt2-E, Mgt2-W, Mgt3-E, Mgt3-W",LRT,5,0.339835
51034,4,6,6.4e-05,0.061227,0.000736,2e-06,215238.824,629378.6201,"LRT11, LRT12, LRT21, LRT22, LRT81, LRT82",LRT,5,0.339691
512146,3,3,0.002806,0.094343,0.000821,0.0,177090.4598,642158.2536,"Light-Blue_S, Turquoise_N, Turquoise_S",LRT,5,0.339606
515086,4,4,0.002588,0.09431,0.000905,0.0,188136.121,648376.8072,"BRT1-1, BRT1-2, BRT2-1, BRT2-2",BRT,4,0.339557
512232,3,3,0.004129,0.098799,0.000749,0.0,179410.8023,644140.3462,"Light-Blue_S, Turquoise_N, Turquoise_S",LRT,5,0.339468
51035,4,6,4e-06,0.061219,0.000733,2e-06,215238.824,629378.6201,"LRT11, LRT12, LRT21, LRT22, LRT81, LRT82",LRT,5,0.339219
511020,2,4,0.004109,0.108063,0.000648,0.0,177367.707,661481.154,"Red-N, Red-S, Red2-N, Red2-S",LRT,5,0.339153
51172,3,4,0.001792,0.091042,0.000742,0.0,221026.0576,631105.6182,"LRT61, LRT62, LRT71, LRT72",LRT,5,0.339095
512034,2,3,0.006535,0.116711,0.000638,0.0,178940.11,656234.053,"Grn1-N, Grn1-S, Grn3-N",LRT,5,0.339011
521075,2,2,0.005273,0.087003,0.000786,0.0,191974.3957,675679.5264,"M1-KS-LOD, M1-LOD-KS",Metro,6,0.338685
51185,3,4,0.002115,0.095511,0.00068,0.0,219701.6886,633028.2309,"LRT41, LRT42, LRT51, LRT52",LRT,5,0.338634
512009,2,4,0.002278,0.106284,0.000687,0.0,181090.8203,668954.0709,"Grn1-N, Grn1-S, Grn3-N, Grn3-S",LRT,5,0.33852
513059,2,4,0.001546,0.096036,0.000816,0.0,189943.6694,659370.2985,"Mgt2-E, Mgt2-W, Mgt3-E, Mgt3-W",LRT,5,0.338234
522025,2,2,0.000774,0.098478,0.000699,0.0,177503.7032,660341.8002,"Me02-E, Me02-W",Metro,6,0.337901
51161,3,4,0.001628,0.093474,0.000703,0.0,218828.5289,632000.2937,"LRT31, LRT32, LRT41, LRT42",LRT,5,0.33778
513065,2,4,0.004616,0.103583,0.000681,0.0,187957.0868,660163.4067,"Mgt2-E, Mgt2-W, Mgt3-E, Mgt3-W",LRT,5,0.337681
511019,2,4,0.004078,0.107965,0.000634,0.0,177465.707,662072.158,"Red-N, Red-S, Red2-N, Red2-S",LRT,5,0.337505
513008,2,4,0.002405,0.110661,0.000622,0.0,178363.373,664626.754,"Mgt1-E, Mgt1-W, Mgt2-E, Mgt2-W",LRT,5,0.337418
521031,2,2,0.007876,0.08939,0.000708,0.0,189172.782,677387.0382,"M1-RA-RE, M1-RE-RA",Metro,6,0.336998
51188,3,4,0.002355,0.095447,0.000655,0.0,220905.1014,633679.6936,"LRT41, LRT42, LRT51, LRT52",LRT,5,0.336259
512048,2,2,0.012779,0.11754,0.000646,0.0,180516.48,657997.496,"Grn2-N, Grn2-S",LRT,5,0.336114
51051,3,4,0.000605,0.085982,0.000787,0.0,220477.3558,629534.1064,"LRT71, LRT72, LRT81, LRT82",LRT,5,0.335939
1025,5,8,0.001008,0.058501,0.000672,6.2e-05,197390.9113,748444.457,"R325-1, R325-2, R327-1, R327-2, R328-1, R328-2, R330-1, R330-2",BRT,4,0.335514
511068,4,2,0.008697,0.098789,0.00064,0.0,179291.6713,644123.2962,"L1-N, L1-S",LRT,5,0.335498
513061,2,4,0.003851,0.101748,0.000691,0.0,188411.0469,659926.5218,"Mgt2-E, Mgt2-W, Mgt3-E, Mgt3-W",LRT,5,0.335459
511092,3,4,0.008975,0.074268,0.000814,0.0,166272.4105,633689.4273,"L1-N, L1-S, L2-N, L2-S",LRT,5,0.335269
51131,3,6,0.000841,0.065192,0.000774,1e-06,215635.7519,629709.0358,"LRT11, LRT12, LRT21, LRT22, LRT81, LRT82",LRT,5,0.335233
51167,3,4,0.000883,0.085986,0.000775,0.0,220477.3558,629534.1064,"LRT71, LRT72, LRT81, LRT82",LRT,5,0.334991
511018,2,4,0.004087,0.108007,0.000608,0.0,177524.712,662650.161,"Red-N, Red-S, Red2-N, Red2-S",LRT,5,0.334904
51016,3,4,0.000223,0.087504,0.000763,0.0,221306.4251,631880.9309,"LRT11, LRT12, LRT31, LRT32",LRT,5,0.334811
51228,3,4,0.000223,0.087504,0.000763,0.0,221306.4251,631880.9309,"LRT11, LRT12, LRT31, LRT32",LRT,5,0.334811
511095,4,2,0.001541,0.091394,0.000812,0.0,174897.9672,643266.2702,"L2-N, L2-S",LRT,5,0.334714
525459,3,2,0.007107,0.108335,0.000676,0.0,175830.3334,655743.804,"ART2-1, ART2-2",LRT,5,0.334594
34082,4,4,0.008471,0.071398,0.000687,0.004929,200953.2653,746297.0227,"lrt03, lrt04, lrt07, lrt08",LRT,5,0.334438
521038,2,2,0.007913,0.089488,0.00068,0.0,188056.5364,676460.9879,"M1-RA-RE, M1-RE-RA",Metro,6,0.33432
512054,2,4,0.001874,0.105303,0.000663,0.0,180633.8639,668898.432,"Grn1-N, Grn1-S, Grn3-N, Grn3-S",LRT,5,0.334311
521074,2,2,0.00603,0.089506,0.000701,0.0,190868.2119,675980.5996,"M1-KS-LOD, M1-LOD-KS",Metro,6,0.334036
513057,2,4,0.003085,0.099535,0.000713,0.0,188879.945,659489.577,"Mgt2-E, Mgt2-W, Mgt3-E, Mgt3-W",LRT,5,0.333978
525091,4,2,0.002115,0.115497,0.000855,0.0,181854.9543,658813.8844,"BluRT1, BluRT2",BRT,4,0.333901
512063,3,2,0.003325,0.101698,0.000795,0.0,184938.325,668661.04,"Grn1-N, Grn1-S",LRT,5,0.333762
513058,2,4,0.002316,0.097156,0.000748,0.0,189594.9552,659405.8455,"Mgt2-E, Mgt2-W, Mgt3-E, Mgt3-W",LRT,5,0.333642
511159,4,2,0.010054,0.08771,0.000735,0.0,191176.3308,677147.5987,"LRT141, LRT142","BRT, LRT",5,0.33342
512161,4,2,0.017559,0.10504,0.000431,1e-06,181664.3053,646425.7674,"Light-Blue_S, Turquoise_S",LRT,5,0.333339
511258,3,4,0.004146,0.064588,0.000971,0.0,189203.7043,692300.0667,"LRT131, LRT132, LRT141, LRT142","BRT, LRT",5,0.333249
36318,5,5,0.000403,0.069818,0.000657,0.056906,201198.4787,745867.3194,"m0120a, m0220a, m0610a, m0720a, m0910a",BRT,4,0.333119
512005,3,3,0.003869,0.104499,0.000621,0.0,182569.9357,668135.0639,"Grn1-N, Grn1-S, Grn3-S",LRT,5,0.332911
51157,4,4,0.001525,0.085691,0.000611,0.0,218858.5769,629300.2407,"LRT31, LRT32, LRT41, LRT42",LRT,5,0.33289
524002,4,2,0.013712,0.100635,0.000524,0.0,187756.5446,656530.0024,"East-N, East-S",LRT,5,0.332476
512234,3,2,0.014424,0.101429,0.000643,0.0,180373.9268,645021.3425,"Turquoise_N, Turquoise_S",LRT,5,0.332412
1005,3,8,0.004125,0.063421,0.000817,3e-06,209065.7795,750548.0003,"R1001-1, R1001-2, R321-1, R321-2, R322-1, R322-2, R329-1, R329-2",BRT,4,0.33211
512010,2,4,0.001863,0.105263,0.00064,0.0,180336.1305,668840.2175,"Grn1-N, Grn1-S, Grn3-N, Grn3-S",LRT,5,0.331875
511126,3,5,0.007058,0.062902,0.000815,0.0,186920.3961,692821.9107,"LRT121, LRT122, LRT131, LRT151, LRT152",LRT,5,0.331838
512047,2,2,0.012643,0.117104,0.000612,0.0,180167.985,658411.391,"Grn2-N, Grn2-S",LRT,5,0.331813
511072,3,2,0.000409,0.101594,0.000811,0.0,180385.4603,645492.6684,"L1-N, L1-S",LRT,5,0.331454
511257,3,4,0.009963,0.065162,0.000869,0.0,186656.8249,691047.6808,"LRT121, LRT122, LRT151, LRT152",LRT,5,0.331102
525574,2,4,0.022658,0.102172,0.000748,0.0,187675.2299,667335.2899,"RG-RH1, RG-RH2, RH-RG1, RH-RG2",BRT,4,0.330987
467194,4,6,0.000664,0.019465,0.00114,0.0,182749.3463,573257.9135,"4.1_Arad-BS, 4.1_BS-Arad, 4.2_LRT_BRS-Shoket, 4.2_LRT_Shoket-BRS, 4.3_Ofakim-TelSheva, 4.3_TelSheva-Ofakim",LRT,5,0.330707
511091,3,4,0.009505,0.07506,0.000747,0.0,166579.3327,634207.7964,"L1-N, L1-S, L2-N, L2-S",LRT,5,0.330033
513001,4,2,0.004221,0.113935,0.000461,0.0,180941.712,665543.166,"Mgt1-E, Mgt2-E",LRT,5,0.329823
512236,2,2,0.015134,0.103639,0.00072,0.0,180910.7438,646157.298,"Turquoise_N, Turquoise_S",LRT,5,0.329682
51130,2,6,0.000954,0.068327,0.000812,0.0,216008.0005,629693.7168,"LRT11, LRT12, LRT21, LRT22, LRT81, LRT82",LRT,5,0.328879
51107,2,4,0.001336,0.093367,0.000755,0.0,220806.8314,632730.2013,"LRT61, LRT62, LRT71, LRT72",LRT,5,0.328409
34018,2,6,0.014925,0.058759,0.000743,0.0,216305.7989,744582.5474,"lrt01, lrt02, lrt03, lrt04, lrt05, lrt06",LRT,5,0.328351
51009,2,5,0.00226,0.077873,0.000801,0.0,222277.6546,634749.4966,"LRT10, LRT11, LRT12, LRT51, LRT52",LRT,5,0.32822
511241,3,4,0.008383,0.069329,0.000812,0.0,187959.1957,688894.763,"LRT141, LRT142, LRT151, LRT152","BRT, LRT",5,0.328212
511254,3,4,0.00156,0.095203,0.000583,0.0,183017.2425,674573.2911,"LRT121, LRT122, LRT131, LRT132",LRT,5,0.327498
512071,2,2,0.002803,0.116647,0.000697,0.0,182198.9523,655917.4024,"Grn2-N, Grn2-S",LRT,5,0.327082
51171,2,4,0.001853,0.095045,0.000713,0.0,220534.1308,631786.0481,"LRT61, LRT62, LRT71, LRT72",LRT,5,0.326805
511129,3,4,0.003311,0.064553,0.000918,0.0,188457.3834,692385.0077,"LRT131, LRT132, LRT141, LRT142","BRT, LRT",5,0.326548
511265,2,2,0.0235,0.103183,0.000587,0.0,186420.3564,669938.717,"LRT-L1, LRT-L2",LRT,5,0.326409
512046,2,2,0.012653,0.117083,0.000559,0.0,179984.009,658893.889,"Grn2-N, Grn2-S",LRT,5,0.326323
1024,7,6,0.000307,0.062164,0.000522,0.000168,198946.6296,748444.6595,"R321-1, R321-2, R325-1, R325-2, R330-1, R330-2",BRT,4,0.326241
511074,3,2,0.009215,0.099649,0.000668,0.0,179768.7488,644310.2054,"L1-N, L1-S",LRT,5,0.325877
525587,4,4,0.007686,0.073592,0.000952,0.0,196462.7324,668172.9763,"RG-RH1, RG-RH2, RH-RG1, RH-RG2",BRT,4,0.325569
51170,2,4,0.001818,0.093233,0.000718,0.0,220678.8431,631464.7734,"LRT61, LRT62, LRT71, LRT72",LRT,5,0.325021
521002,4,1,0.011189,0.097722,0.000298,0.0,182785.3352,641894.7937,M1-RE-RA,Metro,6,0.32491
51007,2,5,0.00217,0.072401,0.000834,0.0,222136.8319,635379.7362,"LRT10, LRT11, LRT12, LRT51, LRT52",LRT,5,0.324741
36045,6,4,0.001094,0.057415,0.000942,0.000262,196845.1485,744046.0785,"m0110a, m0620a, m0710a, m0720a",BRT,4,0.324633
511073,3,2,0.001179,0.101151,0.000741,0.0,180376.6475,645002.9486,"L1-N, L1-S",LRT,5,0.32461
512177,3,2,0.054755,0.05566,0.000596,0.0,161741.2663,621111.5761,"Orange_N, Orange_S",LRT,5,0.324396
525575,2,4,0.021959,0.100458,0.000713,0.0,188091.4391,667442.7579,"RG-RH1, RG-RH2, RH-RG1, RH-RG2",BRT,4,0.324343
36336,5,6,0.002013,0.06921,0.000645,0.005028,200629.6863,746949.7122,"m0110a, m0120a, m0210a, m0620a, m0710a, m0920a",BRT,4,0.323486
511204,3,4,0.004992,0.066282,0.000844,0.0,188053.3634,691042.7619,"LRT141, LRT142, LRT151, LRT152","BRT, LRT",5,0.32334
51024,3,4,0.000616,0.083202,0.000697,0.0,220041.7877,628696.3477,"LRT31, LRT32, LRT71, LRT72",LRT,5,0.323186
521076,2,2,0.004516,0.083584,0.000683,0.0,193619.2961,675353.2425,"M1-KS-LOD, M1-LOD-KS",Metro,6,0.322825
36099,5,5,0.000611,0.053944,0.000985,4.6e-05,196472.8133,745695.14,"m0110a, m0120a, m0620a, m0710a, m0720a",BRT,4,0.32271
513027,2,4,0.000774,0.093976,0.000699,0.0,190599.7167,659260.6519,"Mgt2-E, Mgt2-W, Mgt3-E, Mgt3-W",LRT,5,0.322608
512072,2,2,0.006193,0.115544,0.000622,0.0,179115.1281,655688.0907,"Grn1-N, Grn1-S",LRT,5,0.322431
525579,3,4,0.020962,0.091876,0.000671,0.0,190369.1658,667140.4885,"RG-RH1, RG-RH2, RH-RG1, RH-RG2",BRT,4,0.322323
36138,5,4,0.006017,0.062767,0.000932,1e-06,209130.279,750584.764,"m0110a, m0120a, m0410a, m0820a",BRT,4,0.322257
512081,3,2,0.001717,0.093157,0.000802,0.0,175259.6669,639864.7798,"Turquoise_N, Turquoise_S",LRT,5,0.321796
51180,2,4,0.00209,0.094062,0.000671,0.0,219938.0602,633302.2345,"LRT41, LRT42, LRT51, LRT52",LRT,5,0.321561
34084,3,4,0.004779,0.067971,0.000806,0.000441,200114.3528,747604.6954,"lrt03, lrt04, lrt07, lrt08",LRT,5,0.321406
525097,4,2,0.001336,0.113975,0.000761,0.0,179380.5179,660677.1954,"BluRT1, BluRT2",BRT,4,0.321332
511066,3,2,0.000769,0.10234,0.000696,0.0,180570.9645,645901.7356,"L1-N, L1-S",LRT,5,0.320967
512288,2,2,0.06532,0.056718,0.000552,0.0,162559.6293,621726.2816,"Orange_N, Orange_S",LRT,5,0.32079
51181,2,4,0.002094,0.093945,0.000664,0.0,220331.3639,633362.7131,"LRT41, LRT42, LRT51, LRT52",LRT,5,0.320659
512118,2,3,0.002993,0.095435,0.000759,0.0,177809.9985,642848.2791,"Light-Blue_S, Turquoise_N, Turquoise_S",LRT,5,0.320595
511210,3,4,0.008476,0.065,0.000783,0.0,186546.1862,691079.6578,"LRT121, LRT122, LRT151, LRT152",LRT,5,0.32
512121,4,2,0.008677,0.077386,0.000743,0.0,167489.2027,635902.655,"RedN, RedS",LRT,5,0.319733
512162,2,3,0.003373,0.096441,0.000733,0.0,178266.7856,643307.7301,"Light-Blue_S, Turquoise_N, Turquoise_S",LRT,5,0.319612
511040,3,2,0.000802,0.100389,0.0007,0.0,180375.2796,644543.9857,"L1-N, L1-S",LRT,5,0.319017
34020,2,6,0.014676,0.054202,0.000709,0.0,218607.1612,743688.9334,"lrt01, lrt02, lrt03, lrt04, lrt05, lrt06",LRT,5,0.318961
512038,5,1,0.000309,0.111269,0.000425,0.0,177340.531,655048.751,Grn1-N,LRT,5,0.318888
512289,2,2,0.065922,0.057082,0.000521,0.0,162478.8126,622138.0119,"Orange_N, Orange_S",LRT,5,0.318855
525576,2,4,0.021258,0.098513,0.000691,0.0,188580.4386,667319.0221,"RG-RH1, RG-RH2, RH-RG1, RH-RG2",BRT,4,0.318762
515037,4,4,0.00067,0.09546,0.000713,0.0,189292.1133,649395.4525,"BRT1-1, BRT1-2, BRT2-1, BRT2-2",BRT,4,0.318613
51160,2,4,0.001587,0.090871,0.000682,0.0,218592.9083,631622.2123,"LRT31, LRT32, LRT41, LRT42",LRT,5,0.318154
525065,4,2,0.004866,0.115353,0.000668,0.0,181594.1449,652442.3204,"BluRT1, BluRT2",BRT,4,0.318047
515072,4,4,0.001244,0.095627,0.000697,0.0,189449.5681,649637.9638,"BRT1-1, BRT1-2, BRT2-1, BRT2-2",BRT,4,0.317973
512045,2,2,0.012824,0.117507,0.000467,0.0,179554.856,658908.034,"Grn2-N, Grn2-S",LRT,5,0.317621
51104,3,4,0.001007,0.063752,0.000869,0.0,218371.0931,626508.2988,"LRT41, LRT42, LRT61, LRT62",LRT,5,0.317462
515026,4,2,0.000927,0.116474,0.000695,0.0,181260.3448,652398.1122,"BRT1-1, BRT1-2",BRT,4,0.317006
51189,2,4,0.001788,0.09239,0.000643,0.0,221178.8947,633858.7295,"LRT41, LRT42, LRT51, LRT52",LRT,5,0.316209
515078,3,4,3.2e-05,0.09391,0.000854,0.0,190618.1317,652006.1632,"BRT1-1, BRT1-2, BRT2-1, BRT2-2",BRT,4,0.316173
1010,6,4,0.002182,0.065927,0.000743,2e-06,206979.299,749922.8102,"R1002-1, R1002-2, R323-1, R323-2",BRT,4,0.315857
36644,4,4,0.002492,0.066999,0.000997,0.001272,200278.3263,746171.4682,"m0320a, m0520a, m0810a, m0820a",BRT,4,0.315767
511075,3,2,0.008318,0.0981,0.000599,0.0,178979.508,643841.9733,"L1-N, L1-S",LRT,5,0.315674
511003,2,2,0.005719,0.095881,0.000796,0.0,188744.721,666668.166,"Red-N, Red-S",LRT,5,0.315518
51195,3,4,0.000371,0.077117,0.000695,0.0,222517.175,633832.9355,"LRT41, LRT42, LRT71, LRT72",LRT,5,0.315127
512122,4,2,0.008694,0.076796,0.000705,0.0,167182.3749,635490.1194,"RedN, RedS",LRT,5,0.315119
511096,3,2,0.002308,0.093274,0.000728,0.0,175078.3705,642645.9582,"L2-N, L2-S",LRT,5,0.315041
467821,4,6,0.000397,0.019787,0.000985,0.0,179844.3075,572657.6222,"4.3_Ofakim-TelSheva, 4.3_TelSheva-Ofakim, 4.4_Bee'rSheva-Rahat_Main, 4.4_Rahat-Bee'rSheva_Main, 4.5_Bee'rSheva-Rahat, 4.5_Rahat-Bee'rSheva",LRT,5,0.31476
51138,3,4,0.000597,0.082006,0.000627,0.0,219279.241,628737.6193,"LRT31, LRT32, LRT71, LRT72",LRT,5,0.314433
515018,4,2,0.00077,0.11543,0.000682,0.0,181584.5034,652429.2941,"BRT1-1, BRT1-2",BRT,4,0.314183
512195,3,2,0.009202,0.077989,0.000813,0.0,167728.4028,636276.5735,"RedN, RedS",LRT,5,0.314144
51156,2,4,0.001559,0.088607,0.000669,0.0,218667.8652,631060.416,"LRT31, LRT32, LRT41, LRT42",LRT,5,0.313885
511098,3,2,0.008884,0.09588,0.000601,0.0,175758.3289,642149.2876,"L2-N, L2-S",LRT,5,0.313817
525577,2,4,0.020609,0.09596,0.000681,0.0,189356.0543,667304.1806,"RG-RH1, RG-RH2, RH-RG1, RH-RG2",BRT,4,0.313728
525042,3,2,0.019693,0.107409,0.000668,0.0,181850.29,646020.8888,"BluRT1, BluRT2",BRT,4,0.313608
512283,3,4,0.006159,0.050205,0.000924,0.0,158263.9702,617431.5775,"Orange_N, Orange_S, RedN, RedS",LRT,5,0.313263
525210,2,2,0.01061,0.092515,0.000745,0.0,184311.9518,644797.1337,"East-N, East-S",LRT,5,0.312594
515045,3,4,0.000492,0.094077,0.000801,0.0,188649.161,648273.2337,"BRT1-1, BRT1-2, BRT2-1, BRT2-2",BRT,4,0.311468
511097,3,2,0.003067,0.094835,0.000664,0.0,175546.2206,642416.258,"L2-N, L2-S",LRT,5,0.311422
512082,3,2,0.002569,0.094503,0.000674,0.0,175589.8201,640536.7641,"Turquoise_N, Turquoise_S",LRT,5,0.311395
51155,2,4,0.001544,0.087386,0.000655,0.0,218707.2208,630461.1341,"LRT31, LRT32, LRT41, LRT42",LRT,5,0.310975
36645,6,4,0.000171,0.054634,0.000854,0.000176,196616.1012,745390.8372,"m0110a, m0120a, m0620a, m0710a",BRT,4,0.310795
516004,2,2,0.001546,0.106398,0.000676,0.0,176380.8357,654954.0398,"ART1-1, ART1-2",LRT,5,0.310573
515801,3,4,0.00143,0.094547,0.000769,0.0,190432.3273,651797.4403,"BRT1-1, BRT1-2, BRT2-1, BRT2-2",BRT,4,0.31003
36146,4,5,0.000822,0.05311,0.001007,1.6e-05,196298.9488,746515.2112,"m0110a, m0120a, m0620a, m0710a, m0720a",BRT,4,0.309932
1007,4,6,0.000141,0.060285,0.000804,1e-06,208356.518,751836.2493,"R1002-1, R1002-2, R1003-1, R1003-2, R323-1, R323-2",BRT,4,0.309905
511004,2,2,0.006224,0.097499,0.000716,0.0,188048.661,666473.113,"Red-N, Red-S",LRT,5,0.309891
36965,5,4,0.011231,0.032094,0.00111,1e-06,228365.0139,733305.1927,"brt031, brt032, brt041, brt042",BRT,4,0.30967
36112,2,6,0.003273,0.075121,0.000861,3.3e-05,206193.7172,745886.6175,"m0110a, m0120a, m0210a, m0220a, m0410a, m0820a",BRT,4,0.309627
512062,2,2,0.002203,0.101385,0.000715,0.0,184557.7594,668289.2684,"Grn1-N, Grn1-S",LRT,5,0.309313
525580,3,4,0.012745,0.089917,0.000672,0.0,190955.2778,667142.6763,"RG-RH1, RG-RH2, RH-RG1, RH-RG2",BRT,4,0.309237
525087,3,2,0.003549,0.116254,0.000725,0.0,182618.4794,657699.0079,"BluRT1, BluRT2",BRT,4,0.309006
1028,5,6,0.000266,0.054919,0.000719,2.4e-05,196242.8709,747525.9166,"R326-1, R326-2, R327-1, R327-2, R328-1, R328-2",BRT,4,0.30894
36195,4,5,0.00263,0.060454,0.000885,4.8e-05,198044.964,748442.5348,"m0110a, m0120a, m0620a, m0710a, m0720a",BRT,4,0.308855
525240,4,2,0.00469,0.116894,0.000559,0.0,180761.1249,657675.1802,"Yelw-N, Yelw-S",BRT,4,0.308454
511130,2,4,0.00184,0.064226,0.000903,0.0,188923.3588,692318.9651,"LRT131, LRT132, LRT141, LRT142","BRT, LRT",5,0.308444
34022,2,6,0.014427,0.047488,0.000691,0.0,222017.2528,740801.6228,"lrt01, lrt02, lrt03, lrt04, lrt05, lrt06",LRT,5,0.308435
512059,2,2,0.008145,0.099781,0.000648,0.0,180658.707,671259.2,"Grn2-N, Grn2-S",LRT,5,0.308218
515049,3,2,0.000369,0.116081,0.000758,0.0,180340.092,652508.9076,"BRT1-1, BRT1-2",BRT,4,0.308028
512042,2,2,0.008618,0.100431,0.000632,0.0,180566.117,670967.818,"Grn2-N, Grn2-S",LRT,5,0.308003
51158,2,4,0.001533,0.086298,0.000638,0.0,219026.6918,629837.9445,"LRT31, LRT32, LRT41, LRT42",LRT,5,0.307864
525494,4,1,0.01546,0.097365,0.000771,0.0,182860.8455,641909.1086,RH-GY1,BRT,4,0.307522
1008,4,6,0.000277,0.061443,0.000764,0.0,207744.6674,751138.7065,"R1002-1, R1002-2, R1003-1, R1003-2, R323-1, R323-2",BRT,4,0.307431
51151,2,4,0.000418,0.071731,0.000821,0.0,220278.659,627548.7441,"LRT61, LRT62, LRT81, LRT82",LRT,5,0.307352
512058,2,2,0.007682,0.098704,0.000656,0.0,180768.128,671773.253,"Grn2-N, Grn2-S",LRT,5,0.307147
36509,5,3,0.001316,0.07211,0.000478,0.089725,201823.9626,745179.1828,"m0120a, m0220a, m0720a",BRT,4,0.307048
511240,2,4,0.007596,0.069017,0.000759,0.0,187956.1462,689105.0334,"LRT141, LRT142, LRT151, LRT152","BRT, LRT",5,0.306994
512060,2,2,0.009106,0.101323,0.000604,0.0,180441.682,670585.112,"Grn2-N, Grn2-S",LRT,5,0.306906
511005,2,2,0.006877,0.098833,0.000656,0.0,187573.701,666547.164,"Red-N, Red-S",LRT,5,0.306274
512041,2,2,0.007326,0.097899,0.000661,0.0,181061.8057,672200.3317,"Grn2-N, Grn2-S",LRT,5,0.306217
36176,6,4,0.000801,0.055425,0.000792,2.7e-05,196331.4371,747556.6651,"m0110a, m0120a, m0710a, m0720a",BRT,4,0.30618
516043,4,2,0.006258,0.106147,0.000298,0.0,185118.3527,652872.6019,"ART1-1, ART2-1",LRT,5,0.306097
525211,2,2,0.010885,0.094047,0.00066,0.0,183544.7125,643582.3557,"East-N, East-S",LRT,5,0.306013
511067,3,2,0.008919,0.094564,0.000537,0.0,177129.9617,642177.6508,"L1-N, L1-S",LRT,5,0.305708
51101,2,4,0.000168,0.080872,0.000699,0.0,217986.696,632766.3855,"LRT31, LRT32, LRT51, LRT52",LRT,5,0.305682
467763,4,4,0.000304,0.010424,0.001261,0.0,177245.8778,589073.2541,"4.4_Bee'rSheva-Rahat_Main, 4.4_Rahat-Bee'rSheva_Main, 4.5_Bee'rSheva-Rahat, 4.5_Rahat-Bee'rSheva",LRT,5,0.305616
512057,2,2,0.007078,0.097265,0.000664,0.0,181271.2358,672758.3055,"Grn2-N, Grn2-S",LRT,5,0.30538
51025,2,4,0.00117,0.083409,0.00065,0.0,218225.3744,632232.9224,"LRT11, LRT12, LRT21, LRT22",LRT,5,0.305042
525209,2,2,0.010644,0.095588,0.000635,0.0,187009.8049,647192.0644,"East-N, East-S",LRT,5,0.305012
525076,3,2,0.005173,0.115324,0.000676,0.0,182179.8734,654286.9695,"BluRT1, BluRT2",BRT,4,0.304997
515022,4,2,0.009215,0.115699,0.000481,1e-06,179801.8133,652688.481,"BRT1-1, BRT1-2",BRT,4,0.304908
36708,5,3,0.001767,0.059739,0.00098,1e-06,202236.9368,742523.8234,"m0810a, m0910a, m0920a",BRT,4,0.304881
525321,4,2,0.004428,0.098233,0.000748,0.0,181943.3541,674529.2103,"Hz-KS1, Hz-KS2",BRT,4,0.304644
512056,2,2,0.006852,0.096733,0.000666,0.0,181476.4993,673270.4684,"Grn2-N, Grn2-S",LRT,5,0.304629
525581,3,4,0.012016,0.086741,0.000675,0.0,191952.6916,667239.0636,"RG-RH1, RG-RH2, RH-RG1, RH-RG2",BRT,4,0.304588
51015,2,4,0.0006,0.082587,0.000663,0.0,219743.7859,628858.3081,"LRT31, LRT32, LRT71, LRT72",LRT,5,0.304584
515008,4,2,0.004315,0.105108,0.000666,0.0,184061.4,652539.6259,"BRT1-1, BRT1-2",BRT,4,0.304545
34063,5,2,0.017614,0.066174,0.000475,0.0,214478.5089,747546.7572,"lrt05, lrt06",LRT,5,0.304312
512040,2,2,0.006667,0.096428,0.000667,0.0,181602.0657,673651.0743,"Grn2-N, Grn2-S",LRT,5,0.304141
511006,2,2,0.007576,0.101847,0.00059,0.0,186613.694,666658.156,"Red-N, Red-S",LRT,5,0.304074
36187,5,5,0.000582,0.069009,0.000579,0.010769,200563.9498,746780.7944,"m0120a, m0220a, m0610a, m0720a, m0910a",BRT,4,0.304065
512003,2,2,0.002341,0.10175,0.000655,0.0,183988.0251,668284.1754,"Grn1-N, Grn1-S",LRT,5,0.303787
512043,2,2,0.009627,0.10229,0.000554,0.0,180317.261,670202.422,"Grn2-N, Grn2-S",LRT,5,0.303584
525458,2,2,0.000774,0.106212,0.00062,0.0,175322.9441,655921.6532,"ART2-1, ART2-2",LRT,5,0.303569
513030,2,2,0.002716,0.111376,0.000533,0.0,185642.258,663347.884,"Mgt1-E, Mgt1-W",LRT,5,0.30347
282738,4,2,0.0253,0.054423,0.000644,0.0,160751.6997,620324.3423,"Orange_N, Orange_S",LRT,5,0.303179
515021,3,2,1e-06,0.115912,0.000717,0.0,180670.2956,652473.551,"BRT1-1, BRT1-2",BRT,4,0.303119
511002,2,2,0.005362,0.095236,0.000688,0.0,189158.707,666825.164,"Red-N, Red-S",LRT,5,0.303104
511237,2,4,0.005516,0.066574,0.000774,0.0,188034.4964,690827.3789,"LRT141, LRT142, LRT151, LRT152","BRT, LRT",5,0.302849
511239,2,4,0.006899,0.068094,0.000738,0.0,187981.4771,689738.2506,"LRT141, LRT142, LRT151, LRT152","BRT, LRT",5,0.302792
525045,4,2,0.00134,0.106829,0.000667,1e-06,181562.9348,646631.6706,"BluRT1, BluRT2",BRT,4,0.302773
512064,2,2,0.000774,0.099898,0.000688,0.0,185202.4893,669104.4795,"Grn1-N, Grn1-S",LRT,5,0.302769
51193,2,4,0.000491,0.081821,0.000654,0.0,222176.8058,633684.822,"LRT41, LRT42, LRT71, LRT72",LRT,5,0.302641
512166,3,4,0.00386,0.048986,0.000863,0.0,157175.6518,616506.9097,"Orange_N, Orange_S, RedN, RedS",LRT,5,0.302416
516003,2,2,0.000774,0.104853,0.00062,0.0,176286.0623,654561.8821,"ART1-1, ART1-2",LRT,5,0.301894
36010,5,3,0.003282,0.065237,0.000856,0.00215,202108.8463,744410.3541,"m0810a, m0910a, m0920a",BRT,4,0.301808
525081,3,2,0.003951,0.113229,0.000684,0.0,182634.9917,655668.3309,"BluRT1, BluRT2",BRT,4,0.301632
51013,3,3,0.000306,0.081232,0.000641,0.0,221605.1938,632620.9821,"LRT10, LRT11, LRT12",LRT,5,0.301594
525582,3,4,0.011281,0.084445,0.000682,0.0,192621.0301,667616.4946,"RG-RH1, RG-RH2, RH-RG1, RH-RG2",BRT,4,0.301573
525586,3,4,0.0084,0.075309,0.000828,0.0,195756.852,668397.89,"RG-RH1, RG-RH2, RH-RG1, RH-RG2",BRT,4,0.301545
511238,2,4,0.006206,0.067237,0.000743,0.0,188003.8049,690345.295,"LRT141, LRT142, LRT151, LRT152","BRT, LRT",5,0.301319
34032,2,6,0.012363,0.033209,0.000816,0.0,229561.5225,734144.242,"lrt01, lrt02, lrt03, lrt04, lrt05, lrt06",LRT,5,0.301033
51132,2,4,8.4e-05,0.076296,0.000709,0.0,217620.3003,632770.0367,"LRT31, LRT32, LRT51, LRT52",LRT,5,0.300961
51026,2,4,0.001081,0.079631,0.000655,0.0,217926.556,631990.1863,"LRT11, LRT12, LRT21, LRT22",LRT,5,0.300786
512268,2,2,0.001801,0.093802,0.000725,0.0,175420.1138,640217.7429,"Turquoise_N, Turquoise_S",LRT,5,0.300496
512237,3,1,0.005362,0.09564,0.000642,0.0,175763.3131,642129.8639,Light-Blue_S,LRT,5,0.300124
512270,3,2,0.008568,0.077007,0.000697,0.0,168253.0805,636500.776,"RedN, RedS",LRT,5,0.300109
36648,7,2,0.00148,0.065863,0.000708,0.000424,200133.0407,746504.1571,"m0310a, m0510a",BRT,4,0.299734
515048,3,2,0.002153,0.102597,0.000815,0.0,185094.9941,651876.3866,"BRT2-1, BRT2-2",BRT,4,0.299658
500071,3,4,0.023881,0.050272,0.00091,0.0,164622.9547,619321.0596,"BRT_Blue_E, BRT_Blue_W, BRT_Pink_E, BRT_Pink_W",BRT,4,0.299573
34064,4,2,0.017078,0.065563,0.000576,0.0,214557.3893,747797.4819,"lrt05, lrt06",LRT,5,0.299054
511209,2,4,0.007747,0.064178,0.000736,0.0,186615.2424,691688.3765,"LRT121, LRT122, LRT151, LRT152",LRT,5,0.298943
34026,2,6,0.014175,0.040567,0.000681,0.0,226850.9578,737063.7153,"lrt01, lrt02, lrt03, lrt04, lrt05, lrt06",LRT,5,0.298602
512249,3,1,0.001541,0.091681,0.00072,0.0,174862.3358,643046.4426,Light-Blue_S,LRT,5,0.2983
512238,3,1,0.00307,0.094444,0.000667,0.0,175520.4891,642438.3487,Light-Blue_S,LRT,5,0.298196
512061,2,2,0.002632,0.102443,0.000588,0.0,183472.6395,668188.2096,"Grn1-N, Grn1-S",LRT,5,0.298119
525205,2,2,0.01193,0.101933,0.000474,0.0,188446.6806,669378.4672,"East-N, East-S",LRT,5,0.297926
512240,3,1,0.002312,0.093088,0.000688,0.0,175107.2003,642630.0976,Light-Blue_S,LRT,5,0.297689
512044,2,2,0.010181,0.104072,0.000464,0.0,180151.9268,669541.1182,"Grn2-N, Grn2-S",LRT,5,0.297288
512193,3,2,0.008754,0.07624,0.000676,0.0,167003.1484,635067.1655,"RedN, RedS",LRT,5,0.297171
36156,3,4,0.00297,0.057417,0.001065,0.0,204814.4885,741891.1676,"m0510a, m0520a, m0610a, m0620a",BRT,4,0.296764
525572,2,4,0.000774,0.101942,0.000699,0.0,186576.4978,667273.339,"RG-RH1, RG-RH2, RH-RG1, RH-RG2",BRT,4,0.296719
51027,2,4,0.00102,0.076344,0.000655,0.0,217608.2954,631580.6006,"LRT11, LRT12, LRT21, LRT22",LRT,5,0.296665
511007,2,2,0.008275,0.102609,0.000499,0.0,186380.707,666685.164,"Red-N, Red-S",LRT,5,0.29655
525585,3,4,0.009043,0.076676,0.000754,0.0,195201.8322,668528.7868,"RG-RH1, RG-RH2, RH-RG1, RH-RG2",BRT,4,0.296436
525089,2,2,0.001526,0.115606,0.000771,0.0,182292.5537,658231.8317,"BluRT1, BluRT2",BRT,4,0.296055
525583,3,4,0.010535,0.079719,0.000693,0.0,194237.5219,668178.2643,"RG-RH1, RG-RH2, RH-RG1, RH-RG2",BRT,4,0.295857
511099,2,2,0.011283,0.096815,0.000521,0.0,176067.9026,641648.4249,"L2-N, L2-S",LRT,5,0.295672
512036,2,2,0.002574,0.112552,0.000445,0.0,178635.346,654519.82,"Grn1-N, Grn1-S",LRT,5,0.29565
525584,3,4,0.009789,0.078172,0.000717,0.0,194611.4075,668648.3355,"RG-RH1, RG-RH2, RH-RG1, RH-RG2",BRT,4,0.295427
511208,2,4,0.00704,0.063722,0.000716,0.0,186690.6573,692034.1755,"LRT121, LRT122, LRT151, LRT152",LRT,5,0.295295
51187,3,2,0.000926,0.095415,0.000527,0.0,220905.1014,633679.6936,"LRT61, LRT62",LRT,5,0.295157
36158,3,4,0.003291,0.05913,0.001023,4e-06,204397.845,742231.7909,"m0510a, m0520a, m0610a, m0620a",BRT,4,0.295011
34031,2,6,0.012627,0.033584,0.000748,0.0,230070.5024,733947.1879,"lrt01, lrt02, lrt03, lrt04, lrt05, lrt06",LRT,5,0.294873
36046,4,4,0.001468,0.055538,0.000947,0.000611,196816.9745,745026.6512,"m0110a, m0620a, m0710a, m0720a",BRT,4,0.294834
525200,3,2,0.000918,0.112385,0.000666,0.0,181490.36,650980.8364,"BluRT1, BluRT2",BRT,4,0.294743
525208,2,2,0.010928,0.096754,0.000516,0.0,187766.5931,647838.8406,"East-N, East-S",LRT,5,0.294551
36738,5,3,0.000776,0.059673,0.000892,1e-06,202909.7984,742403.9488,"m0810a, m0910a, m0920a",BRT,4,0.294419
51028,2,4,0.000993,0.074446,0.000653,0.0,217285.1545,630909.0808,"LRT11, LRT12, LRT21, LRT22",LRT,5,0.294027
525054,3,2,0.002162,0.110388,0.000666,0.0,181150.5313,648556.106,"BluRT1, BluRT2",BRT,4,0.293912
525248,3,2,0.003263,0.109949,0.000656,0.0,182634.2606,662908.7932,"Yelw-N, Yelw-S",BRT,4,0.293749
511207,2,4,0.006404,0.063455,0.000712,0.0,186740.4403,692282.2598,"LRT121, LRT122, LRT151, LRT152",LRT,5,0.293745
525059,3,2,0.000585,0.111867,0.000666,0.0,181461.1608,650779.8747,"BluRT1, BluRT2",BRT,4,0.293652
34027,2,6,0.013921,0.037126,0.000678,0.0,230709.3592,737105.8772,"lrt01, lrt02, lrt03, lrt04, lrt05, lrt06",LRT,5,0.293646
525246,3,2,0.003185,0.109354,0.000662,0.0,183105.2001,664726.8626,"Yelw-N, Yelw-S",BRT,4,0.293582
512267,2,2,0.000774,0.091924,0.000691,0.0,174937.0562,639596.6151,"Turquoise_N, Turquoise_S",LRT,5,0.293266
511049,4,2,0.000667,0.070317,0.000673,0.0,168251.6029,631890.6357,"L1-N, L1-S",LRT,5,0.293239
467208,3,6,0.000236,0.020231,0.000909,0.0,180536.9326,572700.3871,"4.2_LRT_BRS-Shoket, 4.2_LRT_Shoket-BRS, 4.4_Bee'rSheva-Rahat_Main, 4.4_Rahat-Bee'rSheva_Main, 4.5_Bee'rSheva-Rahat, 4.5_Rahat-Bee'rSheva",LRT,5,0.292945
36168,3,4,0.005489,0.065114,0.000872,0.007271,203221.2047,743452.4417,"m0510a, m0520a, m0610a, m0620a",BRT,4,0.292919
515013,3,2,0.004382,0.107118,0.000667,0.0,183796.9724,652018.9423,"BRT1-1, BRT1-2",BRT,4,0.292918
511119,2,4,0.001546,0.059032,0.000817,0.0,186832.3142,695416.5833,"LRT121, LRT122, LRT151, LRT152",LRT,5,0.292708
525515,3,2,0.006778,0.091734,0.000818,0.0,190378.5453,667136.1308,"BRT-1, BRT-2",BRT,4,0.292694
525201,3,2,0.000225,0.111443,0.000666,0.0,181432.4474,650612.9576,"BluRT1, BluRT2",BRT,4,0.29265
36421,3,4,0.002663,0.068135,0.000862,0.008936,200513.931,745910.936,"m0320a, m0520a, m0810a, m0820a",BRT,4,0.292622
525318,4,2,0.003881,0.094633,0.000681,0.0,183123.6335,674514.3374,"Hz-KS1, Hz-KS2",BRT,4,0.292554
511055,3,2,0.001308,0.096029,0.000485,0.0,175737.7894,640972.9208,"L2-N, L2-S",LRT,5,0.292095
34030,2,6,0.012889,0.03393,0.000714,0.0,230519.7442,734154.7924,"lrt01, lrt02, lrt03, lrt04, lrt05, lrt06",LRT,5,0.292053
51127,2,4,0.00097,0.07354,0.000644,0.0,216913.0475,630681.5625,"LRT11, LRT12, LRT21, LRT22",LRT,5,0.291969
51036,2,4,1e-06,0.066973,0.000734,0.0,222826.9616,633763.1543,"LRT41, LRT42, LRT71, LRT72",LRT,5,0.29187
525056,3,2,0.000412,0.11043,0.000666,0.0,181279.1757,649376.9131,"BluRT1, BluRT2",BRT,4,0.291646
515014,3,2,6.1e-05,0.110417,0.000671,0.0,182898.9629,652303.9991,"BRT1-1, BRT1-2",BRT,4,0.291644
511155,2,2,0.006399,0.08336,0.000704,0.0,192304.8551,678512.3099,"LRT141, LRT142","BRT, LRT",5,0.291541
34044,2,6,0.013666,0.035655,0.000678,0.0,232031.6238,735791.7833,"lrt01, lrt02, lrt03, lrt04, lrt05, lrt06",LRT,5,0.291484
282739,3,2,0.028007,0.055174,0.000625,0.0,161478.4162,620633.2327,"Orange_N, Orange_S",LRT,5,0.291373
511094,3,2,0.00133,0.071375,0.00077,0.0,167535.6171,632316.369,"L1-N, L1-S",LRT,5,0.291137
525204,2,2,0.011485,0.096575,0.000477,0.0,190456.8504,671050.6155,"East-N, East-S",LRT,5,0.291115
511125,2,4,0.006141,0.062423,0.000702,0.0,186980.7631,693177.9738,"LRT121, LRT122, LRT151, LRT152",LRT,5,0.291089
512231,4,1,0.002012,0.094503,0.00047,0.0,175879.4264,641011.8885,Light-Blue_S,LRT,5,0.290902
513029,2,2,0.002966,0.112384,0.000395,0.0,185580.1938,662616.4412,"Mgt1-E, Mgt1-W",LRT,5,0.290851
34028,2,6,0.013409,0.034932,0.000683,0.0,231712.9474,734880.0979,"lrt01, lrt02, lrt03, lrt04, lrt05, lrt06",LRT,5,0.290806
282737,3,2,0.026636,0.054829,0.00064,0.0,161180.4936,620418.8534,"Orange_N, Orange_S",LRT,5,0.290749
515074,3,2,0.001968,0.105136,0.000699,0.0,185255.6308,652704.1096,"BRT2-1, BRT2-2",BRT,4,0.290517
34029,2,6,0.01315,0.034161,0.000692,0.0,230806.8198,734313.8407,"lrt01, lrt02, lrt03, lrt04, lrt05, lrt06",LRT,5,0.290484
51125,2,4,0.000726,0.060749,0.000784,0.0,217967.3383,626496.4142,"LRT41, LRT42, LRT61, LRT62",LRT,5,0.290404
525244,3,2,0.003091,0.106838,0.000662,0.0,183453.2338,666598.9138,"Yelw-N, Yelw-S",BRT,4,0.290357
515083,2,4,0.000358,0.093567,0.000742,0.0,188943.1265,648981.5983,"BRT1-1, BRT1-2, BRT2-1, BRT2-2",BRT,4,0.29029
525322,3,2,0.000365,0.096774,0.000816,0.0,181576.5133,674642.1474,"Hz-KS1, Hz-KS2",BRT,4,0.290181
51128,2,4,0.00095,0.07286,0.000629,0.0,216611.4224,630483.8463,"LRT11, LRT12, LRT21, LRT22",LRT,5,0.289556
522016,1,2,0.0,0.092782,0.000446,0.0,191993.2278,666628.334,"Me02-E, Me02-W",Metro,6,0.289398
512149,2,4,0.005373,0.049888,0.000844,0.0,157942.2802,617240.3797,"Orange_N, Orange_S, RedN, RedS",LRT,5,0.289319
522017,2,1,0.0,0.09312,0.000427,0.0,191189.5004,668548.9086,Me02-W,Metro,6,0.289187
515802,2,4,0.000682,0.093314,0.000729,0.0,190221.62,651306.2396,"BRT1-1, BRT1-2, BRT2-1, BRT2-2",BRT,4,0.289012
515075,3,2,0.0,0.108176,0.000669,0.0,183442.9602,652150.8151,"BRT1-1, BRT1-2",BRT,4,0.288582
467202,3,6,0.000229,0.020286,0.000863,0.0,180756.0066,574064.8193,"4.2_LRT_BRS-Shoket, 4.2_LRT_Shoket-BRS, 4.4_Bee'rSheva-Rahat_Main, 4.4_Rahat-Bee'rSheva_Main, 4.5_Bee'rSheva-Rahat, 4.5_Rahat-Bee'rSheva",LRT,5,0.288236
511264,3,2,0.01134,0.071538,0.000612,0.0,190516.4147,687589.5741,"LRT-L1, LRT-L2",LRT,5,0.288202
511124,2,4,0.00538,0.06179,0.000691,0.0,187026.6515,693660.3917,"LRT121, LRT122, LRT151, LRT152",LRT,5,0.288164
525020,3,2,0.002028,0.098808,0.000748,0.0,182841.864,643480.8189,"BluRT1, BluRT2",BRT,4,0.287896
34033,2,6,0.012097,0.032627,0.000699,0.0,229062.0926,733439.2981,"lrt01, lrt02, lrt03, lrt04, lrt05, lrt06",LRT,5,0.287896
525212,4,1,0.011475,0.097155,0.000287,0.0,182872.3466,641934.3409,East-N,LRT,5,0.28776
512067,2,2,0.006867,0.096759,0.000501,0.0,181805.6399,674075.699,"Grn2-N, Grn2-S",LRT,5,0.287715
511120,2,4,0.002316,0.059577,0.00075,0.0,186577.2883,695042.878,"LRT121, LRT122, LRT151, LRT152",LRT,5,0.287454
51146,2,4,0.000318,0.068504,0.000668,0.0,220094.2321,627204.4842,"LRT61, LRT62, LRT81, LRT82",LRT,5,0.287424
36654,5,4,0.002126,0.061522,0.000658,0.00014,198418.4068,748369.7996,"m0110a, m0120a, m0620a, m0710a",BRT,4,0.287379
525074,2,2,0.003928,0.114288,0.000672,0.0,181952.3679,653491.8926,"BluRT1, BluRT2",BRT,4,0.287324
36652,6,3,2.3e-05,0.06,0.000687,1e-06,208962.6191,751521.5619,"m0110a, m0120a, m0410a",BRT,4,0.286977
51005,2,4,0.000954,0.063983,0.000709,0.0,221790.1412,636334.4803,"LRT11, LRT12, LRT51, LRT52",LRT,5,0.286861
515081,2,4,0.000704,0.093343,0.000703,0.0,190100.1045,650792.4588,"BRT1-1, BRT1-2, BRT2-1, BRT2-2",BRT,4,0.286486
515038,2,4,0.000795,0.093728,0.000697,0.0,189673.983,650107.7694,"BRT1-1, BRT1-2, BRT2-1, BRT2-2",BRT,4,0.286428
521080,2,2,0.0,0.091481,0.000294,0.0,188679.0952,652736.7345,"M1-LOD-KS, Yelw-N","BRT, Metro",6,0.286421
500237,4,4,0.018813,0.039503,0.000837,0.0,177037.9574,615141.3485,"BRT_Blue_E, BRT_Blue_W, BRT_Pink_E, BRT_Pink_W",BRT,4,0.286396
511123,2,4,0.004616,0.061145,0.000691,0.0,187088.1613,694159.7273,"LRT121, LRT122, LRT151, LRT152",LRT,5,0.286332
525069,2,2,0.003778,0.113718,0.000669,0.0,181722.0678,653014.474,"BluRT1, BluRT2",BRT,4,0.286165
525493,3,1,0.014314,0.096547,0.000726,0.0,182602.7611,641671.7262,RH-GY1,BRT,4,0.286072
512241,2,1,0.000773,0.09009,0.000767,0.0,174987.1961,643596.6565,Light-Blue_S,LRT,5,0.285878
511121,2,4,0.003085,0.060182,0.000716,0.0,186444.444,694567.139,"LRT121, LRT122, LRT151, LRT152",LRT,5,0.285754
512165,2,4,0.004613,0.049507,0.000823,0.0,157537.7037,617028.7451,"Orange_N, Orange_S, RedN, RedS",LRT,5,0.285677
511122,2,4,0.003851,0.060696,0.000696,0.0,186762.9014,694304.4952,"LRT121, LRT122, LRT151, LRT152",LRT,5,0.285363
512230,3,1,0.001308,0.094738,0.000559,0.0,175694.2805,641443.8397,Light-Blue_S,LRT,5,0.285084
511187,3,2,0.00648,0.069922,0.000663,0.0,190518.4048,687839.3584,"LRT151, LRT152",LRT,5,0.285076
525032,3,2,0.001539,0.1023,0.000681,0.0,182369.9365,644705.2679,"BluRT1, BluRT2",BRT,4,0.28463
511037,3,2,0.0,0.106702,0.000298,0.0,177182.782,655287.0318,"Red-N, Red2-N",LRT,5,0.284228
525084,2,2,0.001932,0.111561,0.000699,0.0,183324.8563,656542.3096,"BluRT1, BluRT2",BRT,4,0.284115
511035,4,1,0.00113,0.104067,0.000298,1e-06,181498.3442,646303.6858,L1-S,LRT,5,0.283703
515006,3,2,0.001291,0.09923,0.000711,0.0,185202.4174,650741.536,"BRT2-1, BRT2-2",BRT,4,0.28363
525234,3,2,0.002044,0.102891,0.000656,0.0,182748.8467,668202.1776,"Yelw-N, Yelw-S",BRT,4,0.283448
511256,2,1,0.001179,0.097957,0.000297,0.0,181165.4739,674631.7671,Me03-R,Metro,6,0.283338
511109,3,2,0.002825,0.069398,0.000699,0.0,168036.0183,631577.2751,"L2-N, L2-S",LRT,5,0.283294
511169,3,2,0.002417,0.087429,0.000487,0.0,189322.2617,678333.1823,"LRT151, LRT152",LRT,5,0.283149
525561,4,2,0.003426,0.088555,0.000667,0.0,189763.2835,677617.2489,"Hz-KS1, Hz-KS2",BRT,4,0.282974
511071,3,2,0.00199,0.071996,0.000674,0.0,167123.2436,632559.0114,"L1-N, L1-S",LRT,5,0.28287
525030,3,2,0.000717,0.100761,0.000691,0.0,182456.7945,644357.21,"BluRT1, BluRT2",BRT,4,0.282699
51133,2,4,3.9e-05,0.074817,0.000551,0.0,217268.5096,632730.9842,"LRT31, LRT32, LRT51, LRT52",LRT,5,0.282684
525514,3,2,0.006046,0.089808,0.000753,0.0,190956.4723,667121.7632,"BRT-1, BRT-2",BRT,4,0.282609
51123,2,4,0.000609,0.058457,0.000738,0.0,217677.8958,626657.3393,"LRT41, LRT42, LRT61, LRT62",LRT,5,0.282575
36015,4,3,0.00126,0.069893,0.000683,0.024343,201327.4709,744877.836,"m0810a, m0910a, m0920a",BRT,4,0.28242
36641,4,3,0.000673,0.052807,0.00099,0.0,205772.5396,740614.067,"m0510a, m0520a, m0620a",BRT,4,0.281612
36053,4,3,0.001949,0.059394,0.000892,0.0,201757.8601,742814.9516,"m0810a, m0910a, m0920a",BRT,4,0.281298
511153,2,2,0.005664,0.07696,0.000688,0.0,194199.7766,680813.9975,"LRT141, LRT142","BRT, LRT",5,0.280937
521072,2,1,0.014234,0.110316,0.000305,0.0,186003.0151,659295.532,East-N,LRT,5,0.280907
525062,2,2,0.000839,0.112702,0.000667,0.0,181500.5321,651876.7862,"BluRT1, BluRT2",BRT,4,0.280808
511053,3,2,4e-06,0.089155,0.000474,0.0,175034.6407,644058.951,"L2-N, L2-S",LRT,5,0.280727
34054,4,2,0.00205,0.059924,0.000658,1e-06,209180.0556,751532.6503,"lrt07, lrt08",LRT,5,0.280713
51196,2,4,0.000125,0.072017,0.00056,0.0,222680.9901,634247.2956,"LRT41, LRT42, LRT71, LRT72",LRT,5,0.280322
36141,3,4,0.004728,0.060895,0.00084,1e-06,209229.095,751235.658,"m0110a, m0120a, m0410a, m0820a",BRT,4,0.280221
515005,3,2,0.001208,0.098133,0.000688,0.0,185203.5523,650370.7196,"BRT2-1, BRT2-2",BRT,4,0.279766
525337,2,2,0.009169,0.090308,0.000816,0.0,191275.3546,664711.8438,"BBEld1, BBEld2",BRT,4,0.2796
51115,3,4,0.000125,0.0535,0.000636,1e-06,214412.1176,630165.8881,"LRT11, LRT12, LRT81, LRT82",LRT,5,0.279585
525313,3,2,0.006112,0.094136,0.000667,0.0,185405.0882,674996.0861,"Hz-KS1, Hz-KS2",BRT,4,0.279137
525061,2,2,0.000624,0.111584,0.000667,0.0,181547.7993,651319.3156,"BluRT1, BluRT2",BRT,4,0.279102
512089,3,2,0.018548,0.053692,0.000643,0.0,159971.544,620507.5997,"Orange_N, Orange_S",LRT,5,0.27893
515027,2,2,0.0,0.111392,0.000675,0.0,182416.6575,652252.8062,"BRT1-1, BRT1-2",BRT,4,0.278908
511118,2,4,0.000774,0.058424,0.000699,0.0,187298.3815,695632.3385,"LRT121, LRT122, LRT151, LRT152",LRT,5,0.278811
514033,3,2,0.002724,0.10196,0.000608,0.0,183649.094,670171.92,"Yelw-N, Yelw-S",BRT,4,0.278196
511108,2,2,0.001404,0.068556,0.000815,0.0,167562.5072,631801.3372,"L2-N, L2-S",LRT,5,0.278121
523028,1,1,0.0,0.106303,0.000298,0.0,175288.7556,656846.7334,Me03-L,Metro,6,0.277866
525323,3,2,0.000775,0.096087,0.000699,0.0,181119.7194,674478.43,"Hz-KS1, Hz-KS2",BRT,4,0.277812
18300,4,3,0.001332,0.05402,0.00093,0.0,205518.8141,740975.1256,"m0510a, m0520a, m0620a",BRT,4,0.277782
500046,3,4,0.016645,0.038402,0.000932,0.0,178068.3307,613792.7108,"BRT_Blue_E, BRT_Blue_W, BRT_Pink_E, BRT_Pink_W",BRT,4,0.277679
525051,2,2,0.001823,0.109136,0.000666,0.0,181076.5061,648025.6571,"BluRT1, BluRT2",BRT,4,0.277637
525019,2,2,0.0012,0.097269,0.000816,0.0,182983.418,643102.6386,"BluRT1, BluRT2",BRT,4,0.277609
525247,2,2,0.002593,0.10875,0.00066,0.0,182768.4829,663638.1781,"Yelw-N, Yelw-S",BRT,4,0.277562
51122,2,4,0.000491,0.055906,0.00072,0.0,217321.7928,626827.049,"LRT41, LRT42, LRT61, LRT62",LRT,5,0.27751
1027,5,4,0.000541,0.056207,0.000646,2.4e-05,196604.8908,747931.2037,"R327-1, R327-2, R328-1, R328-2",BRT,4,0.277425
51121,2,4,0.000125,0.051233,0.000778,0.0,217307.4512,627200.1749,"LRT41, LRT42, LRT61, LRT62",LRT,5,0.277231
512108,2,1,0.001555,0.095116,0.000611,0.0,175802.1074,641812.4229,Light-Blue_S,LRT,5,0.277038
525017,3,2,0.000568,0.095668,0.000699,0.0,183059.3005,642616.6148,"BluRT1, BluRT2",BRT,4,0.277022
51004,2,4,0.000841,0.057296,0.000691,0.0,222754.3023,636285.716,"LRT11, LRT12, LRT51, LRT52",LRT,5,0.276653
36177,6,3,4.2e-05,0.056703,0.000626,3e-05,196664.7614,748021.7426,"m0110a, m0120a, m0710a",BRT,4,0.276584
525049,2,2,0.001577,0.108498,0.000667,0.0,181114.9634,647632.886,"BluRT1, BluRT2",BRT,4,0.276553
51012,2,3,0.000259,0.077503,0.00058,0.0,221528.1936,633366.9097,"LRT10, LRT11, LRT12",LRT,5,0.276391
511230,2,2,0.001546,0.066124,0.000824,0.0,186120.459,687250.0358,"LRT141, LRT142","BRT, LRT",5,0.276242
51124,2,4,0.000371,0.055189,0.000717,0.0,217218.2379,626775.2895,"LRT41, LRT42, LRT61, LRT62",LRT,5,0.276159
525245,2,2,0.002213,0.107553,0.000663,0.0,183365.255,665706.1814,"Yelw-N, Yelw-S",BRT,4,0.27587
51038,2,4,0.0,0.068423,0.00056,0.0,223155.955,633358.5783,"LRT41, LRT42, LRT71, LRT72",LRT,5,0.275725
511152,2,2,0.004961,0.074173,0.000678,0.0,195372.2991,681849.7469,"LRT141, LRT142","BRT, LRT",5,0.2756
511093,3,2,0.002647,0.072666,0.000585,0.0,166670.9978,632815.1981,"L1-N, L1-S",LRT,5,0.27537
515007,2,2,0.001505,0.100851,0.000747,0.0,185154.9356,651412.2333,"BRT2-1, BRT2-2",BRT,4,0.275341
51203,2,4,0.000249,0.05267,0.000738,0.0,217052.2547,627166.7199,"LRT41, LRT42, LRT61, LRT62",LRT,5,0.275004
525243,2,2,0.000932,0.109444,0.000648,0.0,182541.1077,661350.4126,"Yelw-N, Yelw-S",BRT,4,0.274936
515073,3,2,0.001112,0.096079,0.000663,0.0,185261.883,649275.7955,"BRT2-1, BRT2-2",BRT,4,0.27449
525513,3,2,0.005315,0.0867,0.000721,0.0,191930.9602,667246.2421,"BRT-1, BRT-2",BRT,4,0.274475
525242,2,2,0.000979,0.110223,0.000633,0.0,181678.0259,659536.742,"Yelw-N, Yelw-S",BRT,4,0.274423
525516,3,2,2.7e-05,0.093531,0.000701,0.0,189917.9864,666825.7971,"BRT-1, BRT-2",BRT,4,0.273845
525241,2,2,0.001284,0.111283,0.000607,0.0,181056.2507,658922.5745,"Yelw-N, Yelw-S",BRT,4,0.273402
36133,3,4,0.002928,0.065011,0.000747,3e-06,208739.319,749798.555,"m0110a, m0120a, m0410a, m0820a",BRT,4,0.273282
36023,5,2,7.2e-05,0.067233,0.0006,0.029793,201563.8635,744797.3272,"m0910a, m0920a",BRT,4,0.272714
500047,3,4,0.017348,0.038666,0.000871,0.0,178028.6182,614225.9304,"BRT_Blue_E, BRT_Blue_W, BRT_Pink_E, BRT_Pink_W",BRT,4,0.27265
515068,2,2,0.003558,0.103267,0.000666,0.0,183853.2966,652883.3801,"BRT1-1, BRT1-2",BRT,4,0.27262
467205,2,6,0.000221,0.01996,0.000853,0.0,180744.5651,573207.4419,"4.2_LRT_BRS-Shoket, 4.2_LRT_Shoket-BRS, 4.4_Bee'rSheva-Rahat_Main, 4.4_Rahat-Bee'rSheva_Main, 4.5_Bee'rSheva-Rahat, 4.5_Rahat-Bee'rSheva",LRT,5,0.272489
515019,3,2,0.001557,0.094109,0.000661,0.0,190061.7636,652533.2935,"BRT1-1, BRT1-2",BRT,4,0.272462
36862,4,2,0.015664,0.064799,0.000691,0.0,214620.7809,747779.2127,"brt011, brt012",BRT,4,0.272383
51177,2,2,0.000609,0.08316,0.000595,0.0,220253.4452,634130.6611,"LRT61, LRT62",LRT,5,0.272317
512160,2,1,0.001131,0.103396,0.000471,0.0,181161.4008,645718.398,Light-Blue_S,LRT,5,0.272235
36157,4,3,0.001987,0.055293,0.000852,0.0,205254.4431,741334.6615,"m0510a, m0520a, m0620a",BRT,4,0.272211
511038,2,2,0.003283,0.106627,0.000279,0.0,187197.1079,668208.1821,"Red2-S, Shut-S",LRT,5,0.272196
51003,2,4,0.000726,0.054255,0.000685,0.0,222595.5114,636770.0943,"LRT11, LRT12, LRT51, LRT52",LRT,5,0.272107
525038,2,2,0.001334,0.104729,0.000671,0.0,182145.557,645482.0427,"BluRT1, BluRT2",BRT,4,0.272023
512151,2,1,0.00077,0.102268,0.000483,0.0,181259.2131,645061.1818,Light-Blue_S,LRT,5,0.271565
36739,3,3,0.001679,0.059963,0.000931,0.0,202559.0216,742280.5464,"m0810a, m0910a, m0920a",BRT,4,0.271365
500042,3,4,0.009937,0.037565,0.000967,0.0,178796.6593,612636.6223,"BRT_Blue_E, BRT_Blue_W, BRT_Pink_E, BRT_Pink_W",BRT,4,0.271361
51134,3,2,0.00072,0.078271,0.000503,0.0,220842.9603,628657.5158,"LRT61, LRT62",LRT,5,0.271212
500063,3,4,0.02027,0.041608,0.000785,0.0,174601.4327,617161.2023,"BRT_Blue_E, BRT_Blue_W, BRT_Pink_E, BRT_Pink_W",BRT,4,0.271197
525338,2,2,0.009921,0.092331,0.000699,0.0,191539.4518,665228.4806,"BBEld1, BBEld2",BRT,4,0.270994
511167,2,2,0.0,0.089829,0.000508,0.0,189786.713,676843.0795,"LRT151, LRT152",LRT,5,0.270819
525233,2,2,0.001965,0.103903,0.00066,0.0,183005.3959,667469.7826,"Yelw-N, Yelw-S",BRT,4,0.270764
1026,5,4,0.000777,0.0573,0.000564,2.8e-05,196928.603,748262.2856,"R327-1, R327-2, R328-1, R328-2",BRT,4,0.270648
512053,2,1,0.002309,0.115318,0.000298,0.0,182486.71,655570.159,Grn2-N,LRT,5,0.270573
500031,3,4,0.006907,0.037182,0.001,0.0,179296.6453,612239.281,"BRT_Blue_E, BRT_Blue_W, BRT_Pink_E, BRT_Pink_W",BRT,4,0.270321
51178,2,2,0.000491,0.077693,0.00064,0.0,219827.3462,634166.8661,"LRT61, LRT62",LRT,5,0.27012
511229,2,2,0.002316,0.066653,0.000748,0.0,186334.5722,686971.8512,"LRT141, LRT142","BRT, LRT",5,0.270045
500070,2,4,0.023162,0.046791,0.000809,0.0,168132.0977,618132.1295,"BRT_Blue_E, BRT_Blue_W, BRT_Pink_E, BRT_Pink_W",BRT,4,0.269674
11236,3,4,0.000337,0.05045,0.000918,0.0,206332.8752,739904.8174,"m0510a, m0520a, m0610a, m0620a",BRT,4,0.26953
51048,3,2,0.000554,0.08287,0.000434,0.0,219144.7879,629244.6249,"LRT81, LRT82",LRT,5,0.269522
36898,3,4,0.011303,0.038253,0.000922,0.0,225524.6513,752058.3538,"brt011, brt012, brt021, brt022",BRT,4,0.269402
511058,2,2,0.000644,0.067988,0.000747,0.0,167236.2224,631955.7329,"L2-N, L2-S",LRT,5,0.269397
525336,2,2,0.008414,0.08846,0.000749,0.0,191662.8229,664318.6503,"BBEld1, BBEld2",BRT,4,0.269348
525308,3,2,0.003619,0.088901,0.000666,0.0,186350.411,676527.1095,"Hz-KS1, Hz-KS2",BRT,4,0.26933
525320,2,2,0.00342,0.09675,0.000713,0.0,182329.1095,674300.7938,"Hz-KS1, Hz-KS2",BRT,4,0.269299
525034,2,2,0.00069,0.102948,0.000674,0.0,182294.1322,645044.247,"BluRT1, BluRT2",BRT,4,0.269267
51002,2,4,0.000609,0.05226,0.000682,0.0,222840.256,637035.3864,"LRT11, LRT12, LRT51, LRT52",LRT,5,0.269233
512284,2,4,0.000774,0.048428,0.000725,0.0,157143.603,615823.4253,"Orange_N, Orange_S, RedN, RedS",LRT,5,0.2691
467211,4,4,0.000522,0.020188,0.000788,0.0,180565.6727,572305.7775,"4.2_LRT_BRS-Shoket, 4.2_LRT_Shoket-BRS, 4.3_Ofakim-TelSheva, 4.3_TelSheva-Ofakim",LRT,5,0.269077
525512,3,2,0.004595,0.084303,0.000706,0.0,192632.9785,667636.4792,"BRT-1, BRT-2",BRT,4,0.269061
511217,2,2,0.012323,0.067868,0.000593,0.0,186389.9757,689071.3197,"LRT121, LRT122",LRT,5,0.268761
511188,2,2,0.005408,0.069505,0.00066,0.0,190051.4764,687903.1771,"LRT151, LRT152",LRT,5,0.268571
36022,3,3,5.2e-05,0.065947,0.000822,0.006901,201254.8703,744223.3737,"m0810a, m0910a, m0920a",BRT,4,0.268446
525295,3,2,0.004375,0.08698,0.000668,0.0,191251.8767,677103.3084,"Hz-KS1, Hz-KS2",BRT,4,0.26818
511219,2,2,0.01304,0.069023,0.000563,0.0,186635.6362,688327.7392,"LRT121, LRT122",LRT,5,0.267994
51201,2,4,0.000125,0.044191,0.000771,0.0,222589.8108,638366.8763,"LRT11, LRT12, LRT51, LRT52",LRT,5,0.267853
511263,2,2,0.004299,0.069037,0.000673,0.0,198764.1901,682144.5975,"LRT141, LRT142","BRT, LRT",5,0.267843
511189,2,2,0.005248,0.069397,0.000656,0.0,189995.8071,687590.2236,"LRT151, LRT152",LRT,5,0.267762
525025,2,2,7.5e-05,0.099049,0.000713,0.0,182600.3096,643899.166,"BluRT1, BluRT2",BRT,4,0.267715
511215,2,2,0.011625,0.067234,0.000599,0.0,186466.547,689513.6037,"LRT121, LRT122",LRT,5,0.267678
511228,2,2,0.003085,0.067345,0.000705,0.0,186691.275,686695.7129,"LRT141, LRT142","BRT, LRT",5,0.267499
51001,2,4,0.000491,0.050382,0.000689,0.0,222667.6785,637351.8944,"LRT11, LRT12, LRT51, LRT52",LRT,5,0.267456
521077,2,1,0.003763,0.082514,0.000294,0.0,193991.5292,675765.4979,M1-KS-LOD,Metro,6,0.267324
515067,2,2,0.002829,0.099614,0.000665,0.0,184596.5992,653295.265,"BRT1-1, BRT1-2",BRT,4,0.267035
36647,6,3,0.0,0.066022,0.000419,0.000394,200107.8199,746445.6889,"m0320a, m0520a, m0820a",BRT,4,0.266764
511190,2,2,0.005115,0.069281,0.000647,0.0,189815.1193,687221.9586,"LRT151, LRT152",LRT,5,0.266528
511177,2,2,0.005355,0.074275,0.000584,0.0,190751.185,684980.5162,"LRT151, LRT152",LRT,5,0.266511
511179,2,2,0.004031,0.070753,0.000641,0.0,192605.9958,685937.1267,"LRT151, LRT152",LRT,5,0.266305
525299,3,2,0.003124,0.086968,0.000666,0.0,189244.3117,678220.5894,"Hz-KS1, Hz-KS2",BRT,4,0.266301
511133,3,2,0.002006,0.061815,0.000633,0.0,193381.5963,692027.6401,"LRT141, LRT142","BRT, LRT",5,0.266098
525492,2,1,0.013867,0.094731,0.000698,0.0,182016.6989,641126.9538,RH-GY1,BRT,4,0.266083
511178,2,2,0.004656,0.071638,0.00062,0.0,192307.1711,685380.0182,"LRT151, LRT152",LRT,5,0.266071
525508,3,2,0.001617,0.075496,0.000818,0.0,195741.4363,668384.8437,"BRT-1, BRT-2",BRT,4,0.265853
511174,2,2,0.000695,0.083327,0.000528,0.0,189192.8671,680398.1843,"LRT151, LRT152",LRT,5,0.265727
511162,2,1,0.009869,0.090325,0.000452,0.0,190307.7888,676225.5681,LRT142,LRT,5,0.265678
511107,2,2,0.00054,0.06809,0.000711,0.0,166972.0899,631583.43,"L2-N, L2-S",LRT,5,0.265673
511197,2,2,0.006226,0.068699,0.000629,0.0,188362.1584,689188.0205,"LRT131, LRT132",LRT,5,0.26547
511180,2,2,0.003437,0.069785,0.000652,0.0,192956.6815,686599.8954,"LRT151, LRT152",LRT,5,0.265454
511132,3,2,0.00371,0.064844,0.000569,0.0,190759.7702,692343.1419,"LRT141, LRT142","BRT, LRT",5,0.265437
512100,3,2,0.007519,0.053933,0.00065,0.0,161634.9641,618756.754,"RedN, RedS",LRT,5,0.265389
525298,3,2,0.001449,0.087998,0.000666,0.0,189355.7964,677635.7056,"Hz-KS1, Hz-KS2",BRT,4,0.265362
511227,2,2,0.003851,0.067544,0.000672,0.0,186806.2811,686639.5071,"LRT141, LRT142","BRT, LRT",5,0.265299
525239,2,2,0.002887,0.114127,0.000473,0.0,180737.105,656958.4653,"Yelw-N, Yelw-S",BRT,4,0.265244
51200,2,4,0.000249,0.045558,0.000727,0.0,222273.1027,638280.5573,"LRT11, LRT12, LRT51, LRT52",LRT,5,0.265134
511148,2,2,0.003671,0.067738,0.00067,0.0,199185.3725,683046.332,"LRT141, LRT142","BRT, LRT",5,0.265096
525319,2,2,0.002875,0.095753,0.000691,0.0,182718.1555,674265.5121,"Hz-KS1, Hz-KS2",BRT,4,0.265088
36048,5,3,0.000783,0.05464,0.000667,0.000112,196621.7427,745390.3897,"m0620a, m0710a, m0720a",BRT,4,0.265036
511103,2,2,0.002758,0.07017,0.000651,0.0,165561.131,631513.1464,"L2-N, L2-S",LRT,5,0.264978
512150,2,1,0.000412,0.101472,0.000433,0.0,180843.8139,644820.4453,Light-Blue_S,LRT,5,0.264967
511104,2,2,0.002202,0.069724,0.000663,0.0,165876.2707,631323.8916,"L2-N, L2-S",LRT,5,0.264932
525235,2,2,0.001128,0.101015,0.000648,0.0,182933.5777,669013.7681,"Yelw-N, Yelw-S",BRT,4,0.264832
51198,2,4,0.000371,0.047464,0.0007,0.0,222321.0762,637850.7899,"LRT11, LRT12, LRT51, LRT52",LRT,5,0.264831
511181,2,2,0.002864,0.069297,0.000658,0.0,192619.5877,686807.615,"LRT151, LRT152",LRT,5,0.264785
511191,2,2,0.005011,0.069165,0.000632,0.0,189372.9735,687504.2185,"LRT151, LRT152",LRT,5,0.264679
511106,2,2,0.001093,0.06859,0.000688,0.0,166719.1597,631227.1167,"L2-N, L2-S",LRT,5,0.264634
36445,7,1,0.00205,0.065525,0.000491,0.000302,199967.1982,746538.8798,m0810a,BRT,4,0.264625
511105,2,2,0.001647,0.069079,0.000675,0.0,166341.5336,631044.4815,"L2-N, L2-S",LRT,5,0.264608
511056,2,2,0.003315,0.070686,0.000634,0.0,165201.3723,631729.1967,"L2-N, L2-S",LRT,5,0.264567
36007,5,2,0.000315,0.066256,0.000624,0.007156,201948.236,744589.5694,"m0910a, m0920a",BRT,4,0.264433
511198,2,2,0.005523,0.067435,0.000642,0.0,188414.4585,690056.4453,"LRT131, LRT132",LRT,5,0.264316
522018,1,1,0.0,0.095231,0.000298,0.0,177532.4713,659134.6498,Me02-E,Metro,6,0.264238
511196,2,2,0.006938,0.069179,0.000602,0.0,188396.6853,688870.7555,"LRT131, LRT132",LRT,5,0.264203
511226,2,2,0.004616,0.068058,0.000644,0.0,186988.8496,686913.2204,"LRT141, LRT142","BRT, LRT",5,0.264075
511213,2,2,0.010929,0.066633,0.00058,0.0,186549.6856,689939.7037,"LRT121, LRT122",LRT,5,0.264041
36135,2,4,0.002549,0.06392,0.000814,1e-06,208902.573,750120.775,"m0110a, m0120a, m0410a, m0820a",BRT,4,0.264019
51163,2,2,0.000761,0.080207,0.000545,0.0,221215.6712,629510.9284,"LRT61, LRT62",LRT,5,0.263772
511182,2,2,0.002296,0.068796,0.000662,0.0,192266.4275,687025.7429,"LRT151, LRT152",LRT,5,0.263739
525290,3,2,0.00372,0.080287,0.000713,0.0,194097.4916,675984.1291,"Hz-KS1, Hz-KS2",BRT,4,0.263679
511102,2,2,0.003972,0.071588,0.000605,0.0,165518.0613,632224.0291,"L2-N, L2-S",LRT,5,0.263518
511199,2,2,0.004827,0.066864,0.000648,0.0,188471.8019,690462.516,"LRT131, LRT132",LRT,5,0.26326
467942,3,4,0.000567,0.018699,0.000887,0.0,180300.5215,576239.165,"4.4_Bee'rSheva-Rahat_Main, 4.4_Rahat-Bee'rSheva_Main, 4.5_Bee'rSheva-Rahat, 4.5_Rahat-Bee'rSheva",LRT,5,0.263236
515066,2,2,0.002129,0.097264,0.000663,0.0,185152.0025,653575.296,"BRT1-1, BRT1-2",BRT,4,0.263056
515041,3,2,0.002451,0.094862,0.000548,0.0,187521.8818,648649.8381,"BRT2-1, BRT2-2",BRT,4,0.262934
511183,2,2,0.001734,0.068373,0.000664,0.0,191906.5568,687018.9999,"LRT151, LRT152",LRT,5,0.262695
36711,3,3,0.000529,0.059183,0.00087,0.0,202933.0111,742694.8566,"m0810a, m0910a, m0920a",BRT,4,0.262667
512094,3,2,0.011425,0.051344,0.000603,0.0,159443.3347,617816.8521,"Orange_N, Orange_S",LRT,5,0.262542
36661,4,3,0.0,0.057062,0.00076,0.00062,196492.791,744045.7123,"m0110a, m0120a, m0410a",BRT,4,0.262473
525511,3,2,0.003861,0.079664,0.000706,0.0,194222.6856,668191.2337,"BRT-1, BRT-2",BRT,4,0.262371
511175,2,2,7.6e-05,0.079852,0.000545,0.0,189342.8338,682294.7463,"LRT151, LRT152",LRT,5,0.262362
51135,2,2,0.000736,0.079083,0.000545,0.0,221011.4066,629094.6947,"LRT61, LRT62",LRT,5,0.2623
525236,2,2,0.001053,0.100208,0.000634,0.0,183252.5162,669778.6284,"Yelw-N, Yelw-S",BRT,4,0.26222
525509,3,2,0.002365,0.077134,0.000753,0.0,195086.421,668555.4286,"BRT-1, BRT-2",BRT,4,0.262119
525335,2,2,0.007658,0.086197,0.000715,0.0,192324.355,664071.7761,"BBEld1, BBEld2",BRT,4,0.262034
512088,2,2,0.01787,0.053277,0.000631,0.0,159752.3135,620072.1563,"Orange_N, Orange_S",LRT,5,0.261983
511186,2,2,0.000779,0.068591,0.000664,0.0,191340.3926,687821.6243,"LRT151, LRT152",LRT,5,0.261731
511225,2,2,0.00538,0.068592,0.000605,0.0,187095.5668,687232.6946,"LRT141, LRT142","BRT, LRT",5,0.261712
511192,2,2,0.004953,0.069102,0.000603,0.0,188792.3022,687632.8786,"LRT151, LRT152",LRT,5,0.261621
511184,2,2,0.001189,0.067996,0.000664,0.0,191893.3948,687352.6924,"LRT151, LRT152",LRT,5,0.261572
500066,2,4,0.022442,0.045271,0.000758,0.0,169780.3318,617427.1884,"BRT_Blue_E, BRT_Blue_W, BRT_Pink_E, BRT_Pink_W",BRT,4,0.261516
511200,2,2,0.004133,0.066241,0.000645,0.0,188617.5903,690893.3899,"LRT131, LRT132",LRT,5,0.261333
525481,3,1,0.015958,0.079649,0.000666,0.0,168947.5194,637258.8102,RH-GY1,BRT,4,0.261254
51164,2,2,0.000814,0.081659,0.000502,0.0,221365.6664,629862.1978,"LRT61, LRT62",LRT,5,0.261182
525510,3,2,0.003111,0.078227,0.000721,0.0,194649.2024,668551.7158,"BRT-1, BRT-2",BRT,4,0.261115
51166,2,2,0.000901,0.087493,0.000431,0.0,220904.6406,630122.3927,"LRT71, LRT72",LRT,5,0.261108
51179,2,2,0.000371,0.067798,0.000673,0.0,219411.7977,635004.6508,"LRT61, LRT62",LRT,5,0.261092
511195,2,2,0.007662,0.069835,0.000553,0.0,188435.17,688446.765,"LRT131, LRT132",LRT,5,0.26093
51050,2,2,0.00057,0.08411,0.000474,0.0,219993.7269,629617.4442,"LRT81, LRT82",LRT,5,0.260917
515004,2,2,0.000598,0.096108,0.000675,0.0,185190.0439,649738.1857,"BRT2-1, BRT2-2",BRT,4,0.260809
51049,2,2,0.000554,0.082977,0.000485,0.0,219491.9548,629267.4068,"LRT81, LRT82",LRT,5,0.260729
525317,2,2,0.003175,0.093358,0.000674,0.0,183533.922,674583.6066,"Hz-KS1, Hz-KS2",BRT,4,0.260724
511101,2,2,0.00473,0.072608,0.000555,0.0,165831.242,632713.3798,"L2-N, L2-S",LRT,5,0.260645
511185,2,2,0.000661,0.067723,0.000665,0.0,191945.3667,687599.2907,"LRT151, LRT152",LRT,5,0.260575
51030,2,2,0.000941,0.089033,0.000406,0.0,221427.1071,633666.8424,"LRT71, LRT72",LRT,5,0.260502
515087,2,1,0.0,0.108943,0.000305,0.0,186001.8729,658876.6669,East-S,LRT,5,0.260411
511146,2,2,0.003051,0.064753,0.000668,0.0,200125.8678,685326.0721,"LRT141, LRT142","BRT, LRT",5,0.260404
36511,4,2,0.002576,0.068694,0.000695,2.2e-05,205862.6119,747718.0631,"m0310a, m0320a",BRT,4,0.260299
34056,2,2,0.001573,0.059893,0.000743,0.0,209981.5051,751385.6982,"lrt07, lrt08",LRT,5,0.260225
36197,5,3,0.000974,0.061517,0.00053,0.00014,198417.3315,748367.9931,"m0620a, m0710a, m0720a",BRT,4,0.259615
525478,4,1,0.006033,0.077032,0.000668,0.0,168050.08,636462.5673,RH-GY1,BRT,4,0.259385
36217,4,2,0.001011,0.070588,0.000683,1e-06,210920.4944,747090.2151,"m0210a, m0220a",BRT,4,0.259284
511232,2,2,0.000774,0.06447,0.000687,0.0,185142.638,686683.7903,"LRT141, LRT142","BRT, LRT",5,0.258988
525314,2,2,0.003067,0.092554,0.000668,0.0,184890.5497,674807.403,"Hz-KS1, Hz-KS2",BRT,4,0.258965
515065,2,2,0.00143,0.094938,0.00066,0.0,185463.4019,653007.2402,"BRT1-1, BRT1-2",BRT,4,0.258946
511201,2,2,0.00344,0.065738,0.000637,0.0,188803.2816,691218.5788,"LRT131, LRT132",LRT,5,0.258909
36119,2,4,0.003718,0.072098,0.000651,3e-06,207362.8189,746762.5935,"m0110a, m0120a, m0410a, m0820a",BRT,4,0.258818
513032,2,1,0.000786,0.110114,0.00026,0.0,185960.297,664279.921,Mgt1-W,LRT,5,0.258245
512167,2,2,0.017222,0.052794,0.000608,0.0,159728.7529,619476.7182,"Orange_N, Orange_S",LRT,5,0.258207
525316,2,2,0.002557,0.092144,0.000671,0.0,183943.9377,674576.7202,"Hz-KS1, Hz-KS2",BRT,4,0.25812
525491,2,1,0.013423,0.089835,0.000685,0.0,180451.5398,639400.0042,RH-GY1,BRT,4,0.258118
511144,2,2,0.002436,0.063396,0.000667,0.0,200490.6641,686478.9498,"LRT141, LRT142","BRT, LRT",5,0.257774
51175,2,2,0.000249,0.061924,0.000711,0.0,218978.1489,635536.7413,"LRT61, LRT62",LRT,5,0.257699
36121,2,4,0.003456,0.070468,0.000662,0.0,207671.265,747042.802,"m0110a, m0120a, m0410a, m0820a",BRT,4,0.257683
525312,2,2,0.002347,0.092214,0.000667,0.0,185957.119,674956.1604,"Hz-KS1, Hz-KS2",BRT,4,0.25749
511193,2,2,0.005225,0.069595,0.000554,0.0,188217.4341,687606.315,"LRT151, LRT152",LRT,5,0.257465
511224,2,2,0.006141,0.069049,0.000547,0.0,187174.1808,687507.0234,"LRT141, LRT142","BRT, LRT",5,0.257289
51119,3,2,0.000986,0.065553,0.000514,0.0,218527.8091,626770.4624,"LRT41, LRT42",LRT,5,0.257072
467180,3,4,0.000254,0.012533,0.000905,0.0,188658.801,578137.8485,"4.1_Arad-BS, 4.1_BS-Arad, 4.2_LRT_BRS-Shoket, 4.2_LRT_Shoket-BRS",LRT,5,0.25705
500065,2,4,0.021719,0.043733,0.00074,0.0,171710.944,617297.8376,"BRT_Blue_E, BRT_Blue_W, BRT_Pink_E, BRT_Pink_W",BRT,4,0.256848
515117,2,2,0.001546,0.083251,0.000778,0.0,191391.9491,655205.8018,"BRT2-1, BRT2-2",BRT,4,0.256847
525315,2,2,0.002512,0.091313,0.000668,0.0,184588.6286,674449.339,"Hz-KS1, Hz-KS2",BRT,4,0.256777
511212,2,2,0.010238,0.065512,0.000532,0.0,186599.0956,690774.5926,"LRT121, LRT122",LRT,5,0.256751
515116,2,2,0.002316,0.089844,0.000685,0.0,190964.787,653191.2072,"BRT2-1, BRT2-2",BRT,4,0.256444
511163,3,2,0.004011,0.065114,0.000473,0.0,191277.4018,692281.1019,"LRT-L1, LRT141","BRT, LRT",5,0.256245
525480,3,1,0.012817,0.078813,0.000667,0.0,168883.1949,636764.1594,RH-GY1,BRT,4,0.25612
500097,3,2,0.026239,0.054792,0.000656,0.0,161818.9058,620937.6745,"BRT_Blue_E, BRT_Blue_W",BRT,4,0.256069
500064,2,4,0.020995,0.043225,0.000747,0.0,172373.4585,617207.7558,"BRT_Blue_E, BRT_Blue_W, BRT_Pink_E, BRT_Pink_W",BRT,4,0.256024
51108,2,2,0.000125,0.056264,0.000761,0.0,218525.5714,636178.8371,"LRT61, LRT62",LRT,5,0.255682
525311,2,2,0.001716,0.091235,0.000666,0.0,186285.2766,674998.6059,"Hz-KS1, Hz-KS2",BRT,4,0.25542
36123,2,4,0.003197,0.067892,0.000674,0.0,207862.854,747725.587,"m0110a, m0120a, m0410a, m0820a",BRT,4,0.255347
511143,2,2,0.001822,0.062182,0.000665,0.0,199464.4605,686942.9804,"LRT141, LRT142","BRT, LRT",5,0.25534
511202,2,2,0.002828,0.065175,0.000616,0.0,189133.6406,691615.785,"LRT131, LRT132",LRT,5,0.255312
36130,2,4,0.002821,0.065163,0.00071,0.0,208313.98,749012.33,"m0110a, m0120a, m0410a, m0820a",BRT,4,0.255197
51237,2,1,0.000125,0.082299,0.000569,0.0,219376.2023,631615.6953,LRT9,LRT,5,0.254956
36631,5,2,0.003216,0.057127,0.000613,0.004777,196452.8459,744345.3163,"m0110a, m0410a",BRT,4,0.25476
50118,2,2,0.000125,0.057514,0.000737,0.0,222313.8164,628544.381,"LRT31, LRT32",LRT,5,0.254714
525334,2,2,0.006901,0.082584,0.000693,0.0,193500.3275,663807.2727,"BBEld1, BBEld2",BRT,4,0.25439
511206,3,2,0.000519,0.065085,0.000497,0.0,186729.7655,691051.3328,"LRT151, LRT152",LRT,5,0.254142
32004,5,2,0.003272,0.061229,0.000923,3e-06,202899.5876,742138.4094,"c001, c002",Cable Line,3,0.254129
36125,2,4,0.002949,0.066005,0.000688,0.0,207940.185,748292.695,"m0110a, m0120a, m0410a, m0820a",BRT,4,0.254103
514034,2,2,0.000892,0.099848,0.00056,0.0,184048.768,670629.882,"Yelw-N, Yelw-S",BRT,4,0.254019
36860,4,2,0.000196,0.064554,0.000713,0.0,214575.1823,747633.2359,"brt011, brt012",BRT,4,0.253907
515046,2,2,0.000373,0.092719,0.00065,0.0,185809.0651,648399.0298,"BRT2-1, BRT2-2",BRT,4,0.253813
50114,2,2,0.000371,0.066942,0.000611,0.0,221509.0428,627653.7951,"LRT31, LRT32",LRT,5,0.253677
515064,2,2,0.000848,0.091645,0.000655,0.0,186097.3886,652113.6554,"BRT1-1, BRT1-2",BRT,4,0.253619
467250,3,4,0.000342,0.01487,0.000841,0.0,185907.232,576459.2698,"4.1_Arad-BS, 4.1_BS-Arad, 4.2_LRT_BRS-Shoket, 4.2_LRT_Shoket-BRS",LRT,5,0.253395
525288,2,2,0.001546,0.077198,0.000816,0.0,195188.3127,676319.9603,"Hz-KS1, Hz-KS2",BRT,4,0.253315
51039,3,2,0.000229,0.0631,0.000514,0.0,218646.2403,626692.0688,"LRT61, LRT62",LRT,5,0.253036
525310,2,2,0.001096,0.089965,0.000666,0.0,186330.471,675444.5839,"Hz-KS1, Hz-KS2",BRT,4,0.253032
511054,2,1,0.0,0.088806,0.000474,0.0,174625.3417,644157.0414,L2-S,LRT,5,0.253018
50113,2,2,0.000491,0.072937,0.000531,0.0,220916.3301,627803.3756,"LRT31, LRT32",LRT,5,0.253011
511142,2,2,0.001208,0.060976,0.000664,0.0,198546.5354,687665.5096,"LRT141, LRT142","BRT, LRT",5,0.252855
36522,4,2,0.001823,0.065565,0.000669,1e-06,206873.062,749702.73,"m0310a, m0320a",BRT,4,0.25273
515115,2,2,0.003085,0.092595,0.000605,0.0,191098.0494,652428.6302,"BRT2-1, BRT2-2",BRT,4,0.252615
14579,6,2,0.001166,0.065323,0.000401,0.000296,199952.4914,746531.5466,"m0310a, m0510a",BRT,4,0.252578
51148,2,2,0.001163,0.0728,0.00052,0.0,218743.0468,627722.8447,"LRT41, LRT42",LRT,5,0.252519
51141,2,2,0.001264,0.07863,0.000448,0.0,218867.1808,628319.207,"LRT41, LRT42",LRT,5,0.252432
525485,3,1,0.011599,0.076875,0.000667,0.0,174785.058,636621.8764,RH-GY1,BRT,4,0.252129
525307,2,2,0.002905,0.08726,0.000666,0.0,186505.5507,677168.4873,"Hz-KS1, Hz-KS2",BRT,4,0.252076
525297,2,2,0.002441,0.087557,0.000667,0.0,190082.2638,677602.8011,"Hz-KS1, Hz-KS2",BRT,4,0.251889
512148,2,2,0.007776,0.054872,0.000642,0.0,162051.0517,619787.9216,"RedN, RedS",LRT,5,0.251799
34068,2,2,0.000672,0.04965,0.000793,0.0,216934.9091,753625.3342,"lrt05, lrt06",LRT,5,0.251565
467822,3,4,0.000452,0.019352,0.000767,0.0,179045.5717,572843.1643,"4.1_Arad-BS, 4.1_BS-Arad, 4.3_Ofakim-TelSheva, 4.3_TelSheva-Ofakim",LRT,5,0.251486
512175,2,2,0.008423,0.055219,0.000626,0.0,162039.2829,620185.2955,"RedN, RedS",LRT,5,0.251427
512157,2,2,0.007134,0.054464,0.000649,0.0,161929.7086,619326.703,"RedN, RedS",LRT,5,0.251156
1002,4,2,0.005889,0.071437,0.000529,1e-06,210911.0354,747143.8408,"R1002-1, R1002-2",BRT,4,0.250889
500222,2,4,0.007658,0.037393,0.000938,0.0,178977.3649,612406.3237,"BRT_Blue_E, BRT_Blue_W, BRT_Pink_E, BRT_Pink_W",BRT,4,0.250887
515003,2,2,0.000195,0.09207,0.000632,0.0,186475.5615,648305.4926,"BRT2-1, BRT2-2",BRT,4,0.250873
511135,2,2,0.001251,0.060552,0.000648,0.0,194378.8125,691901.887,"LRT141, LRT142","BRT, LRT",5,0.250796
34057,2,2,0.001694,0.061452,0.000631,1e-06,209830.7141,749951.0345,"lrt07, lrt08",LRT,5,0.25074
525309,2,2,0.000507,0.088678,0.000666,0.0,186239.1084,675923.631,"Hz-KS1, Hz-KS2",BRT,4,0.250659
525507,3,2,0.000774,0.073705,0.000701,0.0,196473.4578,668148.4975,"BRT-1, BRT-2",BRT,4,0.250382
36213,4,2,0.000181,0.071318,0.000598,2e-06,210465.286,746845.216,"m0210a, m0220a",BRT,4,0.250377
525333,2,2,0.006141,0.080718,0.000686,0.0,193910.9119,663286.3733,"BBEld1, BBEld2",BRT,4,0.25029
525296,2,2,0.002122,0.086514,0.000668,0.0,190711.5172,677358.6837,"Hz-KS1, Hz-KS2",BRT,4,0.250269
511203,2,2,0.00232,0.064647,0.00058,0.0,189224.912,692159.7748,"LRT131, LRT132",LRT,5,0.250187
511171,2,2,0.004601,0.067518,0.000514,0.0,190960.7134,690237.0157,"LRT-L1, LRT-L2",LRT,5,0.249993
521054,1,1,0.0,0.086901,0.000259,0.0,189629.3268,678806.4902,M1-RA-RE,Metro,6,0.249905
525300,2,2,0.002302,0.086125,0.000666,0.0,188957.3341,678202.4143,"Hz-KS1, Hz-KS2",BRT,4,0.249881
525306,2,2,0.00239,0.08603,0.000666,0.0,186594.8217,677728.4528,"Hz-KS1, Hz-KS2",BRT,4,0.249878
525289,2,2,0.002316,0.079112,0.000748,0.0,194530.441,675998.4401,"Hz-KS1, Hz-KS2",BRT,4,0.249703
512278,2,2,0.009071,0.055496,0.000597,0.0,162272.3653,620395.6758,"RedN, RedS",LRT,5,0.249597
34034,5,3,0.011829,0.032245,0.000298,1e-06,228488.5154,733349.9856,"lrt01, lrt03, lrt05",LRT,5,0.249596
515002,2,2,0.000594,0.093086,0.000601,0.0,187270.9564,648249.2303,"BRT2-1, BRT2-2",BRT,4,0.249489
34059,2,2,0.001951,0.070207,0.00051,6e-06,208864.1757,746678.1106,"lrt07, lrt08",LRT,5,0.249381
515063,2,2,0.000459,0.089404,0.000646,0.0,186706.8634,651006.1884,"BRT1-1, BRT1-2",BRT,4,0.249361
51144,2,2,0.001071,0.068726,0.000539,0.0,218555.6663,627267.5597,"LRT41, LRT42",LRT,5,0.249354
34067,2,2,0.001006,0.054293,0.000711,0.0,216174.7101,751549.2328,"lrt05, lrt06",LRT,5,0.249256
1029,5,4,9.5e-05,0.053897,0.000406,5.2e-05,196512.356,745416.5693,"R327-1, R327-2, R328-1, R328-2",BRT,4,0.249191
525093,2,1,0.0,0.112683,0.000497,0.0,181110.263,659563.3442,BluRT2,BRT,4,0.249153
512133,2,2,0.012109,0.051829,0.000596,0.0,159550.2161,618359.8874,"Orange_N, Orange_S",LRT,5,0.249018
511001,2,1,0.005082,0.094887,0.000295,0.0,189471.314,666887.999,Red-S,LRT,5,0.248777
525490,2,1,0.012988,0.083513,0.000676,0.0,178676.8759,636417.222,RH-GY1,BRT,4,0.248774
515061,2,2,0.000609,0.090016,0.00063,0.0,187531.7801,649554.0586,"BRT1-1, BRT1-2",BRT,4,0.248668
50117,2,2,0.000249,0.057521,0.000675,0.0,222313.8164,628544.381,"LRT31, LRT32",LRT,5,0.248484
525294,2,2,0.002377,0.084474,0.000671,0.0,192039.7871,676908.8245,"Hz-KS1, Hz-KS2",BRT,4,0.248422
51236,2,1,0.000249,0.089282,0.00042,0.0,219213.8536,632045.5911,LRT9,LRT,5,0.248374
31503,7,2,0.001095,0.064522,0.000923,0.000302,199905.594,746507.661,"s0110a, s0120a",Funicular,2,0.248304
515069,2,2,0.000773,0.091028,0.000612,0.0,189223.2363,652557.8529,"BRT1-1, BRT1-2",BRT,4,0.248294
525305,2,2,0.001898,0.085271,0.000666,0.0,186972.1279,677787.0657,"Hz-KS1, Hz-KS2",BRT,4,0.248292
525327,2,2,0.001546,0.073053,0.000816,0.0,196172.3842,662171.6523,"BBEld1, BBEld2",BRT,4,0.248253
525301,2,2,0.001841,0.085266,0.000666,0.0,188576.7836,678178.4215,"Hz-KS1, Hz-KS2",BRT,4,0.248214
512242,2,1,4e-06,0.088767,0.000427,0.0,174982.8007,644080.8258,Light-Blue_S,LRT,5,0.248114
511139,2,2,0.000646,0.057912,0.000661,0.0,198889.1491,691047.899,"LRT141, LRT142","BRT, LRT",5,0.248071
525302,2,2,0.001636,0.084873,0.000666,0.0,188357.1292,677752.1866,"Hz-KS1, Hz-KS2",BRT,4,0.247455
511138,2,2,0.000632,0.057669,0.000656,0.0,196817.4566,691230.7654,"LRT141, LRT142","BRT, LRT",5,0.247256
515114,2,2,0.00122,0.090574,0.0006,0.0,187582.5694,649358.638,"BRT1-1, BRT1-2",BRT,4,0.247081
525304,2,2,0.001527,0.084635,0.000666,0.0,187370.9632,677742.2795,"Hz-KS1, Hz-KS2",BRT,4,0.247018
525489,2,1,0.012566,0.082768,0.000672,0.0,178457.6416,636017.0719,RH-GY1,BRT,4,0.246943
525332,2,2,0.00538,0.079107,0.000681,0.0,194506.871,663269.4867,"BBEld1, BBEld2",BRT,4,0.246834
525303,2,2,0.001471,0.084498,0.000666,0.0,187775.3696,677730.1267,"Hz-KS1, Hz-KS2",BRT,4,0.246776
36028,2,3,0.002983,0.062577,0.000779,0.000249,201557.4706,743908.3938,"m0810a, m0910a, m0920a",BRT,4,0.246522
36903,3,4,0.004558,0.036133,0.000811,0.0,227195.046,752319.2534,"brt011, brt012, brt021, brt022",BRT,4,0.246411
34066,2,2,0.001338,0.056771,0.000649,0.0,215915.4966,750545.0237,"lrt05, lrt06",LRT,5,0.246304
51055,2,2,0.000801,0.074054,0.000445,0.0,217646.8639,628517.6118,"LRT81, LRT82",LRT,5,0.24583
51042,2,2,0.000676,0.069371,0.0005,0.0,217283.0994,629438.3395,"LRT81, LRT82",LRT,5,0.245588
30003,3,4,0.00487,0.036232,0.000797,0.0,227114.5867,752337.0128,"brt011, brt012, brt021, brt022",BRT,4,0.245535
36024,2,3,0.000337,0.066394,0.000755,0.000836,201151.3547,744288.7095,"m0810a, m0910a, m0920a",BRT,4,0.24552
36011,4,2,2.1e-05,0.066055,0.000607,0.002124,201920.3555,744543.3942,"m0910a, m0920a",BRT,4,0.245499
51043,2,2,0.000709,0.068906,0.000501,0.0,217055.6073,628798.6439,"LRT81, LRT82",LRT,5,0.245238
525488,2,1,0.012163,0.082001,0.000669,0.0,178158.0249,635616.3042,RH-GY1,BRT,4,0.245116
525293,2,2,0.00162,0.082201,0.000674,0.0,192789.0367,676699.1145,"Hz-KS1, Hz-KS2",BRT,4,0.24491
525331,2,2,0.004616,0.07798,0.000686,0.0,194618.0878,662853.2443,"BBEld1, BBEld2",BRT,4,0.2449
525479,3,1,0.004986,0.077955,0.000667,0.0,168628.4324,636447.3708,RH-GY1,BRT,4,0.244725
515060,2,2,0.001863,0.092211,0.000548,0.0,187820.2914,648862.3154,"BRT1-1, BRT1-2",BRT,4,0.244557
1030,4,4,0.002836,0.057796,0.000268,0.035267,196353.6089,744376.4439,"R322-1, R322-2, R324-1, R324-2",BRT,4,0.244503
36906,3,4,0.003928,0.035652,0.000804,0.0,227568.3097,752161.7311,"brt011, brt012, brt021, brt022",BRT,4,0.244303
511128,2,2,0.00219,0.063666,0.000534,0.0,187807.6012,692460.7231,"LRT131, LRT132",LRT,5,0.244116
36385,3,2,0.000672,0.053786,0.000874,2e-06,197572.6826,743448.7381,"m0710a, m0720a",BRT,4,0.243593
512269,3,1,0.006728,0.077079,0.000298,0.0,168625.0708,636722.5884,RedS,LRT,5,0.243562
36017,2,3,0.000929,0.068439,0.000696,0.002828,201028.7841,744781.9899,"m0810a, m0910a, m0920a",BRT,4,0.243533
36858,3,2,0.000164,0.064764,0.000748,0.0,214374.0745,747550.3234,"brt011, brt012",BRT,4,0.243452
512087,2,2,0.002507,0.053472,0.000645,0.0,161138.8194,618882.0324,"RedN, RedS",LRT,5,0.243433
525328,2,2,0.002316,0.073915,0.000749,0.0,195812.201,662076.1858,"BBEld1, BBEld2",BRT,4,0.243356
36441,6,1,0.00202,0.066032,0.000415,0.000394,200109.5839,746445.1082,m0810a,BRT,4,0.243125
36018,2,3,0.000621,0.067547,0.000714,0.000419,200992.7498,744555.5595,"m0810a, m0910a, m0920a",BRT,4,0.242901
36051,2,3,0.001925,0.059191,0.000799,0.0,201745.9493,743221.3116,"m0810a, m0910a, m0920a",BRT,4,0.24283
525330,2,2,0.003851,0.076437,0.000693,0.0,194783.0884,662267.3749,"BBEld1, BBEld2",BRT,4,0.242782
525292,2,2,0.000863,0.080289,0.000681,0.0,193465.0875,676570.4208,"Hz-KS1, Hz-KS2",BRT,4,0.242309
525291,2,2,0.000724,0.079578,0.000691,0.0,193707.4408,676119.749,"Hz-KS1, Hz-KS2",BRT,4,0.242301
525329,2,2,0.003085,0.074973,0.000715,0.0,195371.1299,662150.4079,"BBEld1, BBEld2",BRT,4,0.24215
515118,2,2,0.000774,0.080565,0.000677,0.0,192161.8823,654678.1462,"BRT2-1, BRT2-2",BRT,4,0.242114
514035,2,2,0.000296,0.097615,0.000476,0.0,184398.6778,671225.8407,"Yelw-N, Yelw-S",BRT,4,0.241799
51147,2,2,0.000243,0.063466,0.000538,0.0,219070.851,626637.4291,"LRT61, LRT62",LRT,5,0.241693
36030,2,3,0.002684,0.061917,0.000744,2.9e-05,201751.6652,743899.0864,"m0810a, m0910a, m0920a",BRT,4,0.241577
51040,2,2,0.000704,0.071078,0.00044,0.0,216670.6902,629854.4926,"LRT81, LRT82",LRT,5,0.241552
511260,2,2,0.003095,0.06531,0.000477,0.0,188396.0758,691667.1121,"LRT141, LRT142","BRT, LRT",5,0.241423
44072,2,2,0.015416,0.063966,0.000681,0.0,214888.1624,747684.3833,"brt011, brt012",BRT,4,0.241403
511259,2,2,0.002463,0.065008,0.000488,0.0,188424.7541,691938.3205,"LRT141, LRT142","BRT, LRT",5,0.241313
36909,3,4,0.003291,0.034923,0.000792,0.0,228162.9263,751983.468,"brt011, brt012, brt021, brt022",BRT,4,0.24125
512164,2,2,0.007608,0.050934,0.000589,0.0,158979.4417,617899.5243,"Orange_N, Orange_S",LRT,5,0.24119
36907,3,4,0.00361,0.03523,0.000778,0.0,227896.4717,752007.3849,"brt011, brt012, brt021, brt022",BRT,4,0.240695
512155,2,2,0.00181,0.053053,0.000632,0.0,160668.7175,618962.4002,"RedN, RedS",LRT,5,0.240674
525487,2,1,0.011778,0.078771,0.000668,0.0,175821.3279,635556.2722,RH-GY1,BRT,4,0.240546
467199,3,4,0.000363,0.020371,0.000648,0.0,181151.6352,574446.0112,"4.1_Arad-BS, 4.1_BS-Arad, 4.2_LRT_BRS-Shoket, 4.2_LRT_Shoket-BRS",LRT,5,0.240328
511205,2,2,0.00061,0.065144,0.0005,0.0,187251.8166,691028.8624,"LRT151, LRT152",LRT,5,0.240316
36709,4,2,0.00159,0.060064,0.000616,1e-06,202738.2963,742315.9752,"m0910a, m0920a",BRT,4,0.240229
51145,2,2,0.000259,0.063833,0.000519,0.0,219404.634,626584.0769,"LRT61, LRT62",LRT,5,0.240185
511243,2,2,0.000133,0.069362,0.000453,0.0,187514.1561,688665.0856,"LRT141, LRT142","BRT, LRT",5,0.240001
49021,2,2,0.000111,0.067894,0.000816,0.0,213192.8442,747760.1828,"brt011, brt012",BRT,4,0.239947
36964,4,4,0.0,0.032028,0.000715,1e-06,228321.9967,733419.2467,"brt031, brt032, brt041, brt042",BRT,4,0.239713
525590,2,2,0.001546,0.069598,0.000773,0.0,197334.855,669424.021,"RG-RH1, RH-RG1",BRT,4,0.239505
467825,2,4,0.000342,0.017379,0.000814,0.0,177596.0416,573578.1885,"4.1_Arad-BS, 4.1_BS-Arad, 4.3_Ofakim-TelSheva, 4.3_TelSheva-Ofakim",LRT,5,0.239493
512214,2,2,0.003032,0.051445,0.000625,0.0,158636.3992,619252.4272,"RedN, RedS",LRT,5,0.239482
36050,2,3,0.00208,0.060135,0.000752,0.0,202038.7092,743440.2026,"m0810a, m0910a, m0920a",BRT,4,0.23937
500098,2,2,0.025534,0.054231,0.000646,0.0,162297.8451,620995.1231,"BRT_Blue_E, BRT_Blue_W",BRT,4,0.239175
36517,3,2,0.001863,0.065777,0.000672,3e-06,206505.402,748894.563,"m0310a, m0320a",BRT,4,0.239091
512213,2,2,0.003781,0.051924,0.000605,0.0,159167.5473,619156.6225,"RedN, RedS",LRT,5,0.239077
36031,2,3,0.002382,0.060847,0.000736,3e-06,201943.2728,743639.2665,"m0810a, m0910a, m0920a",BRT,4,0.238972
512279,2,2,0.002284,0.051218,0.00063,0.0,158624.96,618993.347,"RedN, RedS",LRT,5,0.238766
525595,2,2,0.001546,0.068985,0.000773,0.0,197373.3302,666496.7945,"RG-RH2, RH-RG2",BRT,4,0.238749
44070,2,2,0.015171,0.062657,0.000674,0.0,215345.035,747697.1552,"brt011, brt012",BRT,4,0.23871
36519,3,2,0.00184,0.0657,0.000669,3e-06,206619.8766,749182.8615,"m0310a, m0320a",BRT,4,0.238686
525287,2,2,0.000774,0.075904,0.000699,0.0,195653.7336,676539.028,"Hz-KS1, Hz-KS2",BRT,4,0.238636
36912,3,4,0.002647,0.034594,0.000778,0.0,228451.1408,751965.3161,"brt011, brt012, brt021, brt022",BRT,4,0.238549
515010,3,1,0.002691,0.106204,0.000298,0.0,185119.385,652886.2747,BRT2-2,BRT,4,0.238457
36526,3,2,0.001803,0.065496,0.000668,0.0,207025.146,749948.381,"m0310a, m0320a",BRT,4,0.238256
467829,2,4,0.000598,0.019335,0.000774,0.0,180658.2315,575703.8483,"4.4_Bee'rSheva-Rahat_Main, 4.4_Rahat-Bee'rSheva_Main, 4.5_Bee'rSheva-Rahat, 4.5_Rahat-Bee'rSheva",LRT,5,0.23804
500072,3,2,0.023456,0.052086,0.000549,0.0,162858.4411,619683.2931,"BRT_Blue_E, BRT_Blue_W",BRT,4,0.238016
503064,1,1,0.0,0.104372,0.000276,0.0,174878.8513,656109.9786,ART2-2,LRT,5,0.237509
36143,5,2,0.001012,0.059556,0.000464,1e-06,208826.1171,751690.261,"m0120a, m0320a",BRT,4,0.23733
36710,2,3,0.000475,0.059029,0.000764,0.0,202702.701,742868.3117,"m0810a, m0910a, m0920a",BRT,4,0.237088
512178,2,2,0.000772,0.056613,0.000567,0.0,161916.4105,621616.4808,"RedN, RedS",LRT,5,0.236913
15901,5,1,0.000541,0.057785,0.000612,2.3e-05,196994.6141,748365.9708,m0610a,BRT,4,0.23687
15663,5,1,0.000295,0.056569,0.000629,2.3e-05,196633.6915,748020.0438,m0610a,BRT,4,0.236823
516000,1,1,0.0,0.103756,0.000276,0.0,176497.7637,654359.248,ART1-2,LRT,5,0.236749
512156,2,2,0.001118,0.052598,0.000609,0.0,160137.6006,618967.1186,"RedN, RedS",LRT,5,0.236741
44071,2,2,0.014925,0.06138,0.000671,0.0,215792.0195,747812.9796,"brt011, brt012",BRT,4,0.236518
36529,3,2,0.001646,0.0642,0.000669,0.0,207314.148,750285.554,"m0310a, m0320a",BRT,4,0.236508
36431,3,2,0.001787,0.066968,0.000628,0.001228,200299.332,746181.779,"m0310a, m0510a",BRT,4,0.236485
467824,2,4,0.000384,0.018355,0.000773,0.0,178372.6147,573274.8688,"4.1_Arad-BS, 4.1_BS-Arad, 4.3_Ofakim-TelSheva, 4.3_TelSheva-Ofakim",LRT,5,0.236445
513060,1,2,0.0,0.091119,0.000298,0.0,191564.8597,659355.0756,"Mgt2-W, Mgt3-W",LRT,5,0.236439
512280,2,2,0.001541,0.050788,0.000622,0.0,158429.0226,618535.0417,"RedN, RedS",LRT,5,0.236426
36221,2,2,0.000672,0.067825,0.000775,0.0,211056.702,746513.643,"m0210a, m0220a",BRT,4,0.236358
512276,2,2,0.00017,0.056298,0.000572,0.0,162261.2289,621483.9477,"RedN, RedS",LRT,5,0.236227
36900,2,4,0.00518,0.036937,0.000831,0.0,226536.9767,752266.9043,"brt011, brt012, brt021, brt022",BRT,4,0.236038
34069,2,2,0.000337,0.046354,0.000686,0.0,217331.2456,755410.1882,"lrt05, lrt06",LRT,5,0.236023
525099,2,1,0.001242,0.115863,0.000316,0.0,178959.1235,660947.1801,BluRT2,BRT,4,0.235953
500099,2,2,0.02483,0.053659,0.00063,0.0,162797.9903,621039.3104,"BRT_Blue_E, BRT_Blue_W",BRT,4,0.235881
15660,5,1,0.000173,0.055225,0.000633,1.9e-05,196300.5038,747535.409,m0610a,BRT,4,0.235453
512163,2,2,0.00686,0.050502,0.000547,0.0,158539.3434,617652.5872,"Orange_N, Orange_S",LRT,5,0.235351
161460,3,1,0.000139,0.095387,0.000429,0.0,183071.7437,642362.9374,RH-GY1,BRT,4,0.235189
36639,4,3,8e-05,0.062428,0.000431,6.7e-05,198994.9407,748495.4195,"m0210a, m0220a, m0910a",BRT,4,0.235029
467249,2,4,0.000424,0.01826,0.000753,0.0,183414.3666,574017.4547,"4.1_Arad-BS, 4.1_BS-Arad, 4.2_LRT_BRS-Shoket, 4.2_LRT_Shoket-BRS",LRT,5,0.234412
525470,3,1,0.002953,0.066748,0.000726,0.0,171021.1324,632074.0353,RH-GY1,BRT,4,0.234319
525482,2,1,0.008884,0.076941,0.000667,0.0,170135.6257,637459.0783,RH-GY1,BRT,4,0.2343
51231,2,1,0.000125,0.078265,0.000417,0.0,221503.9078,631540.0449,LRT9,LRT,5,0.234295
512179,2,2,0.001374,0.056981,0.000528,0.0,162044.6429,622022.8943,"RedN, RedS",LRT,5,0.234152
525326,2,2,0.000774,0.0722,0.000699,0.0,196544.1025,662236.2896,"BBEld1, BBEld2",BRT,4,0.234084
467192,2,4,0.000384,0.016054,0.000777,0.0,185010.679,575447.1948,"4.1_Arad-BS, 4.1_BS-Arad, 4.2_LRT_BRS-Shoket, 4.2_LRT_Shoket-BRS",LRT,5,0.234046
36706,5,1,4.8e-05,0.067236,0.00035,0.029793,201547.3389,744803.0435,m0810a,BRT,4,0.233885
260147,2,1,0.002089,0.066767,0.000865,0.0,171540.5928,631912.6709,RH-GY2,BRT,4,0.233262
525469,2,1,0.002006,0.066758,0.000865,0.0,171502.6995,631892.5201,RH-GY2,BRT,4,0.23314
36870,2,2,0.014676,0.058971,0.000668,0.0,216656.6017,748122.9852,"brt011, brt012",BRT,4,0.232959
36012,5,1,0.003835,0.066245,0.000399,0.007156,201901.9118,744550.6926,m0810a,BRT,4,0.232811
467907,2,4,5.4e-05,0.016903,0.000755,0.0,178251.4954,571851.6665,"4.4_Bee'rSheva-Rahat_Main, 4.4_Rahat-Bee'rSheva_Main, 4.5_Bee'rSheva-Rahat, 4.5_Rahat-Bee'rSheva",LRT,5,0.232373
512281,2,2,0.000801,0.050235,0.000598,0.0,157897.1154,618146.9126,"RedN, RedS",LRT,5,0.232319
525589,2,2,0.002316,0.070715,0.000678,0.0,196806.7968,669377.0722,"RG-RH1, RH-RG1",BRT,4,0.232101
36640,3,2,0.002027,0.068122,0.000536,0.00893,200559.3066,745937.9569,"m0310a, m0510a",BRT,4,0.23208
512065,1,1,0.0,0.098353,0.000295,0.0,185542.222,669410.353,Grn1-S,LRT,5,0.232042
36179,5,2,5e-06,0.057799,0.000445,2.7e-05,197019.1549,748357.3019,"m0110a, m0710a",BRT,4,0.231976
36534,3,2,0.001093,0.060703,0.000672,0.0,207829.2116,751303.217,"m0310a, m0320a",BRT,4,0.231767
525594,2,2,0.002316,0.070338,0.000678,0.0,197443.1289,667144.5909,"RG-RH2, RH-RG2",BRT,4,0.231637
500100,2,2,0.024129,0.053091,0.000601,0.0,163099.5413,620623.9154,"BRT_Blue_E, BRT_Blue_W",BRT,4,0.231205
467248,2,4,0.000326,0.019286,0.000711,0.0,182379.3839,573614.0194,"4.1_Arad-BS, 4.1_BS-Arad, 4.2_LRT_BRS-Shoket, 4.2_LRT_Shoket-BRS",LRT,5,0.231154
36537,3,2,0.000693,0.059576,0.000682,0.0,208140.0365,751819.4788,"m0310a, m0320a",BRT,4,0.230964
525483,2,1,0.0084,0.074599,0.000666,0.0,171324.6092,637616.9238,RH-GY1,BRT,4,0.230757
467950,2,4,0.000627,0.020028,0.000693,0.0,180740.4533,575014.6586,"4.4_Bee'rSheva-Rahat_Main, 4.4_Rahat-Bee'rSheva_Main, 4.5_Bee'rSheva-Rahat, 4.5_Rahat-Bee'rSheva",LRT,5,0.230624
1012,4,2,0.00091,0.066185,0.000457,2.1e-05,206498.825,748976.2029,"R323-1, R323-2",BRT,4,0.230434
36152,5,1,0.006722,0.057405,0.000474,0.000142,196844.9924,744015.0946,m0610a,BRT,4,0.230388
36872,2,2,0.014427,0.057194,0.000668,0.0,217315.2793,748418.6122,"brt011, brt012",BRT,4,0.230361
525484,2,1,0.008286,0.074273,0.000667,0.0,172295.3758,636821.4684,RH-GY1,BRT,4,0.230252
36144,5,2,0.000889,0.062768,0.000357,0.000138,198869.3532,748448.1122,"m0210a, m0920a",BRT,4,0.230204
500094,3,2,0.005904,0.054236,0.000669,0.0,160764.7257,620362.4476,"BRT_Blue_E, BRT_Blue_W",BRT,4,0.229883
36630,3,2,0.001365,0.071133,0.000524,3.2e-05,206139.456,746716.5333,"m0310a, m0320a",BRT,4,0.22977
36278,3,4,0.000496,0.012881,0.000979,0.0,196631.7217,706198.6299,"brt051, brt052, brt061, brt062",BRT,4,0.229734
36854,2,2,0.000334,0.068508,0.000699,0.0,213008.574,747676.1223,"brt011, brt012",BRT,4,0.228934
511127,2,2,0.001454,0.063056,0.000404,0.0,187373.3199,692624.3669,"LRT131, LRT132",LRT,5,0.228926
525477,2,1,0.005139,0.076358,0.000669,0.0,168060.6392,636190.0648,RH-GY1,BRT,4,0.22888
500093,3,2,0.005143,0.053874,0.000673,0.0,160473.6521,620396.4906,"BRT_Blue_E, BRT_Blue_W",BRT,4,0.228823
36539,4,2,0.000712,0.059495,0.000521,1e-06,208493.7941,751794.3693,"m0310a, m0320a",BRT,4,0.228543
44102,2,2,0.014175,0.056038,0.000667,0.0,217766.524,748611.1485,"brt011, brt012",BRT,4,0.228507
467197,2,4,0.00034,0.019774,0.000677,0.0,181887.3474,574400.3369,"4.1_Arad-BS, 4.1_BS-Arad, 4.2_LRT_BRS-Shoket, 4.2_LRT_Shoket-BRS",LRT,5,0.228309
500092,3,2,0.004616,0.053203,0.00068,0.0,159983.279,620718.2959,"BRT_Blue_E, BRT_Blue_W",BRT,4,0.228094
467884,2,4,0.000107,0.017839,0.0007,0.0,178628.3617,572410.3541,"4.4_Bee'rSheva-Rahat_Main, 4.4_Rahat-Bee'rSheva_Main, 4.5_Bee'rSheva-Rahat, 4.5_Rahat-Bee'rSheva",LRT,5,0.227969
36513,2,2,0.002001,0.066963,0.000683,3e-06,206224.8364,748087.9574,"m0310a, m0320a",BRT,4,0.227574
36987,5,2,0.008187,0.031932,0.000604,1e-06,228296.5929,733132.1364,"brt031, brt032",BRT,4,0.227299
15443,5,1,0.000649,0.054457,0.000557,6e-05,196561.0536,745395.2037,m0610a,BRT,4,0.22728
525591,2,2,0.000774,0.068533,0.000674,0.0,197847.1417,669332.4599,"RG-RH1, RH-RG1",BRT,4,0.227019
34051,4,1,0.000567,0.059457,0.000287,1e-06,208844.7053,751690.6898,lrt07,LRT,5,0.226832
525476,2,1,0.004382,0.075005,0.000672,0.0,167966.0438,635637.0312,RH-GY1,BRT,4,0.226558
34089,3,2,0.000685,0.057639,0.000297,0.004654,196366.9223,744361.7665,"lrt04, lrt08",LRT,5,0.226518
512282,2,2,6.1e-05,0.04993,0.000551,0.0,158063.3579,617816.8603,"RedN, RedS",LRT,5,0.226089
525596,2,2,0.000774,0.067773,0.000674,0.0,197903.4455,666207.0597,"RG-RH2, RH-RG2",BRT,4,0.226082
44103,2,2,0.013921,0.054328,0.000666,0.0,218525.3046,748590.6365,"brt011, brt012",BRT,4,0.226035
525588,2,2,0.003085,0.072,0.000592,0.0,196811.2788,668786.1931,"RG-RH1, RH-RG1",BRT,4,0.225868
511059,3,1,0.000904,0.068943,0.000298,0.0,168373.26,631417.6946,L2-N,LRT,5,0.225862
51120,1,4,0.0,0.049993,0.000432,0.0,217243.0284,627421.8661,"LRT41, LRT42, LRT61, LRT62",LRT,5,0.225478
500109,3,2,0.004694,0.053596,0.000648,0.0,161699.9824,618793.9471,"BRT_Pink_E, BRT_Pink_W",BRT,4,0.225327
525593,2,2,0.003085,0.071542,0.000592,0.0,197217.2011,667656.8793,"RG-RH2, RH-RG2",BRT,4,0.225303
36514,2,2,0.001876,0.065834,0.000675,1e-06,206394.6773,748616.4046,"m0310a, m0320a",BRT,4,0.225223
511050,3,1,0.00011,0.069795,0.000291,0.0,168455.8502,631513.7929,L1-N,LRT,5,0.225133
36637,3,2,0.003898,0.061685,0.000557,0.000125,203857.0475,742759.2141,"m0510a, m0520a",BRT,4,0.224939
525475,2,1,0.003622,0.074125,0.000676,0.0,167938.2208,635263.3127,RH-GY1,BRT,4,0.224824
36222,2,2,0.000337,0.066383,0.000677,0.0,211145.95,746198.9,"m0210a, m0220a",BRT,4,0.224005
36638,3,2,0.004211,0.06303,0.000523,0.000954,203577.8277,743016.4775,"m0510a, m0520a",BRT,4,0.223792
467827,2,4,0.000299,0.015577,0.000683,0.0,176167.4985,574573.3407,"4.1_Arad-BS, 4.1_BS-Arad, 4.3_Ofakim-TelSheva, 4.3_TelSheva-Ofakim",LRT,5,0.223629
1001,2,2,5.1e-05,0.069339,0.000641,0.0,211813.8012,747425.0177,"R1002-1, R1002-2",BRT,4,0.223588
467791,2,4,0.000206,0.011176,0.000736,0.0,190543.7303,579526.9982,"4.1_Arad-BS, 4.1_BS-Arad, 4.2_LRT_BRS-Shoket, 4.2_LRT_Shoket-BRS",LRT,5,0.223539
44407,2,2,0.013666,0.052595,0.000666,0.0,219210.3876,748151.5288,"brt011, brt012",BRT,4,0.223502
525474,2,1,0.002861,0.072995,0.000685,0.0,168355.6513,634999.4755,RH-GY1,BRT,4,0.2234
36273,3,4,0.000294,0.012287,0.000927,0.0,195730.2441,705952.354,"brt051, brt052, brt061, brt062",BRT,4,0.223364
51213,2,1,0.000726,0.051211,0.000626,0.0,221839.1809,638373.5803,LRT10,LRT,5,0.223347
51212,2,1,0.000841,0.054228,0.000586,0.0,221677.974,637831.0482,LRT10,LRT,5,0.223084
512228,1,1,0.0,0.090971,0.000296,0.0,174704.957,639360.387,Turquoise_N,LRT,5,0.223047
36236,3,4,6.9e-05,0.009329,0.000961,0.0,191882.3717,705024.9536,"brt051, brt052, brt061, brt062",BRT,4,0.22298
51225,2,1,0.000125,0.03966,0.000768,0.0,220581.1381,640820.7411,LRT10,LRT,5,0.22297
500096,3,2,0.000586,0.054902,0.000661,0.0,161488.4664,620690.4945,"BRT_Blue_E, BRT_Blue_W",BRT,4,0.222893
51216,2,1,0.000609,0.048745,0.00065,0.0,221568.1315,638801.832,LRT10,LRT,5,0.222651
36636,3,2,0.003581,0.060387,0.000555,1.7e-05,204135.2417,742503.7095,"m0510a, m0520a",BRT,4,0.222602
500095,3,2,0.000316,0.054573,0.000665,0.0,161195.7345,620471.739,"BRT_Blue_E, BRT_Blue_W",BRT,4,0.222517
500193,3,2,0.002364,0.051288,0.000678,0.0,159437.532,617805.757,"BRT_Pink_E, BRT_Pink_W",BRT,4,0.222477
36642,5,1,0.008511,0.057592,0.000361,0.000658,196837.3462,744031.3912,m0410a,BRT,4,0.22153
51218,2,1,0.000371,0.044704,0.000691,0.0,221120.5442,639613.5473,LRT10,LRT,5,0.221486
51220,2,1,0.000491,0.046156,0.000671,0.0,221246.8344,639286.7353,LRT10,LRT,5,0.221431
51117,1,4,0.0,0.051522,0.000371,0.0,214078.3694,630241.3179,"LRT11, LRT12, LRT81, LRT82",LRT,5,0.221042
36742,3,2,0.0,0.059133,0.000599,0.0,203032.9194,742541.2873,"m0910a, m0920a",BRT,4,0.220935
15138,4,1,0.000853,0.05917,0.000575,2.5e-05,197535.6024,748481.9809,m0610a,BRT,4,0.22088
500088,2,2,0.001546,0.050775,0.000816,0.0,158303.7441,621213.8609,"BRT_Blue_E, BRT_Blue_W",BRT,4,0.220728
36924,2,4,0.000672,0.030084,0.000819,0.0,232737.4065,751893.0891,"brt011, brt012, brt021, brt022",BRT,4,0.220401
51221,2,1,0.000249,0.041326,0.000722,0.0,220579.7418,640329.1651,LRT10,LRT,5,0.220366
36162,3,2,0.000336,0.061659,0.000557,0.000125,203856.4291,742748.9387,"m0610a, m0620a",BRT,4,0.220202
525015,3,1,0.0,0.094202,0.000298,0.0,183112.4137,642110.4345,BluRT1,BRT,4,0.220112
525339,2,1,0.010672,0.094239,0.000299,0.0,191151.9169,665583.5253,BBEld1,BRT,4,0.219976
36531,2,2,0.00135,0.062428,0.000669,0.0,207680.939,750722.749,"m0310a, m0320a",BRT,4,0.21973
36090,2,2,0.003291,0.050268,0.000786,0.0,197427.7366,741494.9773,"m0610a, m0620a",BRT,4,0.219389
36879,2,2,0.013409,0.049455,0.000665,0.0,220637.4807,748893.0354,"brt011, brt012",BRT,4,0.21925
36263,3,4,0.000256,0.011394,0.000898,0.0,194363.2313,705545.3076,"brt051, brt052, brt061, brt062",BRT,4,0.219221
51211,2,1,0.000954,0.056606,0.000519,0.0,221729.6307,637424.3495,LRT10,LRT,5,0.219212
525472,2,1,0.000774,0.064627,0.000771,0.0,171628.9108,633045.5369,RH-GY1,BRT,4,0.219179
36164,3,2,0.000649,0.063007,0.000523,0.000954,203577.7345,743008.3271,"m0610a, m0620a",BRT,4,0.219059
190170,3,1,0.0,0.093307,0.000299,0.0,189766.9396,666969.587,BRT-2,BRT,4,0.219045
36243,3,4,0.000132,0.009791,0.000914,0.0,192508.0329,704859.3273,"brt051, brt052, brt061, brt062",BRT,4,0.218759
15878,5,1,0.00138,0.061609,0.000379,0.000138,198424.8565,748380.6351,m0610a,BRT,4,0.218716
36913,2,4,0.002322,0.033977,0.000733,0.0,228974.9159,751785.7556,"brt011, brt012, brt021, brt022",BRT,4,0.218483
1014,3,2,0.000993,0.076351,0.000355,2.7e-05,207154.8736,745961.0239,"R331-1, R331-2",BRT,4,0.218232
36261,3,4,0.000235,0.011202,0.000889,0.0,194084.9975,705508.0854,"brt051, brt052, brt061, brt062",BRT,4,0.217988
36160,3,2,2e-05,0.060364,0.000555,1.7e-05,204133.201,742492.4533,"m0610a, m0620a",BRT,4,0.217868
36250,3,4,0.00016,0.010327,0.000896,0.0,193217.6447,704637.064,"brt051, brt052, brt061, brt062",BRT,4,0.217527
51272,2,1,0.0,0.076261,0.000279,0.0,222310.632,632308.854,LRT10,LRT,5,0.217375
32003,2,2,0.003408,0.065647,0.000923,1.8e-05,203142.303,743132.402,"c001, c002",Cable Line,3,0.216907
525471,2,1,0.002396,0.066901,0.000698,0.0,170546.3153,632251.0566,RH-GY1,BRT,4,0.21661
36536,2,2,0.000833,0.059934,0.000675,0.0,207861.8117,751582.2668,"m0310a, m0320a",BRT,4,0.216588
36656,4,1,0.0061,0.060101,0.000451,1e-06,209236.9558,751519.8116,m0820a,BRT,4,0.216202
51032,1,4,0.0,0.04257,0.000429,0.0,222844.862,638689.0426,"LRT11, LRT12, LRT51, LRT52",LRT,5,0.216012
36915,2,4,0.001996,0.03358,0.000714,0.0,229340.4028,751797.2128,"brt011, brt012, brt021, brt022",BRT,4,0.215586
500089,2,2,0.002316,0.051288,0.000748,0.0,158656.114,621508.8941,"BRT_Blue_E, BRT_Blue_W",BRT,4,0.215385
1011,3,2,0.00089,0.066017,0.000452,3e-06,206763.5771,749612.0008,"R323-1, R323-2",BRT,4,0.215372
36091,2,2,0.00361,0.051257,0.00073,0.0,197149.0716,741797.6517,"m0610a, m0620a",BRT,4,0.215195
36921,2,4,0.001006,0.030929,0.000754,0.0,231870.4899,751550.1621,"brt011, brt012, brt021, brt022",BRT,4,0.215142
500206,2,2,1.9e-05,0.047797,0.000815,0.0,158110.4477,616258.3167,"BRT_Pink_E, BRT_Pink_W",BRT,4,0.215015
1013,3,2,0.003002,0.068719,0.000388,0.000176,205865.0178,747718.8571,"R323-1, R323-2",BRT,4,0.214971
36881,2,2,0.01315,0.046329,0.000664,0.0,222415.9248,748579.4997,"brt011, brt012",BRT,4,0.214946
36008,4,1,0.003539,0.06594,0.00039,0.002124,201982.478,744550.4357,m0810a,BRT,4,0.214648
15685,4,2,0.0,0.062371,0.000357,6.7e-05,199006.4001,748506.2894,"m0910a, m0920a",BRT,4,0.214223
36917,2,4,0.001668,0.03318,0.00071,0.0,229713.86,751769.1228,"brt011, brt012, brt021, brt022",BRT,4,0.214209
43364,2,2,0.012889,0.046007,0.000663,0.0,222589.5134,748676.0097,"brt011, brt012",BRT,4,0.214066
36097,2,2,0.004244,0.054715,0.000669,6e-06,196915.2315,743061.7686,"m0610a, m0620a",BRT,4,0.214027
17328,5,1,0.000559,0.059207,0.000373,1e-06,202253.6517,742751.2623,m0810a,BRT,4,0.213978
17308,5,1,0.000952,0.059723,0.000358,1e-06,202905.2719,742388.3671,m0810a,BRT,4,0.213591
51276,2,1,0.001065,0.061911,0.000399,0.0,221663.342,636612.9988,LRT10,LRT,5,0.213514
36178,5,1,0.000339,0.056556,0.000402,2.3e-05,196642.9376,747994.9773,m0620a,BRT,4,0.213443
500090,2,2,0.003085,0.051725,0.000713,0.0,159041.0904,621540.6369,"BRT_Blue_E, BRT_Blue_W",BRT,4,0.213318
500091,2,2,0.003851,0.052581,0.000691,0.0,159647.9686,621119.3661,"BRT_Blue_E, BRT_Blue_W",BRT,4,0.213116
36743,5,1,0.000199,0.059405,0.000365,1e-06,202232.3444,742750.8947,m0910a,BRT,4,0.21292
36093,2,2,0.003928,0.052093,0.000693,1e-06,196941.5525,742064.3231,"m0610a, m0620a",BRT,4,0.212867
36737,3,2,0.000422,0.058883,0.000518,0.0,202433.2145,742879.1675,"m0810a, m0910a",BRT,4,0.212775
36920,2,4,0.001338,0.031071,0.000723,0.0,231806.9381,751411.9879,"brt011, brt012, brt021, brt022",BRT,4,0.212586
525571,1,2,0.0,0.100123,0.000298,0.0,186203.6869,667454.2289,"RG-RH1, RG-RH2",BRT,4,0.211829
51238,1,1,0.0,0.077664,0.000342,0.0,219472.2991,631283.5896,LRT9,LRT,5,0.21135
36886,2,2,0.012627,0.044102,0.00066,0.0,223707.8473,749175.9891,"brt011, brt012",BRT,4,0.211068
36180,5,1,0.000592,0.057754,0.000355,2.6e-05,197000.7984,748340.5705,m0620a,BRT,4,0.210369
1000,3,2,0.000108,0.069392,0.000373,0.0,212713.4102,747546.4682,"R1002-1, R1002-2",BRT,4,0.210321
36958,3,2,0.001006,0.028039,0.000855,0.0,229041.1595,758542.0689,"brt021, brt022",BRT,4,0.210299
36953,4,2,9e-06,0.028306,0.000725,0.0,228615.1584,758679.4134,"brt021, brt022",BRT,4,0.210158
36387,2,2,0.000337,0.049814,0.000734,0.0,197810.9621,741953.5621,"m0710a, m0720a",BRT,4,0.209519
36951,4,2,0.002647,0.028747,0.000676,0.0,228705.7295,758514.3708,"brt021, brt022",BRT,4,0.209157
36211,2,2,2.7e-05,0.070094,0.000488,3e-06,210206.9172,746473.8996,"m0210a, m0220a",BRT,4,0.208746
36888,2,2,0.012363,0.042807,0.000656,0.0,224544.1433,749478.3216,"brt011, brt012",BRT,4,0.208647
500212,3,2,0.001199,0.051785,0.000549,0.0,162963.879,619414.9341,"BRT_Pink_E, BRT_Pink_W",BRT,4,0.208274
500207,2,2,7e-06,0.047552,0.000748,0.0,157934.2532,615704.4327,"BRT_Pink_E, BRT_Pink_W",BRT,4,0.207675
500049,2,2,0.001525,0.050777,0.000689,0.0,159486.7301,617349.877,"BRT_Pink_E, BRT_Pink_W",BRT,4,0.207647
500087,2,2,0.000774,0.050345,0.000699,0.0,158078.8105,620892.2355,"BRT_Blue_E, BRT_Blue_W",BRT,4,0.207115
36926,2,4,0.000337,0.029205,0.000701,0.0,233752.6313,751771.3464,"brt011, brt012, brt021, brt022",BRT,4,0.206654
36175,5,1,6.6e-05,0.055163,0.000356,2e-05,196322.5392,747512.1971,m0620a,BRT,4,0.206629
500208,2,2,0.000761,0.048822,0.000712,0.0,159228.6572,615514.0093,"BRT_Pink_E, BRT_Pink_W",BRT,4,0.206587
36890,2,2,0.012097,0.042107,0.000646,0.0,224908.0152,749821.44,"brt011, brt012",BRT,4,0.206496
32002,2,2,0.003704,0.070277,0.00076,0.000156,202983.3351,743986.6469,"c001, c002",Cable Line,3,0.206255
1009,3,2,0.00059,0.064301,0.000388,0.0,207326.988,750295.6784,"R323-1, R323-2",BRT,4,0.206221
500027,3,2,0.000775,0.035945,0.00072,0.0,179825.1187,610765.3768,"BRT_Blue_E, BRT_Blue_W",BRT,4,0.205825
500211,2,2,0.002588,0.05271,0.000631,0.0,162493.8459,618694.609,"BRT_Pink_E, BRT_Pink_W",BRT,4,0.20546
500210,2,2,0.000732,0.051971,0.00066,0.0,161077.7072,617509.0189,"BRT_Pink_E, BRT_Pink_W",BRT,4,0.205029
36088,2,2,0.00297,0.049021,0.000666,0.0,197760.9666,741069.9616,"m0610a, m0620a",BRT,4,0.204949
500205,2,2,0.000788,0.048359,0.000699,0.0,157586.5976,616478.4642,"BRT_Pink_E, BRT_Pink_W",BRT,4,0.204669
500209,2,2,3.5e-05,0.051308,0.000667,0.0,160436.8564,617513.42,"BRT_Pink_E, BRT_Pink_W",BRT,4,0.204071
36374,3,1,0.000672,0.044557,0.000722,0.0,197927.2417,739717.7767,m0620a,BRT,4,0.203551
15548,3,1,0.000262,0.052988,0.000625,9e-06,196286.6233,746521.9102,m0610a,BRT,4,0.203376
35023,4,2,0.01156,0.032198,0.000461,1e-06,228487.9591,733335.4969,"brt032, brt042",BRT,4,0.20297
36955,3,2,0.001338,0.028206,0.000771,0.0,228839.8066,758626.2519,"brt021, brt022",BRT,4,0.202312
525486,2,1,0.002512,0.07444,0.000468,0.0,174602.8774,636448.4589,RH-GY2,BRT,4,0.202236
15541,3,1,0.000177,0.053814,0.000603,1.5e-05,196441.631,745715.1641,m0610a,BRT,4,0.202006
36892,2,2,0.011829,0.039882,0.000631,0.0,225560.4403,751386.0729,"brt011, brt012",BRT,4,0.201813
467818,2,2,5.4e-05,0.01462,0.000736,0.0,184140.2546,570407.378,"4.2_LRT_BRS-Shoket, 4.2_LRT_Shoket-BRS",LRT,5,0.20166
15139,3,1,0.001095,0.060543,0.000506,2.9e-05,198068.0195,748462.4126,m0610a,BRT,4,0.201449
31502,5,2,0.000117,0.064184,0.00076,0.000292,200132.355,746754.533,"s0110a, s0120a",Funicular,2,0.201205
500073,2,2,0.001891,0.051965,0.000601,0.0,162824.194,619312.4684,"BRT_Pink_E, BRT_Pink_W",BRT,4,0.200487
50115,1,2,0.0,0.052156,0.000414,0.0,222200.434,627700.4723,"LRT31, LRT32",LRT,5,0.200345
51109,1,2,0.0,0.051254,0.000425,0.0,217993.1609,636813.2111,"LRT61, LRT62",LRT,5,0.200301
36075,2,1,0.004558,0.054899,0.000646,0.0,209419.6263,753255.5269,m0820a,BRT,4,0.19928
36078,2,1,0.00487,0.055834,0.000629,0.0,209386.3305,752922.7643,m0820a,BRT,4,0.199127
36961,3,2,0.000337,0.02725,0.000761,0.0,230071.4054,758788.4174,"brt021, brt022",BRT,4,0.198781
36073,2,1,0.00518,0.056974,0.0006,0.0,209346.3132,752529.1641,m0820a,BRT,4,0.197901
36814,3,2,0.00518,0.029255,0.000666,0.0,226283.8006,732269.9414,"brt031, brt032",BRT,4,0.197827
467807,2,2,5.4e-05,0.014184,0.000704,0.0,187089.8316,572889.6363,"4.3_Ofakim-TelSheva, 4.3_TelSheva-Ofakim",LRT,5,0.197788
36894,2,2,0.01156,0.03908,0.000603,0.0,225011.888,751742.5036,"brt011, brt012",BRT,4,0.197513
170132,2,1,1e-06,0.089415,0.000274,0.0,188865.3434,652849.673,BRT1-1,BRT,4,0.197386
36080,2,1,0.004244,0.052922,0.000655,0.0,209409.4307,753997.9911,m0820a,BRT,4,0.197358
12017,3,1,0.00082,0.06937,0.000359,7e-06,206129.9862,747205.1143,m0320a,BRT,4,0.196843
36817,3,2,0.004558,0.029068,0.000666,0.0,226125.3649,732088.2243,"brt031, brt032",BRT,4,0.196792
467944,2,2,0.000107,0.015877,0.000673,0.0,182977.6641,570587.1916,"4.2_LRT_BRS-Shoket, 4.2_LRT_Shoket-BRS",LRT,5,0.196766
36149,4,1,0.000331,0.055193,0.000393,0.0,205276.4401,741309.3428,m0610a,BRT,4,0.19646
36147,4,1,4e-06,0.05282,0.000423,0.0,205758.2257,740610.3662,m0610a,BRT,4,0.196236
36083,2,1,0.003928,0.051762,0.00066,0.0,209349.8559,754453.1425,m0820a,BRT,4,0.196062
36660,3,1,0.0,0.069332,0.000359,7e-06,206137.2119,747215.1768,m0310a,BRT,4,0.195713
467934,2,2,5.4e-05,0.007967,0.000756,0.0,163796.5822,581011.667,"4.3_Ofakim-TelSheva, 4.3_TelSheva-Ofakim",LRT,5,0.195534
511117,1,2,0.0,0.057819,0.000299,0.0,187775.9331,695840.3456,"LRT121, LRT151",LRT,5,0.195391
36072,2,1,0.005489,0.058987,0.000547,0.0,209280.5077,751867.8989,m0820a,BRT,4,0.195292
36598,4,2,0.000132,0.00822,0.000818,0.0,194726.2493,713821.073,"brt061, brt062",BRT,4,0.19514
51233,1,1,0.0,0.069593,0.000277,0.0,222219.455,631286.8532,LRT9,LRT,5,0.194707
511164,2,1,0.0,0.089755,0.000243,0.0,189619.3848,675535.5257,LRT141,BRT,4,0.194614
36081,2,1,0.00361,0.050153,0.000663,0.0,209237.5196,755112.4915,m0820a,BRT,4,0.193936
36746,2,1,0.000337,0.044372,0.000769,0.0,197979.3692,739637.1326,m0620a,BRT,4,0.193374
14871,2,1,0.001768,0.064569,0.000506,4.6e-05,199694.4671,746728.4609,m0810a,BRT,4,0.193113
36714,3,2,0.000664,0.02853,0.000684,0.0,228518.4713,758719.5175,"brt021, brt022",BRT,4,0.192828
265017,2,1,0.002006,0.066723,0.000468,0.0,171039.4211,632096.7653,RH-GY2,BRT,4,0.192052
512286,1,1,0.0,0.072953,0.000208,0.0,166003.9396,633428.4834,Orange_S,LRT,5,0.19173
36896,2,2,0.011288,0.038872,0.000552,0.0,225022.876,751914.8567,"brt011, brt012",BRT,4,0.191711
467819,2,2,0.000157,0.016898,0.000609,0.0,182149.1891,570801.4259,"4.2_LRT_BRS-Shoket, 4.2_LRT_Shoket-BRS",LRT,5,0.191469
525324,1,1,0.0,0.094009,0.000298,0.0,180974.7237,673963.4193,Hz-KS1,BRT,4,0.191302
500044,2,2,0.01138,0.037991,0.000558,0.0,178536.1191,613302.7774,"BRT_Blue_E, BRT_Blue_W",BRT,4,0.191297
500225,3,2,0.000775,0.03619,0.000571,0.0,179877.239,611055.4867,"BRT_Pink_E, BRT_Pink_W",BRT,4,0.19071
36085,2,1,0.003291,0.047635,0.000665,0.0,208970.2053,756210.672,m0820a,BRT,4,0.190623
467933,2,2,0.000107,0.008224,0.000703,0.0,163931.1907,580167.8069,"4.3_Ofakim-TelSheva, 4.3_TelSheva-Ofakim",LRT,5,0.190476
467808,2,2,0.000107,0.014955,0.000623,0.0,186300.6734,572912.0509,"4.3_Ofakim-TelSheva, 4.3_TelSheva-Ofakim",LRT,5,0.190458
500045,2,2,0.012125,0.038244,0.000536,0.0,178228.6961,613588.1366,"BRT_Blue_E, BRT_Blue_W",BRT,4,0.190317
36850,3,1,0.000562,0.069405,0.000298,0.0,212730.345,747634.3815,brt012,BRT,4,0.190275
36230,2,4,3.6e-05,0.008908,0.000782,0.0,191305.2664,705179.2716,"brt051, brt052, brt061, brt062",BRT,4,0.189575
36087,2,1,0.00297,0.046608,0.000666,0.0,208831.2522,756684.2907,m0820a,BRT,4,0.189023
500224,2,2,0.001541,0.036433,0.000678,0.0,179850.5588,611488.98,"BRT_Pink_E, BRT_Pink_W",BRT,4,0.188812
500043,2,2,0.010635,0.037845,0.000543,0.0,178661.9339,613091.4627,"BRT_Blue_E, BRT_Blue_W",BRT,4,0.188649
36979,2,2,0.000672,0.025799,0.000814,0.0,227511.8769,725474.3064,"brt041, brt042",BRT,4,0.188573
500035,2,2,0.001541,0.03633,0.000677,0.0,179174.588,611001.6326,"BRT_Blue_E, BRT_Blue_W",BRT,4,0.188535
467922,2,2,5.4e-05,0.004508,0.000728,0.0,218802.3475,573002.7679,"4.1_Arad-BS, 4.1_BS-Arad",LRT,5,0.188334
36841,2,2,0.000672,0.025189,0.000816,0.0,222541.2355,729746.2564,"brt031, brt032",BRT,4,0.188026
36993,2,2,0.007304,0.031238,0.000655,0.0,227823.6932,732728.075,"brt031, brt032",BRT,4,0.187675
19226,2,2,0.007006,0.031047,0.00066,0.0,227776.7635,732949.9816,"brt031, brt032",BRT,4,0.187573
13148,2,1,0.001557,0.063867,0.000464,8e-06,199504.8269,746928.7657,m0810a,BRT,4,0.187572
36373,2,1,0.001006,0.045264,0.000692,0.0,197567.4568,739707.2637,m0620a,BRT,4,0.187415
36991,2,2,0.0076,0.031372,0.000647,0.0,227938.4177,732618.8368,"brt031, brt032",BRT,4,0.18739
36997,2,2,0.006706,0.030802,0.000663,0.0,227722.9705,733237.4112,"brt031, brt032",BRT,4,0.187118
467764,2,2,0.000165,0.010081,0.000647,0.0,178100.0926,589095.1236,"4.4_Bee'rSheva-Rahat_Main, 4.4_Rahat-Bee'rSheva_Main",LRT,5,0.187019
467928,2,2,0.00012,0.009829,0.000648,0.0,178722.2372,588949.2034,"4.4_Bee'rSheva-Rahat_Main, 4.4_Rahat-Bee'rSheva_Main",LRT,5,0.186767
36650,2,1,0.000337,0.038789,0.000771,0.0,208497.6618,760900.7176,m0820a,BRT,4,0.186739
36990,2,2,0.007894,0.031751,0.000631,0.0,228255.7773,732927.3036,"brt031, brt032",BRT,4,0.186626
36999,2,2,0.006404,0.030505,0.000665,0.0,227367.9083,733287.0357,"brt031, brt032",BRT,4,0.186533
36372,2,1,0.001338,0.045579,0.000673,0.0,197567.6215,739864.8896,m0620a,BRT,4,0.186354
32005,2,2,0.000337,0.057788,0.00076,0.0,202156.9144,742080.5957,"c001, c002",Cable Line,3,0.186339
467932,2,2,0.000157,0.008437,0.00066,0.0,163965.3517,579480.602,"4.3_Ofakim-TelSheva, 4.3_TelSheva-Ofakim",LRT,5,0.186315
467927,2,2,7.3e-05,0.009279,0.000651,0.0,179391.4602,587654.751,"4.4_Bee'rSheva-Rahat_Main, 4.4_Rahat-Bee'rSheva_Main",LRT,5,0.186296
36384,3,1,0.001003,0.055135,0.000423,7e-06,197105.4007,743446.532,m0720a,BRT,4,0.186138
36807,2,2,0.006101,0.030302,0.000665,0.0,227129.1638,733219.3636,"brt031, brt032",BRT,4,0.185946
36173,2,1,0.001668,0.046425,0.000655,0.0,197591.1301,740279.0579,m0620a,BRT,4,0.185892
467943,2,2,0.000206,0.018925,0.000527,0.0,180893.0032,571576.5501,"4.2_LRT_BRS-Shoket, 4.2_LRT_Shoket-BRS",LRT,5,0.185565
500034,2,2,0.002306,0.036612,0.000634,0.0,178909.1506,611424.035,"BRT_Blue_E, BRT_Blue_W",BRT,4,0.185523
467761,2,2,0.000329,0.010682,0.000623,0.0,177001.4823,588428.9159,"4.5_Bee'rSheva-Rahat, 4.5_Rahat-Bee'rSheva",LRT,5,0.185498
36066,2,1,0.002647,0.04382,0.000668,0.0,208088.3555,757927.0309,m0820a,BRT,4,0.185338
36809,2,2,0.005796,0.029922,0.000666,0.0,226800.0273,732882.4525,"brt031, brt032",BRT,4,0.185137
36383,3,1,0.0,0.055212,0.000423,7e-06,197079.2595,743446.5912,m0710a,BRT,4,0.184907
36370,2,1,0.001996,0.046814,0.000634,0.0,197447.6623,740398.3417,m0620a,BRT,4,0.18466
467925,2,2,2.4e-05,0.008656,0.000641,0.0,180756.912,586470.4044,"4.4_Bee'rSheva-Rahat_Main, 4.4_Rahat-Bee'rSheva_Main",LRT,5,0.184408
500217,2,2,0.001519,0.03742,0.000623,0.0,177157.8734,612939.3947,"BRT_Pink_E, BRT_Pink_W",BRT,4,0.184305
36812,2,2,0.005489,0.029514,0.000666,0.0,226376.5273,732589.6863,"brt031, brt032",BRT,4,0.184245
36932,2,2,0.005489,0.034542,0.000603,0.0,224487.7721,754979.2339,"brt021, brt022",BRT,4,0.1839
500218,2,2,0.000774,0.03715,0.000629,0.0,177238.1111,612478.957,"BRT_Pink_E, BRT_Pink_W",BRT,4,0.183665
467920,2,2,0.000107,0.006173,0.000661,0.0,205874.3258,574297.8847,"4.1_Arad-BS, 4.1_BS-Arad",LRT,5,0.183515
36940,2,2,0.004558,0.030745,0.000656,0.0,227324.6351,757052.4241,"brt021, brt022",BRT,4,0.183485
36653,2,1,0.002322,0.04258,0.000669,0.0,208072.4211,758628.3673,m0820a,BRT,4,0.183479
36938,2,2,0.00487,0.031031,0.000647,0.0,227014.595,757161.7204,"brt021, brt022",BRT,4,0.1833
500216,2,2,0.002275,0.037725,0.000599,0.0,177045.8504,613441.6632,"BRT_Pink_E, BRT_Pink_W",BRT,4,0.183219
36649,2,1,0.000672,0.039338,0.000726,0.0,208362.7226,760558.9475,m0820a,BRT,4,0.183218
512285,1,2,0.0,0.047322,0.000306,0.0,158536.3153,615647.9996,"Orange_N, RedN",LRT,5,0.183199
36942,2,2,0.004244,0.030302,0.000661,0.0,227841.1874,757103.7021,"brt021, brt022",BRT,4,0.18302
36815,2,2,0.00487,0.029141,0.000666,0.0,226195.0343,732150.8486,"brt031, brt032",BRT,4,0.182993
467765,2,2,0.000366,0.011107,0.000593,0.0,177052.7861,587310.1427,"4.5_Bee'rSheva-Rahat, 4.5_Rahat-Bee'rSheva",LRT,5,0.182919
467926,2,2,1.8e-05,0.008446,0.000628,0.0,180023.7562,586741.8018,"4.4_Bee'rSheva-Rahat_Main, 4.4_Rahat-Bee'rSheva_Main",LRT,5,0.182814
36930,2,2,0.005796,0.037495,0.000552,0.0,225156.7775,752524.3949,"brt021, brt022",BRT,4,0.182758
36935,2,2,0.00518,0.031439,0.000631,0.0,226593.3271,757350.3012,"brt021, brt022",BRT,4,0.182623
36944,2,2,0.003928,0.029947,0.000664,0.0,228250.4339,757213.5912,"brt021, brt022",BRT,4,0.182511
467949,2,2,0.000206,0.008768,0.000617,0.0,164924.8012,579073.7395,"4.3_Ofakim-TelSheva, 4.3_TelSheva-Ofakim",LRT,5,0.182397
36978,2,2,0.001006,0.026204,0.000744,0.0,227549.6219,726087.981,"brt041, brt042",BRT,4,0.182349
500223,2,2,0.002306,0.036766,0.000602,0.0,179987.5131,612055.281,"BRT_Pink_E, BRT_Pink_W",BRT,4,0.182348
467906,1,4,0.0,0.01591,0.000421,0.0,177597.1397,571435.1287,"4.4_Bee'rSheva-Rahat_Main, 4.4_Rahat-Bee'rSheva_Main, 4.5_Bee'rSheva-Rahat, 4.5_Rahat-Bee'rSheva",LRT,5,0.182323
15948,4,1,0.000192,0.057492,0.000229,0.000194,196829.2993,744032.0122,m0120a,BRT,4,0.182315
36371,2,1,0.002322,0.047368,0.0006,0.0,197440.9123,740660.3679,m0620a,BRT,4,0.182286
36040,2,1,0.001996,0.04153,0.000672,0.0,208144.9038,759246.7785,m0820a,BRT,4,0.182116
467941,2,2,0.000232,0.019497,0.000486,0.0,179724.9353,573942.1513,"4.1_Arad-BS, 4.1_BS-Arad",LRT,5,0.182096
36946,2,2,0.00361,0.029663,0.000666,0.0,228539.3008,757403.4358,"brt021, brt022",BRT,4,0.181955
36840,2,2,0.001006,0.025576,0.000748,0.0,222912.3046,730239.9549,"brt031, brt032",BRT,4,0.181954
500219,2,2,2.9e-05,0.036915,0.000625,0.0,177355.4753,612082.315,"BRT_Pink_E, BRT_Pink_W",BRT,4,0.181942
467836,2,2,0.000157,0.01586,0.000526,0.0,185443.4264,572881.5236,"4.3_Ofakim-TelSheva, 4.3_TelSheva-Ofakim",LRT,5,0.181644
36056,2,1,0.001006,0.040024,0.000698,0.0,208204.8236,760140.0181,m0820a,BRT,4,0.181629
500032,2,2,0.003073,0.036913,0.000583,0.0,178943.7614,611945.723,"BRT_Blue_E, BRT_Blue_W",BRT,4,0.18162
36819,2,2,0.004244,0.028636,0.000666,0.0,225623.8784,731824.665,"brt031, brt032",BRT,4,0.181563
36255,3,3,0.000181,0.010609,0.000669,0.0,193424.588,704975.0992,"brt051, brt052, brt061",BRT,4,0.181488
36948,2,2,0.003291,0.029319,0.000668,0.0,228685.0575,757800.7636,"brt021, brt022",BRT,4,0.181352
36655,2,1,0.001668,0.040891,0.000676,0.0,208029.733,759622.1819,m0820a,BRT,4,0.181254
467756,2,2,5.4e-05,0.00979,0.000596,0.0,175243.1156,588459.371,"4.4_Bee'rSheva-Rahat_Main, 4.4_Rahat-Bee'rSheva_Main",LRT,5,0.181196
36646,2,1,0.001338,0.04038,0.000685,0.0,208111.0075,759933.2179,m0820a,BRT,4,0.181165
36950,2,2,0.00297,0.029141,0.000671,0.0,228738.7571,758017.0747,"brt021, brt022",BRT,4,0.181003
467794,2,2,0.000157,0.009912,0.000588,0.0,192602.9642,577843.4011,"4.1_Arad-BS, 4.1_BS-Arad",LRT,5,0.180701
36822,2,2,0.003928,0.028242,0.000667,0.0,225122.2775,731656.4729,"brt031, brt032",BRT,4,0.180688
36976,2,2,0.001338,0.027381,0.000707,0.0,227674.1031,727776.5999,"brt041, brt042",BRT,4,0.180389
36594,3,2,0.000212,0.008608,0.000806,0.0,195588.8625,713712.4707,"brt061, brt062",BRT,4,0.180215
467948,2,2,0.00022,0.019202,0.00047,0.0,179443.3127,573300.4579,"4.1_Arad-BS, 4.1_BS-Arad",LRT,5,0.180008
500215,2,2,0.003041,0.038009,0.000553,0.0,177508.103,613497.4146,"BRT_Pink_E, BRT_Pink_W",BRT,4,0.179841
19000,2,2,0.00361,0.027841,0.000667,0.0,224832.6571,731189.4273,"brt031, brt032",BRT,4,0.179793
467867,2,2,0.000326,0.019489,0.000462,0.0,181380.6129,572631.2177,"4.3_Ofakim-TelSheva, 4.3_TelSheva-Ofakim",LRT,5,0.179727
500220,2,2,4e-05,0.036847,0.000604,0.0,177717.1015,612176.6902,"BRT_Pink_E, BRT_Pink_W",BRT,4,0.179681
36716,2,2,0.000337,0.028454,0.000699,0.0,228474.244,758808.1747,"brt021, brt022",BRT,4,0.179518
36838,2,2,0.001338,0.026121,0.000713,0.0,222849.2722,731078.4908,"brt031, brt032",BRT,4,0.179451
467940,2,2,0.000318,0.019137,0.000458,0.0,182095.5811,572690.3032,"4.3_Ofakim-TelSheva, 4.3_TelSheva-Ofakim",LRT,5,0.178842
36825,2,2,0.003291,0.027221,0.000668,0.0,223974.8647,731007.6336,"brt031, brt032",BRT,4,0.178695
36658,2,1,0.006274,0.064481,0.000309,0.000369,201059.5999,743889.371,m0410a,BRT,4,0.178664
36974,2,2,0.001668,0.027751,0.00068,0.0,227712.5946,728280.916,"brt041, brt042",BRT,4,0.17849
467767,2,2,0.0004,0.011562,0.000542,0.0,176413.0335,586338.4446,"4.5_Bee'rSheva-Rahat, 4.5_Rahat-Bee'rSheva",LRT,5,0.178346
36827,2,2,0.00297,0.027109,0.000668,0.0,223845.7753,731106.667,"brt031, brt032",BRT,4,0.178207
36592,3,2,0.000235,0.008878,0.00078,0.0,195755.6703,713127.0792,"brt061, brt062",BRT,4,0.177942
467909,2,2,0.000252,0.019918,0.000439,0.0,180216.8785,574189.337,"4.1_Arad-BS, 4.1_BS-Arad",LRT,5,0.177799
36376,2,1,0.002647,0.048099,0.000544,0.0,197779.6896,740655.9704,m0620a,BRT,4,0.177784
36835,2,2,0.001668,0.026238,0.000691,0.0,222912.0988,731245.1754,"brt031, brt032",BRT,4,0.17777
36972,2,2,0.001996,0.028339,0.000662,0.0,227770.1327,729058.21,"brt041, brt042",BRT,4,0.17773
36829,2,2,0.002647,0.026781,0.000671,0.0,223514.0826,731452.375,"brt031, brt032",BRT,4,0.177634
21099,2,2,0.001996,0.026331,0.000681,0.0,222920.5924,731385.4529,"brt031, brt032",BRT,4,0.177266
36831,2,2,0.002322,0.026453,0.000674,0.0,223032.6896,731531.0779,"brt031, brt032",BRT,4,0.177093
500221,2,2,0.000806,0.037286,0.000563,0.0,178454.9009,612316.9488,"BRT_Pink_E, BRT_Pink_W",BRT,4,0.177018
18907,3,1,0.0,0.054539,0.000352,0.0,205419.3849,741130.6601,m0520a,BRT,4,0.176777
10309,3,1,0.0,0.052862,0.000372,0.0,205760.3175,740630.1415,m0620a,BRT,4,0.176711
467947,2,2,0.000254,0.009193,0.000555,0.0,166118.5069,579521.8888,"4.3_Ofakim-TelSheva, 4.3_TelSheva-Ofakim",LRT,5,0.176523
500238,2,2,3e-06,0.035535,0.000589,0.0,180565.3357,610644.7037,"BRT_Blue_E, BRT_Blue_W",BRT,4,0.176439
467755,2,2,8.9e-05,0.010068,0.000543,0.0,174422.3619,588026.9965,"4.4_Bee'rSheva-Rahat_Main, 4.4_Rahat-Bee'rSheva_Main",LRT,5,0.17619
21062,2,2,0.002322,0.028536,0.000638,0.0,227769.0768,729314.1261,"brt041, brt042",BRT,4,0.176011
360268,2,2,0.000337,0.025639,0.000698,0.0,227496.725,725226.843,"brt041, brt042",BRT,4,0.175939
390513,3,2,0.000276,0.010194,0.000741,0.0,196057.676,710189.065,"brt061, brt062",BRT,4,0.175608
36967,2,2,0.002647,0.030075,0.000608,0.0,227655.3788,731202.2954,"brt041, brt042",BRT,4,0.175167
36843,2,2,0.000337,0.024898,0.000699,0.0,222254.21,729369.9595,"brt031, brt032",BRT,4,0.17516
15667,2,1,0.001523,0.062371,0.000351,4e-06,198804.6312,747349.7775,m0810a,BRT,4,0.174008
31504,2,2,0.000672,0.061937,0.000923,4.6e-05,199678.955,746264.879,"s0110a, s0120a",Funicular,2,0.173017
515120,1,1,0.0,0.079324,0.000293,0.0,192003.4193,655100.6919,BRT2-1,BRT,4,0.17258
17111,3,1,0.0,0.059698,0.000239,0.0,202227.34,742530.1983,m0810a,BRT,4,0.171396
51224,1,1,0.0,0.0369,0.000427,0.0,221462.5977,640997.1936,LRT10,LRT,5,0.169904
36608,2,2,6.9e-05,0.007736,0.000853,0.0,193735.3313,713773.8153,"brt061, brt062",BRT,4,0.169576
525473,1,1,0.0,0.064077,0.000429,0.0,171500.0736,633326.1549,RH-GY1,BRT,4,0.167824
525286,1,1,0.0,0.074942,0.000298,0.0,196009.4164,676706.8294,Hz-KS2,BRT,4,0.16779
500214,2,2,0.0,0.038633,0.000463,0.0,178204.8217,614377.6797,"BRT_Pink_E, BRT_Pink_W",BRT,4,0.167262
500033,2,2,0.0,0.040165,0.000444,0.0,176068.106,615610.9348,"BRT_Blue_E, BRT_Blue_W",BRT,4,0.167258
32001,3,1,0.004004,0.073594,0.000315,0.001347,203419.5955,744319.1954,c001,Cable Line,3,0.16661
36606,2,2,0.000101,0.007831,0.000809,0.0,193930.9439,713783.9242,"brt061, brt062",BRT,4,0.165151
34071,1,1,0.0,0.043115,0.000295,0.0,216672.145,757360.4903,lrt06,LRT,5,0.163893
400684,2,2,6.9e-05,0.005793,0.000816,0.0,203726.654,702041.605,"brt051, brt052",BRT,4,0.163296
525325,1,1,0.0,0.071235,0.000299,0.0,196977.7299,662284.733,BBEld2,BRT,4,0.163224
500233,2,2,3e-06,0.035791,0.000428,0.0,180582.835,611191.8454,"BRT_Blue_E, BRT_Pink_W",BRT,4,0.160159
195251,1,1,0.0,0.066945,0.000299,0.0,199658.2163,668084.5561,BRT-1,BRT,4,0.157966
525592,1,1,0.0,0.067445,0.000292,0.0,198394.4599,669342.8554,RH-RG1,BRT,4,0.157847
36375,2,1,0.0,0.044348,0.000428,0.0,197991.5994,739635.1583,m0620a,BRT,4,0.157677
36588,2,2,0.000294,0.010535,0.000696,0.0,196474.4904,709612.1373,"brt061, brt062",BRT,4,0.157094
36504,2,2,0.000101,0.006118,0.000748,0.0,204558.1991,702822.2985,"brt051, brt052",BRT,4,0.156741
525597,1,1,0.0,0.066495,0.000292,0.0,198460.8201,665854.6657,RH-RG2,BRT,4,0.156676
36621,2,2,3.6e-05,0.007208,0.00072,0.0,192695.3078,713368.709,"brt061, brt062",BRT,4,0.155146
49768,1,1,0.0,0.064738,0.000292,0.0,211360.855,745874.605,m0220a,BRT,4,0.154536
36580,2,2,0.00031,0.011137,0.000661,0.0,197741.6821,709778.6071,"brt061, brt062",BRT,4,0.154255
36496,2,2,0.000132,0.006379,0.000713,0.0,203866.3968,703369.8325,"brt051, brt052",BRT,4,0.153464
467811,1,2,0.0,0.013502,0.000414,0.0,185313.0207,570209.8092,"4.2_LRT_BRS-Shoket, 4.2_LRT_Shoket-BRS",LRT,5,0.152623
511231,1,1,0.0,0.063892,0.00028,0.0,184976.7067,686402.4875,LRT141,BRT,4,0.152262
31505,2,2,0.000337,0.059025,0.00076,7e-06,199496.002,745901.521,"s0110a, s0120a",Funicular,2,0.152153
500188,2,1,0.001557,0.048711,0.000298,0.0,157240.5857,616525.8344,BRT_Pink_E,BRT,4,0.15178
36495,2,2,0.00016,0.006642,0.00069,0.0,203235.4787,703967.7906,"brt051, brt052",BRT,4,0.151531
380050,2,2,0.000235,0.008407,0.000666,0.0,204733.5995,707010.1075,"brt051, brt052",BRT,4,0.151248
30025,2,2,0.000276,0.009461,0.000651,0.0,203424.7927,708721.681,"brt051, brt052",BRT,4,0.151053
36575,2,2,0.000324,0.011475,0.000625,0.0,198118.405,709139.4126,"brt061, brt062",BRT,4,0.150918
36482,2,2,0.000256,0.008601,0.000659,0.0,205092.6186,707359.6226,"brt051, brt052",BRT,4,0.150836
400681,2,2,3.6e-05,0.005463,0.000699,0.0,202496.3082,702056.5246,"brt051, brt052",BRT,4,0.150789
36493,2,2,0.000187,0.006929,0.000679,0.0,202726.7599,704747.5873,"brt051, brt052",BRT,4,0.150785
36287,2,2,0.000294,0.010383,0.000636,0.0,201321.1724,708662.6695,"brt051, brt052",BRT,4,0.15074
467805,1,2,0.0,0.013167,0.000399,0.0,188150.013,573317.5185,"4.3_Ofakim-TelSheva, 4.3_TelSheva-Ofakim",LRT,5,0.150724
400169,2,2,0.000212,0.007432,0.000671,0.0,202165.8746,706208.1705,"brt051, brt052",BRT,4,0.15056
36285,2,2,0.00031,0.011182,0.000612,0.0,199730.597,708021.0046,"brt051, brt052",BRT,4,0.149207
36563,2,2,0.000336,0.012066,0.000573,0.0,197318.8228,708031.7667,"brt061, brt062",BRT,4,0.146368
467893,1,2,0.0,0.007582,0.000422,0.0,162469.9066,580835.7216,"4.3_Ofakim-TelSheva, 4.3_TelSheva-Ofakim",LRT,5,0.146208
36904,3,1,0.0,0.036095,0.000272,0.0,227224.1795,752306.1612,brt021,BRT,4,0.145674
36283,2,2,0.000324,0.011632,0.000568,0.0,199044.7167,707336.9637,"brt051, brt052",BRT,4,0.145251
36959,2,1,0.0,0.027402,0.000497,0.0,229873.859,758718.921,brt021,BRT,4,0.143987
467758,1,2,0.0,0.010074,0.00037,0.0,176722.654,589539.4152,"4.4_Bee'rSheva-Rahat_Main, 4.4_Rahat-Bee'rSheva_Main",LRT,5,0.143872
30034,3,1,0.0,0.034898,0.000267,0.0,228178.429,751968.3741,brt022,BRT,4,0.143693
467759,1,2,0.0,0.00967,0.00037,0.0,176515.1151,590464.1271,"4.5_Bee'rSheva-Rahat, 4.5_Rahat-Bee'rSheva",LRT,5,0.143374
467873,1,2,0.0,0.004359,0.00041,0.0,220154.2697,573852.4078,"4.1_Arad-BS, 4.1_BS-Arad",LRT,5,0.140978
467251,2,1,0.0,0.013449,0.000285,0.0,187570.1239,577284.123,4.2_LRT_BRS-Shoket,LRT,5,0.140614
500086,1,1,0.0,0.050103,0.000298,0.0,157974.6614,620694.7745,BRT_Blue_W,BRT,4,0.137158
36389,1,1,0.0,0.049049,0.000308,0.0,197852.7584,741637.9573,m0710a,BRT,4,0.136794
42202,1,1,0.0,0.03784,0.000429,0.0,208680.5829,761531.8631,m0820a,BRT,4,0.135469
11239,1,1,0.0,0.049919,0.000256,0.0,206496.2594,739766.1712,m0520a,BRT,4,0.13255
390202,3,1,3.1e-05,0.008232,0.000473,0.0,194753.2738,713706.2933,brt062,BRT,4,0.132179
36927,1,2,0.0,0.027956,0.000299,0.0,235305.6932,751819.168,"brt011, brt021",BRT,4,0.122891
36596,2,1,4e-06,0.008221,0.000474,0.0,194739.2174,713725.0736,brt062,BRT,4,0.117965
31501,3,1,0.000338,0.06646,0.000315,0.000875,200352.829,747022.63,s0110a,Funicular,2,0.117047
36253,3,1,0.0,0.010567,0.00029,0.0,193344.5027,704993.6354,brt062,BRT,4,0.116055
390287,2,1,0.0,0.008878,0.000423,0.0,195900.808,713102.153,brt062,BRT,4,0.113489
36963,1,1,0.0,0.026691,0.000316,0.0,230814.7262,759025.368,brt022,BRT,4,0.110063
32006,1,1,0.0,0.053198,0.000315,0.0,201925.831,740966.506,c002,Cable Line,3,0.107006
36985,1,1,0.0,0.025347,0.000298,0.0,227952.7018,725246.4542,brt041,BRT,4,0.1066
36847,1,1,0.0,0.023434,0.000298,0.0,219965.5144,728247.1296,brt031,BRT,4,0.104272
36264,2,1,0.0,0.011418,0.000294,0.0,194402.5564,705548.1811,brt062,BRT,4,0.103261
36239,2,1,0.0,0.009565,0.000299,0.0,192204.5492,704950.5168,brt062,BRT,4,0.101534
400343,1,2,0.0,0.008546,0.000321,0.0,190827.895,704944.479,"brt051, brt062",BRT,4,0.101273
36629,1,1,0.0,0.006859,0.000304,0.0,192805.3872,712584.9432,brt061,BRT,4,0.084444
400644,1,1,0.0,0.005055,0.000298,0.0,200854.3122,702268.6767,brt052,BRT,4,0.081605
31506,1,1,0.0,0.056556,0.000315,1e-06,199217.59,745649.141,s0120a,Funicular,2,0.075433
