node,degree,n_lines,betweenness,closeness,pagerank,eigenvector,x,y,lines,modes,mode_score,hub_score
1019,11,10,0.006655,0.075507,0.000781,0.287358,201184.3105,745418.9393,"R321-2, R323-1, R323-2, R324-1, R324-2, R325-1, R325-2, R327-2, R328-2, R330-1",BRT,4,0.646056
513023,4,8,0.078209,0.100881,0.001364,0.0,184599.518,662690.276,"LRT-L1, LRT-L2, Mgt1-E, Mgt1-W, Mgt2-E, Mgt2-W, Mgt3-E, Mgt3-W",LRT,5,0.630286
36308,11,6,0.000712,0.075371,0.000997,0.325307,201369.339,745505.189,"m0110a, m0120a, m0210a, m0610a, m0710a, m0910a",BRT,4,0.623735
511110,5,5,0.102155,0.088348,0.00102,0.0,175583.599,640617.0944,"L1-N, L1-S, L2-N, L2-S, LRT-L2",LRT,5,0.586184
36634,10,5,0.001653,0.075301,0.000941,0.299309,201183.5296,745444.3922,"m0310a, m0320a, m0510a, m0520a, m0820a",BRT,4,0.580757
511051,4,4,0.101894,0.089463,0.001086,0.0,176186.2229,641890.5415,"L2-N, L2-S, LRT-L1, LRT-L2",LRT,5,0.566606
511100,6,4,0.094836,0.088918,0.000886,0.0,175886.0834,641276.3719,"L2-N, L2-S, LRT-L1, LRT-L2",LRT,5,0.565412
36368,8,11,0.002171,0.066052,0.001684,0.000117,198885.1712,748200.4189,"m0110a, m0120a, m0210a, m0220a, m0610a, m0620a, m0710a, m0720a, m0810a, m0910a, m0920a",BRT,4,0.558717
511273,6,2,0.10688,0.103379,0.000678,1e-06,180046.5489,652653.9868,"LRT-L1, LRT-L2",LRT,5,0.5559
36404,10,3,0.00369,0.075936,0.000717,0.303746,201356.1211,745266.9645,"m0810a, m0910a, m0920a",BRT,4,0.538473
36301,6,10,0.00581,0.077344,0.001348,0.067572,202098.7898,744948.881,"m0110a, m0120a, m0210a, m0220a, m0310a, m0320a, m0620a, m0710a, m0720a, m0820a",BRT,4,0.534987
36632,10,5,0.002187,0.076558,0.000872,0.204445,201601.2384,745129.1874,"m0310a, m0320a, m0510a, m0520a, m0820a",BRT,4,0.534859
36309,9,5,0.000872,0.075309,0.000777,0.244668,201437.1206,745572.6645,"m0120a, m0220a, m0610a, m0720a, m0910a",BRT,4,0.525418
511076,3,4,0.099364,0.087077,0.000818,0.0,175123.2638,639831.98,"L1-N, L1-S, L2-N, L2-S",LRT,5,0.519335
51142,5,8,0.00207,0.089745,0.001268,0.0,218940.3621,628862.974,"LRT31, LRT32, LRT41, LRT42, LRT71, LRT72, LRT81, LRT82",LRT,5,0.517599
512028,3,6,0.054387,0.099325,0.000969,0.0,179037.522,658933.547,"Grn1-N, Grn1-S, Grn2-N, Grn2-S, Grn3-N, Grn3-S",LRT,5,0.517473
512068,3,6,0.052574,0.089625,0.000962,0.0,179973.5393,668900.7325,"Grn1-N, Grn1-S, Grn2-N, Grn2-S, Grn3-N, Grn3-S",LRT,5,0.50051
1016,5,10,0.020061,0.081695,0.001171,0.001493,205605.0931,745589.7711,"R321-1, R321-2, R322-1, R322-2, R323-1, R323-2, R329-1, R329-2, R331-1, R331-2",BRT,4,0.499633
512026,3,6,0.053597,0.098989,0.000786,0.0,179203.599,660547.149,"Grn1-N, Grn1-S, Grn2-N, Grn2-S, Grn3-N, Grn3-S",LRT,5,0.498094
511077,2,4,0.098976,0.085606,0.000767,0.0,174120.9508,639466.8967,"L1-N, L1-S, L2-N, L2-S",LRT,5,0.497482
51103,7,5,0.002068,0.102518,0.000974,0.0,219097.941,632458.8069,"LRT31, LRT32, LRT41, LRT42, LRT9",LRT,5,0.496734
512055,3,6,0.055125,0.098923,0.000751,0.0,178924.2862,660924.6246,"Grn1-N, Grn1-S, Grn2-N, Grn2-S, Grn3-N, Grn3-S",LRT,5,0.496573
1018,5,12,0.01285,0.077449,0.000776,0.056301,202088.2279,744931.5589,"R321-1, R321-2, R323-1, R323-2, R324-1, R324-2, R327-1, R327-2, R328-1, R328-2, R330-1, R330-2",BRT,4,0.495482
512022,3,6,0.05672,0.098593,0.000711,0.0,179188.538,662907.714,"Grn1-N, Grn1-S, Grn2-N, Grn2-S, Grn3-N, Grn3-S",LRT,5,0.494384
36633,10,2,0.000709,0.075958,0.000432,0.303746,201354.926,745276.0812,"m0820a, m0910a",BRT,4,0.493755
51136,4,8,0.001529,0.089748,0.001175,0.0,218940.3621,628862.974,"LRT31, LRT32, LRT41, LRT42, LRT71, LRT72, LRT81, LRT82",LRT,5,0.493457
511078,2,4,0.098585,0.084488,0.00074,0.0,173433.1145,639934.3115,"L1-N, L1-S, L2-N, L2-S",LRT,5,0.492715
512105,4,4,0.077767,0.069704,0.000941,0.0,166105.7551,633159.4221,"Orange_N, Orange_S, RedN, RedS",LRT,5,0.491917
512027,2,6,0.053633,0.099208,0.000853,0.0,178831.666,659366.011,"Grn1-N, Grn1-S, Grn2-N, Grn2-S, Grn3-N, Grn3-S",LRT,5,0.490628
36001,10,2,0.000336,0.075376,0.000417,0.301099,201356.4783,745488.7394,"m0120a, m0920a",BRT,4,0.489747
511043,2,4,0.098192,0.083857,0.000724,0.0,172965.1603,639846.435,"L1-N, L1-S, L2-N, L2-S",LRT,5,0.48972
511046,3,4,0.096222,0.076539,0.000705,0.0,168996.4743,637419.2035,"L1-N, L1-S, L2-N, L2-S",LRT,5,0.489109
513024,3,6,0.02467,0.098895,0.001083,0.0,185197.1174,662116.2539,"Mgt1-E, Mgt1-W, Mgt2-E, Mgt2-W, Mgt3-E, Mgt3-W",LRT,5,0.488192
511008,3,6,0.029864,0.092546,0.001104,0.0,184970.063,666692.183,"Red-N, Red-S, Red2-N, Red2-S, Shut-N, Shut-S",LRT,5,0.488147
512020,3,6,0.052855,0.097706,0.000711,0.0,179784.3637,663723.5648,"Grn1-N, Grn1-S, Grn2-N, Grn2-S, Grn3-N, Grn3-S",LRT,5,0.487946
511079,2,4,0.097799,0.08312,0.000716,0.0,172401.6213,639860.3351,"L1-N, L1-S, L2-N, L2-S",LRT,5,0.487356
511274,2,2,0.100553,0.101114,0.000679,0.0,179235.2745,651520.6653,"LRT-L1, LRT-L2",LRT,5,0.487172
36310,10,2,0.0,0.075291,0.000372,0.304273,201357.0671,745521.2876,"m0120a, m0620a",BRT,4,0.486186
511080,2,4,0.097404,0.082529,0.000711,0.0,171942.715,639871.6544,"L1-N, L1-S, L2-N, L2-S",LRT,5,0.485476
34014,5,6,0.034836,0.074753,0.000967,0.0,212666.6291,747605.9202,"lrt01, lrt02, lrt03, lrt04, lrt05, lrt06",LRT,5,0.484537
511081,2,4,0.097007,0.081811,0.000708,0.0,171380.1295,639885.531,"L1-N, L1-S, L2-N, L2-S",LRT,5,0.483701
512016,3,6,0.049947,0.094837,0.00073,0.0,179634.338,665920.3709,"Grn1-N, Grn1-S, Grn2-N, Grn2-S, Grn3-N, Grn3-S",LRT,5,0.481733
511271,3,2,0.086375,0.103138,0.00064,0.0,181746.4545,656452.6601,"LRT-L1, LRT-L2",LRT,5,0.481644
521045,6,4,0.017453,0.082426,0.001176,0.0,188417.8706,648406.7954,"East-N, East-S, Yelw-N, Yelw-S","BRT, LRT",5,0.48102
511044,2,4,0.096608,0.080391,0.000707,0.0,170242.3765,639913.5946,"L1-N, L1-S, L2-N, L2-S",LRT,5,0.480972
36306,8,5,0.000522,0.076156,0.000786,0.169701,201679.0011,745184.3903,"m0110a, m0120a, m0210a, m0620a, m0710a",BRT,4,0.479785
512025,2,6,0.054686,0.098839,0.00073,0.0,178634.1559,661227.7808,"Grn1-N, Grn1-S, Grn2-N, Grn2-S, Grn3-N, Grn3-S",LRT,5,0.479557
511070,4,4,0.081429,0.073175,0.000713,0.0,167374.704,635701.2971,"L1-N, L1-S, L2-N, L2-S",LRT,5,0.479537
34006,4,6,0.028434,0.081148,0.001052,5.3e-05,207160.5454,745947.4669,"lrt01, lrt02, lrt03, lrt04, lrt07, lrt08",LRT,5,0.479151
511082,2,4,0.096209,0.07901,0.000706,0.0,170230.4202,638770.6716,"L1-N, L1-S, L2-N, L2-S",LRT,5,0.478409
512024,2,6,0.05465,0.098727,0.00072,0.0,178802.323,661907.317,"Grn1-N, Grn1-S, Grn2-N, Grn2-S, Grn3-N, Grn3-S",LRT,5,0.478331
511275,2,2,0.10025,0.095661,0.000672,0.0,178440.2456,647719.2078,"LRT-L1, LRT-L2",LRT,5,0.478293
512023,2,6,0.054618,0.098646,0.000714,0.0,178969.3747,662429.9677,"Grn1-N, Grn1-S, Grn2-N, Grn2-S, Grn3-N, Grn3-S",LRT,5,0.477582
521078,5,4,0.017234,0.081827,0.001296,0.0,190425.4502,651667.7587,"East-N, East-S, Yelw-N, Yelw-S","BRT, LRT",5,0.477252
36319,7,6,0.00074,0.073945,0.000884,0.151189,201175.2465,745846.574,"m0110a, m0120a, m0210a, m0620a, m0710a, m0920a",BRT,4,0.477051
511045,2,4,0.095809,0.078009,0.000706,0.0,170221.4927,637917.2766,"L1-N, L1-S, L2-N, L2-S",LRT,5,0.476392
51021,4,7,0.000799,0.101002,0.000972,0.0,219688.9636,632791.8999,"LRT11, LRT12, LRT21, LRT22, LRT31, LRT32, LRT9",LRT,5,0.475795
511083,2,4,0.095444,0.077619,0.000705,0.0,169830.5264,637921.9408,"L1-N, L1-S, L2-N, L2-S",LRT,5,0.475335
511084,2,4,0.095118,0.077009,0.000705,0.0,169173.0703,637911.0024,"L1-N, L1-S, L2-N, L2-S",LRT,5,0.474017
511276,2,2,0.099985,0.093365,0.000652,0.0,177846.8205,645719.422,"LRT-L1, LRT-L2",LRT,5,0.472706
512097,3,4,0.076389,0.068925,0.000914,0.0,166674.6233,632836.536,"Orange_N, Orange_S, RedN, RedS",LRT,5,0.472031
511086,3,4,0.084455,0.07463,0.000707,0.0,167973.8066,636729.3125,"L1-N, L1-S, L2-N, L2-S",LRT,5,0.470761
512275,4,4,0.063729,0.053837,0.001147,0.0,162475.542,621269.7581,"Orange_N, Orange_S, RedN, RedS",LRT,5,0.470614
1017,5,10,0.017135,0.079608,0.000888,0.012035,203879.7375,744188.8601,"R321-1, R321-2, R322-1, R322-2, R323-1, R323-2, R329-1, R329-2, R331-1, R331-2",BRT,4,0.469772
512011,2,6,0.047553,0.090424,0.000849,0.0,179789.8384,668308.5598,"Grn1-N, Grn1-S, Grn2-N, Grn2-S, Grn3-N, Grn3-S",LRT,5,0.469602
511087,3,4,0.083977,0.074046,0.000707,0.0,167772.8988,636295.5702,"L1-N, L1-S, L2-N, L2-S",LRT,5,0.469368
34005,4,6,0.029907,0.081752,0.000917,0.000421,205619.324,745589.6,"lrt01, lrt02, lrt03, lrt04, lrt07, lrt08",LRT,5,0.46906
36364,3,11,0.002369,0.067004,0.001469,1.8e-05,198921.188,747788.743,"m0110a, m0120a, m0210a, m0220a, m0610a, m0620a, m0710a, m0720a, m0810a, m0910a, m0920a",BRT,4,0.467875
511272,2,2,0.084951,0.102967,0.000665,0.0,180804.3089,654617.1463,"LRT-L1, LRT-L2",LRT,5,0.467655
511168,5,4,0.037288,0.077927,0.00098,0.0,189746.2445,677427.4451,"LRT-L1, LRT-L2, LRT151, LRT152",LRT,5,0.467653
511088,3,4,0.082457,0.073424,0.00071,0.0,167489.6303,635868.6426,"L1-N, L1-S, L2-N, L2-S",LRT,5,0.466678
51018,5,5,0.001324,0.099257,0.001014,0.0,220766.0895,632246.2303,"LRT11, LRT12, LRT31, LRT32, LRT9",LRT,5,0.466439
511165,4,4,0.049809,0.080768,0.000896,0.0,189371.152,675486.8677,"LRT-L1, LRT-L2, LRT142, LRT152",LRT,5,0.46595
51150,4,6,0.001188,0.082161,0.001274,0.0,220609.9952,628087.1968,"LRT31, LRT32, LRT61, LRT62, LRT81, LRT82",LRT,5,0.46587
512013,2,6,0.047985,0.091823,0.000784,0.0,179680.02,667490.7786,"Grn1-N, Grn1-S, Grn2-N, Grn2-S, Grn3-N, Grn3-S",LRT,5,0.465867
512015,2,6,0.048436,0.093469,0.00075,0.0,179746.2489,666607.3432,"Grn1-N, Grn1-S, Grn2-N, Grn2-S, Grn3-N, Grn3-S",LRT,5,0.465454
511089,3,4,0.080949,0.072847,0.00072,0.0,167210.2023,635487.8335,"L1-N, L1-S, L2-N, L2-S",LRT,5,0.464858
511069,3,4,0.078954,0.071685,0.000754,0.0,166812.613,634610.1862,"L1-N, L1-S, L2-N, L2-S",LRT,5,0.463803
511090,3,4,0.079932,0.072296,0.000731,0.0,167022.4291,635073.3388,"L1-N, L1-S, L2-N, L2-S",LRT,5,0.463769
511277,2,2,0.099746,0.089867,0.000614,0.0,176431.9384,642338.1793,"LRT-L1, LRT-L2",LRT,5,0.463688
512185,4,4,0.07452,0.066653,0.000726,0.0,168096.1364,631645.4903,"Orange_N, Orange_S, RedN, RedS",LRT,5,0.462262
1020,5,10,0.000986,0.073509,0.000882,0.064286,200928.1864,745941.4355,"R321-1, R321-2, R325-1, R325-2, R327-1, R327-2, R328-1, R328-2, R330-1, R330-2",BRT,4,0.461849
512190,3,4,0.075981,0.068302,0.000819,0.0,167139.0972,632577.3297,"Orange_N, Orange_S, RedN, RedS",LRT,5,0.461353
512111,6,3,0.016101,0.089008,0.001025,0.0,181513.8812,646368.4966,"Light-Blue_S, Turquoise_N, Turquoise_S",LRT,5,0.460914
512018,2,6,0.04509,0.095764,0.000713,0.0,179621.7743,664631.9005,"Grn1-N, Grn1-S, Grn2-N, Grn2-S, Grn3-N, Grn3-S",LRT,5,0.460716
512017,2,6,0.044815,0.095063,0.000719,0.0,179581.8434,665407.6848,"Grn1-N, Grn1-S, Grn2-N, Grn2-S, Grn3-N, Grn3-S",LRT,5,0.459923
511085,2,4,0.08533,0.075693,0.000706,0.0,168302.6723,637426.8203,"L1-N, L1-S, L2-N, L2-S",LRT,5,0.459072
512134,4,4,0.072698,0.066176,0.000716,0.0,168462.8422,631444.6611,"Orange_N, Orange_S, RedN, RedS",LRT,5,0.45816
511047,2,4,0.084892,0.075198,0.000706,0.0,167943.1245,637214.2168,"L1-N, L1-S, L2-N, L2-S",LRT,5,0.4578
36004,9,3,0.004174,0.075126,0.000719,0.150731,201507.0047,745054.2563,"m0810a, m0910a, m0920a",BRT,4,0.456688
512147,3,4,0.075573,0.067736,0.00077,0.0,167567.3338,632338.3461,"Orange_N, Orange_S, RedN, RedS",LRT,5,0.455273
36110,5,8,0.005689,0.080349,0.001185,0.000263,205645.2956,745712.4591,"m0110a, m0120a, m0210a, m0220a, m0310a, m0320a, m0410a, m0820a",BRT,4,0.453394
516006,4,4,0.010808,0.093951,0.001105,0.0,176553.0248,655370.8368,"ART1-1, ART1-2, ART2-1, ART2-2",LRT,5,0.453076
511009,3,6,0.016868,0.090798,0.000929,0.0,183523.0489,666448.6737,"Red-N, Red-S, Red2-N, Red2-S, Shut-N, Shut-S",LRT,5,0.451196
512132,3,4,0.075046,0.067108,0.00074,0.0,168034.4889,632047.0488,"Orange_N, Orange_S, RedN, RedS",LRT,5,0.450679
516022,5,4,0.018737,0.101756,0.000706,1e-06,179775.0125,652712.8275,"ART1-1, ART1-2, ART2-1, ART2-2",LRT,5,0.450251
36406,9,1,0.006647,0.07537,0.000297,0.278355,201184.7453,745438.0214,m0810a,BRT,4,0.449226
511270,3,2,0.065519,0.102126,0.000591,0.0,182671.6561,657574.0725,"LRT-L1, LRT-L2",LRT,5,0.44749
512052,3,2,0.045233,0.102548,0.00086,0.0,181810.7,656308.15,"Grn2-N, Grn2-S",LRT,5,0.4472
36341,5,10,0.002531,0.072389,0.000988,0.002267,200424.957,747115.495,"m0110a, m0120a, m0210a, m0220a, m0610a, m0620a, m0710a, m0720a, m0910a, m0920a",BRT,4,0.445367
51052,3,6,0.00302,0.095542,0.000988,0.0,221543.9034,633942.4561,"LRT41, LRT42, LRT51, LRT52, LRT71, LRT72",LRT,5,0.445272
511016,4,6,0.009146,0.095765,0.00075,0.0,178897.706,663326.155,"Red-N, Red-S, Red2-N, Red2-S, Shut-N, Shut-S",LRT,5,0.444797
511015,3,6,0.014764,0.097081,0.000772,0.0,179798.646,663787.322,"Red-N, Red-S, Red2-N, Red2-S, Shut-N, Shut-S",LRT,5,0.442094
51022,4,5,0.001729,0.104578,0.000821,0.0,219277.3891,632862.3853,"LRT11, LRT12, LRT21, LRT22, LRT9",LRT,5,0.441392
512095,3,4,0.067086,0.05486,0.000931,0.0,162241.2174,622431.3284,"Orange_N, Orange_S, RedN, RedS",LRT,5,0.44116
36635,4,6,0.005864,0.073802,0.001259,0.068008,200815.1718,745572.6942,"m0310a, m0320a, m0510a, m0520a, m0810a, m0820a",BRT,4,0.440962
516026,4,4,0.024779,0.098947,0.00071,0.0,181565.717,652436.0143,"ART1-1, ART1-2, ART2-1, ART2-2",LRT,5,0.440391
51194,3,6,0.003091,0.093277,0.000967,0.0,221785.8621,633889.3467,"LRT41, LRT42, LRT51, LRT52, LRT71, LRT72",LRT,5,0.440036
516023,4,4,0.021671,0.101261,0.000706,0.0,180318.8812,652527.7142,"ART1-1, ART1-2, ART2-1, ART2-2",LRT,5,0.439173
513022,2,6,0.012292,0.099317,0.000883,0.0,183950.547,662986.159,"Mgt1-E, Mgt1-W, Mgt2-E, Mgt2-W, Mgt3-E, Mgt3-W",LRT,5,0.438516
511266,3,2,0.064069,0.095458,0.000616,0.0,185794.5503,667400.4493,"LRT-L1, LRT-L2",LRT,5,0.43846
513020,3,6,0.012208,0.097464,0.00076,0.0,182853.913,662971.511,"Mgt1-E, Mgt1-W, Mgt2-E, Mgt2-W, Mgt3-E, Mgt3-W",LRT,5,0.438065
511176,4,4,0.027985,0.067273,0.001096,0.0,189988.3338,684678.5628,"LRT-L1, LRT-L2, LRT151, LRT152",LRT,5,0.437083
36103,4,8,0.010191,0.079196,0.001096,0.002568,203926.758,744242.158,"m0110a, m0120a, m0210a, m0220a, m0310a, m0320a, m0410a, m0820a",BRT,4,0.43579
511166,3,4,0.036751,0.079966,0.000923,0.0,189630.8478,675953.8298,"LRT-L1, LRT-L2, LRT151, LRT152",LRT,5,0.435755
1023,5,10,0.001772,0.068622,0.000962,0.000201,199663.8521,747644.5831,"R321-1, R321-2, R325-1, R325-2, R327-1, R327-2, R328-1, R328-2, R330-1, R330-2",BRT,4,0.435519
1006,5,12,0.000217,0.063641,0.000783,1e-06,208661.7429,751573.1809,"R1001-1, R1001-2, R1002-1, R1002-2, R1003-1, R1003-2, R321-1, R321-2, R322-1, R322-2, R323-1, R323-2",BRT,4,0.434797
36000,5,8,0.003624,0.078687,0.000996,0.009754,203587.341,744143.342,"m0110a, m0120a, m0210a, m0220a, m0310a, m0320a, m0720a, m0820a",BRT,4,0.433973
511012,3,6,0.012658,0.094539,0.000753,0.0,181114.701,665511.168,"Red-N, Red-S, Red2-N, Red2-S, Shut-N, Shut-S",LRT,5,0.433793
521043,3,4,0.015162,0.081999,0.001168,0.0,189874.8229,650356.5694,"East-N, East-S, Yelw-N, Yelw-S","BRT, LRT",5,0.43371
512049,3,2,0.047822,0.100689,0.000712,0.0,180817.75,657538.817,"Grn2-N, Grn2-S",LRT,5,0.433555
513012,3,6,0.010342,0.09791,0.000725,0.0,179220.368,662865.157,"Mgt1-E, Mgt1-W, Mgt2-E, Mgt2-W, Mgt3-E, Mgt3-W",LRT,5,0.432756
512123,3,2,0.078578,0.071616,0.000692,0.0,166798.9629,634610.8541,"RedN, RedS",LRT,5,0.43125
516008,4,4,0.011955,0.095728,0.000828,0.0,177163.5897,655059.9453,"ART1-1, ART1-2, ART2-1, ART2-2",LRT,5,0.430128
51111,4,6,0.000853,0.083416,0.000888,0.0,218340.0342,628809.812,"LRT31, LRT32, LRT71, LRT72, LRT81, LRT82",LRT,5,0.429552
513021,2,6,0.011891,0.097955,0.000803,0.0,183239.884,663054.641,"Mgt1-E, Mgt1-W, Mgt2-E, Mgt2-W, Mgt3-E, Mgt3-W",LRT,5,0.428202
513011,3,6,0.005337,0.096223,0.000769,0.0,178844.544,663414.046,"Mgt1-E, Mgt1-W, Mgt2-E, Mgt2-W, Mgt3-E, Mgt3-W",LRT,5,0.427932
36402,10,1,0.005084,0.076541,0.000263,0.205216,201601.059,745120.134,m0610a,BRT,4,0.427704
512192,3,2,0.078025,0.071066,0.00066,0.0,166562.4535,634215.192,"RedN, RedS",LRT,5,0.426578
512272,2,4,0.072143,0.064583,0.000713,0.0,168597.3182,630032.8874,"Orange_N, Orange_S, RedN, RedS",LRT,5,0.426259
513002,3,6,0.005194,0.096737,0.000741,0.0,178880.9137,663040.5548,"Mgt1-E, Mgt1-W, Mgt2-E, Mgt2-W, Mgt3-E, Mgt3-W",LRT,5,0.425741
511262,3,4,0.032607,0.079788,0.000868,0.0,182227.0367,674890.346,"LRT121, LRT122, LRT131, LRT132",LRT,5,0.424618
1021,4,10,0.002432,0.074158,0.000853,0.01119,200748.2762,746290.8966,"R321-1, R321-2, R325-1, R325-2, R327-1, R327-2, R328-1, R328-2, R330-1, R330-2",BRT,4,0.424277
511173,3,4,0.029669,0.074404,0.00098,0.0,189226.937,679681.3185,"LRT-L1, LRT-L2, LRT151, LRT152",LRT,5,0.423912
512273,2,4,0.071588,0.063496,0.00071,0.0,168189.4386,629114.2052,"Orange_N, Orange_S, RedN, RedS",LRT,5,0.423692
51033,6,6,0.000342,0.064821,0.000814,2e-06,215238.824,629378.6201,"LRT11, LRT12, LRT21, LRT22, LRT81, LRT82",LRT,5,0.42364
511172,3,4,0.030263,0.075755,0.000949,0.0,189281.3868,678834.9526,"LRT-L1, LRT-L2, LRT151, LRT152",LRT,5,0.423627
516007,3,4,0.010862,0.094728,0.000932,0.0,176871.1969,655199.6526,"ART1-1, ART1-2, ART2-1, ART2-2",LRT,5,0.42309
521044,5,3,0.016083,0.08218,0.000884,0.0,189324.6027,649491.7435,"East-N, East-S, Yelw-N","BRT, LRT",5,0.423032
516024,3,4,0.020951,0.100491,0.000707,0.0,180645.6935,652484.6083,"ART1-1, ART1-2, ART2-1, ART2-2",LRT,5,0.422876
512051,2,2,0.04385,0.101726,0.000786,0.0,181502.076,656716.216,"Grn2-N, Grn2-S",LRT,5,0.422673
511010,2,6,0.01112,0.092276,0.000831,0.0,182285.706,665861.174,"Red-N, Red-S, Red2-N, Red2-S, Shut-N, Shut-S",LRT,5,0.421824
51182,4,4,0.002604,0.10458,0.000735,0.0,219277.3891,632862.3853,"LRT41, LRT42, LRT51, LRT52",LRT,5,0.421237
511039,3,4,0.028887,0.094334,0.00067,0.0,185771.8767,667548.3312,"Red2-N, Red2-S, Shut-N, Shut-S",LRT,5,0.421099
512124,3,2,0.077528,0.070365,0.000617,0.0,166261.618,633703.4619,"RedN, RedS",LRT,5,0.420662
511269,2,2,0.063882,0.10086,0.000502,0.0,183689.52,659067.6602,"LRT-L1, LRT-L2",LRT,5,0.420574
516025,3,4,0.020382,0.099156,0.000708,0.0,181277.1195,652405.8345,"ART1-1, ART1-2, ART2-1, ART2-2",LRT,5,0.420278
512274,2,4,0.071032,0.061357,0.000711,0.0,166549.8923,627843.2841,"Orange_N, Orange_S, RedN, RedS",LRT,5,0.419983
511011,2,6,0.011562,0.093836,0.000779,0.0,181469.726,665603.5416,"Red-N, Red-S, Red2-N, Red2-S, Shut-N, Shut-S",LRT,5,0.419583
36347,4,10,0.001635,0.071256,0.000903,0.000476,200142.181,747363.099,"m0110a, m0120a, m0210a, m0220a, m0610a, m0620a, m0710a, m0720a, m0910a, m0920a",BRT,4,0.419222
511014,2,6,0.011261,0.095701,0.00075,0.0,180270.096,664258.956,"Red-N, Red-S, Red2-N, Red2-S, Shut-N, Shut-S",LRT,5,0.419016
512180,2,4,0.067653,0.055206,0.000831,0.0,162562.9388,622704.0758,"Orange_N, Orange_S, RedN, RedS",LRT,5,0.418407
34000,4,5,0.013786,0.080223,0.000767,0.001879,203570.7475,744392.0378,"lrt02, lrt03, lrt04, lrt07, lrt08",LRT,5,0.418297
512050,2,2,0.043577,0.10109,0.000743,0.0,181191.071,657073.989,"Grn2-N, Grn2-S",LRT,5,0.417283
511013,2,6,0.010978,0.094873,0.000745,0.0,180528.702,664934.157,"Red-N, Red-S, Red2-N, Red2-S, Shut-N, Shut-S",LRT,5,0.416915
516013,3,4,0.017467,0.098101,0.000727,0.0,178602.7625,654470.9418,"ART1-1, ART1-2, ART2-1, ART2-2",LRT,5,0.41681
512120,2,4,0.070474,0.059312,0.000712,0.0,165611.9911,625946.5595,"Orange_N, Orange_S, RedN, RedS",LRT,5,0.416457
34085,7,4,0.005615,0.06823,0.000734,0.000678,198690.6659,748473.5219,"lrt03, lrt04, lrt07, lrt08",LRT,5,0.416343
34011,4,4,0.03236,0.077418,0.000673,1e-06,210978.2596,747241.5994,"lrt01, lrt02, lrt03, lrt04",LRT,5,0.416108
51110,3,6,0.000275,0.081969,0.000913,0.0,217902.9481,628912.5213,"LRT31, LRT32, LRT71, LRT72, LRT81, LRT82",LRT,5,0.414833
512117,4,3,0.011474,0.086241,0.000947,0.0,180269.9905,644515.0102,"Light-Blue_S, Turquoise_N, Turquoise_S",LRT,5,0.414586
1015,4,8,0.002295,0.080025,0.000983,0.000179,206863.4339,746196.5039,"R321-1, R321-2, R322-1, R322-2, R329-1, R329-2, R331-1, R331-2",BRT,4,0.414334
511267,2,2,0.057353,0.097387,0.000578,0.0,185500.2471,664874.431,"LRT-L1, LRT-L2",LRT,5,0.414285
512181,2,4,0.068221,0.055584,0.000775,0.0,162996.7864,622840.2668,"Orange_N, Orange_S, RedN, RedS",LRT,5,0.414215
512048,2,2,0.04604,0.100017,0.000684,0.0,180516.48,657997.496,"Grn2-N, Grn2-S",LRT,5,0.413249
516009,3,4,0.013046,0.0964,0.000776,0.0,177369.7714,654999.5628,"ART1-1, ART1-2, ART2-1, ART2-2",LRT,5,0.413229
516010,3,4,0.013728,0.097864,0.000742,0.0,177815.3666,654886.9194,"ART1-1, ART1-2, ART2-1, ART2-2",LRT,5,0.41292
51112,6,6,0.000342,0.064821,0.000703,2e-06,215238.824,629378.6201,"LRT11, LRT12, LRT21, LRT22, LRT81, LRT82",LRT,5,0.412804
512078,2,4,0.069914,0.056893,0.000718,0.0,163951.3206,623831.4349,"Orange_N, Orange_S, RedN, RedS",LRT,5,0.41279
512183,2,4,0.068787,0.055997,0.000744,0.0,163485.5812,622908.0642,"Orange_N, Orange_S, RedN, RedS",LRT,5,0.412595
512184,2,4,0.069352,0.056447,0.000727,0.0,163800.639,623334.1864,"Orange_N, Orange_S, RedN, RedS",LRT,5,0.412259
516032,3,4,0.017711,0.095003,0.000721,0.0,182904.0414,652299.511,"ART1-1, ART1-2, ART2-1, ART2-2",LRT,5,0.412065
51129,3,6,0.001532,0.076206,0.00095,0.0,216334.6361,629925.1281,"LRT11, LRT12, LRT21, LRT22, LRT81, LRT82",LRT,5,0.411952
51010,3,5,0.002714,0.090057,0.000864,0.0,222068.2869,634041.8656,"LRT10, LRT11, LRT12, LRT51, LRT52",LRT,5,0.411946
51014,4,5,0.000462,0.0886,0.000767,0.0,221673.3835,632192.2709,"LRT10, LRT11, LRT12, LRT31, LRT32",LRT,5,0.411604
511034,3,4,0.008539,0.093386,0.000863,0.0,175854.3455,655791.7548,"Red-N, Red-S, Red2-N, Red2-S",LRT,5,0.411413
511252,3,4,0.031464,0.07784,0.000777,0.0,183353.3675,675412.8741,"LRT121, LRT122, LRT131, LRT132",LRT,5,0.411353
51186,3,4,0.001536,0.099614,0.000864,0.0,221009.7782,633302.6506,"LRT61, LRT62, LRT71, LRT72",LRT,5,0.41099
513018,2,6,0.0053,0.096465,0.000735,0.0,182294.831,663024.84,"Mgt1-E, Mgt1-W, Mgt2-E, Mgt2-W, Mgt3-E, Mgt3-W",LRT,5,0.410642
513004,3,4,0.006496,0.094507,0.000867,0.0,179645.1614,665882.3048,"Mgt1-E, Mgt1-W, Mgt2-E, Mgt2-W",LRT,5,0.410586
34010,4,4,0.025989,0.078132,0.000691,7e-06,210450.2539,747007.6192,"lrt01, lrt02, lrt03, lrt04",LRT,5,0.410365
513013,2,6,0.005677,0.096991,0.000717,0.0,179512.864,662711.165,"Mgt1-E, Mgt1-W, Mgt2-E, Mgt2-W, Mgt3-E, Mgt3-W",LRT,5,0.4101
516035,3,4,0.016426,0.093512,0.000732,0.0,183434.802,652130.3475,"ART1-1, ART1-2, ART2-1, ART2-2",LRT,5,0.409269
51019,2,5,0.000774,0.098116,0.000889,0.0,220473.9714,632431.6272,"LRT11, LRT12, LRT31, LRT32, LRT9",LRT,5,0.408959
513054,3,4,0.02031,0.091103,0.000708,0.0,186409.547,660317.641,"Mgt2-E, Mgt2-W, Mgt3-E, Mgt3-W",LRT,5,0.408708
512047,2,2,0.045844,0.099525,0.000647,0.0,180167.985,658411.391,"Grn2-N, Grn2-S",LRT,5,0.4087
511268,2,2,0.057628,0.098558,0.000497,0.0,185149.0609,663984.1206,"LRT-L1, LRT-L2",LRT,5,0.408394
516037,3,4,0.015136,0.092503,0.000755,0.0,183800.8332,652009.5358,"ART1-1, ART1-2, ART2-1, ART2-2",LRT,5,0.408364
512077,4,4,0.01741,0.050114,0.001193,0.0,159676.7102,619002.5689,"Orange_N, Orange_S, RedN, RedS",LRT,5,0.407822
513014,2,6,0.005119,0.096144,0.000713,0.0,179835.221,662548.522,"Mgt1-E, Mgt1-W, Mgt2-E, Mgt2-W, Mgt3-E, Mgt3-W",LRT,5,0.407742
513019,2,6,0.004924,0.095564,0.000723,0.0,181859.605,662694.655,"Mgt1-E, Mgt1-W, Mgt2-E, Mgt2-W, Mgt3-E, Mgt3-W",LRT,5,0.407633
513010,2,6,0.002602,0.095453,0.000752,0.0,178742.722,663761.168,"Mgt1-E, Mgt1-W, Mgt2-E, Mgt2-W, Mgt3-E, Mgt3-W",LRT,5,0.407251
51106,3,4,0.002279,0.103038,0.000765,0.0,220661.1561,632190.1368,"LRT61, LRT62, LRT71, LRT72",LRT,5,0.407241
511194,4,4,0.0203,0.061183,0.000982,0.0,188168.2085,688226.0389,"LRT131, LRT132, LRT151, LRT152",LRT,5,0.40698
525559,3,4,0.007607,0.090814,0.000864,0.0,184078.6882,652581.4135,"ART1-1, ART1-2, ART2-1, ART2-2",LRT,5,0.406492
51100,4,4,0.000325,0.09582,0.000742,0.0,218633.1908,632765.0626,"LRT31, LRT32, LRT51, LRT52",LRT,5,0.406374
1004,4,8,0.005245,0.070134,0.001005,2.2e-05,208615.2535,749722.9198,"R1001-1, R1001-2, R321-1, R321-2, R322-1, R322-2, R329-1, R329-2",BRT,4,0.406259
516021,2,4,0.018372,0.100802,0.000707,0.0,179277.9255,652935.5414,"ART1-1, ART1-2, ART2-1, ART2-2",LRT,5,0.405632
513025,2,4,0.021729,0.09722,0.000714,0.0,185094.1998,661529.4735,"Mgt2-E, Mgt2-W, Mgt3-E, Mgt3-W",LRT,5,0.405602
512037,4,2,0.008482,0.097906,0.000858,0.0,177875.687,654906.295,"Grn1-N, Grn1-S",LRT,5,0.405592
523010,4,2,0.019716,0.088952,0.000832,0.0,186344.1801,660087.3668,"East-N, East-S",LRT,5,0.405249
513015,2,6,0.004656,0.094913,0.000711,0.0,180419.999,662466.155,"Mgt1-E, Mgt1-W, Mgt2-E, Mgt2-W, Mgt3-E, Mgt3-W",LRT,5,0.4052
513017,2,6,0.004615,0.094591,0.000715,0.0,181300.111,662403.167,"Mgt1-E, Mgt1-W, Mgt2-E, Mgt2-W, Mgt3-E, Mgt3-W",LRT,5,0.405074
513016,2,6,0.004466,0.09443,0.000712,0.0,180902.482,662426.024,"Mgt1-E, Mgt1-W, Mgt2-E, Mgt2-W, Mgt3-E, Mgt3-W",LRT,5,0.404365
516020,2,4,0.018073,0.09995,0.000708,0.0,178798.104,653171.6464,"ART1-1, ART1-2, ART2-1, ART2-2",LRT,5,0.404113
511048,4,4,0.008804,0.069743,0.000983,0.0,166106.8119,633143.9628,"L1-N, L1-S, L2-N, L2-S",LRT,5,0.403879
36358,3,10,0.001106,0.068605,0.000939,3.5e-05,199553.3159,747481.7802,"m0110a, m0120a, m0210a, m0220a, m0610a, m0620a, m0710a, m0720a, m0910a, m0920a",BRT,4,0.403749
51023,4,4,0.001412,0.097385,0.000677,0.0,218858.2394,632613.6542,"LRT11, LRT12, LRT21, LRT22",LRT,5,0.40373
34083,5,4,0.007653,0.074019,0.000775,0.002678,200689.2724,747034.7641,"lrt03, lrt04, lrt07, lrt08",LRT,5,0.403686
516018,2,4,0.017823,0.099348,0.000712,0.0,179048.9385,653616.2646,"ART1-1, ART1-2, ART2-1, ART2-2",LRT,5,0.403281
511221,4,4,0.016893,0.060848,0.000994,0.0,187336.4932,688166.413,"LRT121, LRT122, LRT141, LRT142","BRT, LRT",5,0.403111
512046,2,2,0.045722,0.099355,0.000591,0.0,179984.009,658893.889,"Grn2-N, Grn2-S",LRT,5,0.402817
51232,3,4,0.001011,0.095081,0.000851,0.0,221324.7813,630656.0849,"LRT61, LRT62, LRT71, LRT72",LRT,5,0.402518
513063,2,4,0.021125,0.095793,0.000711,0.0,184909.4261,661035.1236,"Mgt2-E, Mgt2-W, Mgt3-E, Mgt3-W",LRT,5,0.402476
516016,2,4,0.017597,0.098692,0.000716,0.0,179319.37,654160.1145,"ART1-1, ART1-2, ART2-1, ART2-2",LRT,5,0.402437
511036,4,4,0.000174,0.093355,0.00074,0.0,176632.4499,655373.968,"Red-N, Red-S, Red2-N, Red2-S",LRT,5,0.40241
1022,3,10,0.001935,0.070266,0.000877,0.001357,200111.0645,747253.0974,"R321-1, R321-2, R325-1, R325-2, R327-1, R327-2, R328-1, R328-2, R330-1, R330-2",BRT,4,0.401783
51020,2,5,0.000765,0.097247,0.000828,0.0,220115.1767,632591.4181,"LRT11, LRT12, LRT31, LRT32, LRT9",LRT,5,0.401747
51114,3,6,0.001001,0.078401,0.00082,0.0,217646.8639,628517.6118,"LRT31, LRT32, LRT71, LRT72, LRT81, LRT82",LRT,5,0.40161
34015,2,6,0.017001,0.071126,0.000851,0.0,213076.2707,746410.3431,"lrt01, lrt02, lrt03, lrt04, lrt05, lrt06",LRT,5,0.401376
516029,2,4,0.018203,0.097519,0.000713,0.0,182001.387,652205.225,"ART1-1, ART1-2, ART2-1, ART2-2",LRT,5,0.40128
516039,3,4,0.008063,0.091376,0.000792,0.0,184063.3676,652356.4477,"ART1-1, ART1-2, ART2-1, ART2-2",LRT,5,0.400914
525060,5,2,0.018173,0.07938,0.000802,0.0,190065.5311,675928.5192,"LRT141, LRT142","BRT, LRT",5,0.400828
36361,2,10,0.000888,0.067677,0.001072,7e-06,199219.391,747653.2,"m0110a, m0120a, m0210a, m0220a, m0610a, m0620a, m0710a, m0720a, m0910a, m0920a",BRT,4,0.400818
51152,3,4,0.001046,0.095085,0.000828,0.0,221324.7813,630656.0849,"LRT61, LRT62, LRT71, LRT72",LRT,5,0.400348
36354,3,10,0.001396,0.069368,0.000888,8.3e-05,199692.9411,747726.1306,"m0110a, m0120a, m0210a, m0220a, m0610a, m0620a, m0710a, m0720a, m0910a, m0920a",BRT,4,0.400266
51185,3,4,0.00237,0.101106,0.00072,0.0,219701.6886,633028.2309,"LRT41, LRT42, LRT51, LRT52",LRT,5,0.400208
51143,4,4,0.000302,0.088776,0.000782,0.0,220366.2108,628898.5752,"LRT71, LRT72, LRT81, LRT82",LRT,5,0.400114
36193,7,5,0.002754,0.062568,0.001047,4.1e-05,197519.1282,748468.4834,"m0110a, m0120a, m0620a, m0710a, m0720a",BRT,4,0.400087
513052,2,4,0.020565,0.094489,0.000708,0.0,184778.258,660524.0864,"Mgt2-E, Mgt2-W, Mgt3-E, Mgt3-W",LRT,5,0.3996
51172,3,4,0.002009,0.096374,0.000786,0.0,221026.0576,631105.6182,"LRT61, LRT62, LRT71, LRT72",LRT,5,0.399362
36324,6,6,0.001092,0.074684,0.000772,0.027409,200806.2578,746340.085,"m0110a, m0120a, m0210a, m0620a, m0710a, m0920a",BRT,4,0.399016
51161,3,4,0.001824,0.098949,0.000744,0.0,218828.5289,632000.2937,"LRT31, LRT32, LRT41, LRT42",LRT,5,0.398699
512032,2,4,0.008877,0.097485,0.000815,0.0,178833.756,656965.026,"Grn1-N, Grn1-S, Grn3-N, Grn3-S",LRT,5,0.398666
51006,3,5,0.002419,0.072973,0.000978,0.0,221854.4309,635734.1979,"LRT10, LRT11, LRT12, LRT51, LRT52",LRT,5,0.398254
51188,3,4,0.002639,0.101038,0.000693,0.0,220905.1014,633679.6936,"LRT41, LRT42, LRT51, LRT52",LRT,5,0.397858
525203,3,3,0.011213,0.080248,0.001012,0.0,190205.0897,672448.5369,"East-N, East-S, Yelw-S","BRT, LRT",5,0.397713
51053,4,4,0.000575,0.085992,0.000791,0.0,220623.9692,628652.8022,"LRT31, LRT32, LRT81, LRT82",LRT,5,0.397374
513062,2,4,0.020051,0.093377,0.000708,0.0,185283.738,660469.3038,"Mgt2-E, Mgt2-W, Mgt3-E, Mgt3-W",LRT,5,0.397279
36108,2,8,0.004823,0.079235,0.001076,0.000323,205103.4615,745000.9238,"m0110a, m0120a, m0210a, m0220a, m0310a, m0320a, m0410a, m0820a",BRT,4,0.397125
512033,2,4,0.0089,0.097527,0.000797,0.0,178819.26,656549.422,"Grn1-N, Grn1-S, Grn3-N, Grn3-S",LRT,5,0.397037
511222,3,4,0.030387,0.061402,0.000878,0.0,187784.4449,688133.1472,"LRT121, LRT122, LRT131, LRT132",LRT,5,0.396355
1003,6,6,0.006461,0.075828,0.000777,7e-06,210373.3094,746818.709,"R1001-1, R1001-2, R1002-1, R1002-2, R331-1, R331-2",BRT,4,0.396285
513053,2,4,0.01955,0.092329,0.000707,0.0,185790.711,660414.992,"Mgt2-E, Mgt2-W, Mgt3-E, Mgt3-W",LRT,5,0.395093
36643,5,4,0.010589,0.077351,0.000819,0.061761,202101.449,744945.8354,"m0510a, m0520a, m0610a, m0620a",BRT,4,0.395
51051,3,4,0.000678,0.091018,0.000833,0.0,220477.3558,629534.1064,"LRT71, LRT72, LRT81, LRT82",LRT,5,0.394582
512059,2,2,0.046988,0.085624,0.000685,0.0,180658.707,671259.2,"Grn2-N, Grn2-S",LRT,5,0.394075
51016,3,4,0.00025,0.09263,0.000808,0.0,221306.4251,631880.9309,"LRT11, LRT12, LRT31, LRT32",LRT,5,0.393812
51228,3,4,0.00025,0.09263,0.000808,0.0,221306.4251,631880.9309,"LRT11, LRT12, LRT31, LRT32",LRT,5,0.393812
512042,2,2,0.047429,0.086097,0.000669,0.0,180566.117,670967.818,"Grn2-N, Grn2-S",LRT,5,0.393697
51167,3,4,0.00099,0.091022,0.00082,0.0,220477.3558,629534.1064,"LRT71, LRT72, LRT81, LRT82",LRT,5,0.393684
512045,2,2,0.045686,0.099293,0.000494,0.0,179554.856,658908.034,"Grn2-N, Grn2-S",LRT,5,0.39323
512058,2,2,0.046545,0.084821,0.000694,0.0,180768.128,671773.253,"Grn2-N, Grn2-S",LRT,5,0.393203
512031,2,4,0.008887,0.097489,0.000758,0.0,178875.779,657406.142,"Grn1-N, Grn1-S, Grn3-N, Grn3-S",LRT,5,0.393173
36115,4,6,0.004816,0.079414,0.001005,2.5e-05,206911.0511,746234.0276,"m0110a, m0120a, m0210a, m0220a, m0410a, m0820a",BRT,4,0.392947
36006,6,3,0.005799,0.071519,0.000991,0.049091,201723.7604,744847.2,"m0810a, m0910a, m0920a",BRT,4,0.392788
512073,3,3,0.002315,0.086683,0.000988,0.0,176165.9537,640990.6824,"Light-Blue_S, Turquoise_N, Turquoise_S",LRT,5,0.392642
51056,4,6,7.2e-05,0.064813,0.000792,2e-06,215238.824,629378.6201,"LRT11, LRT12, LRT21, LRT22, LRT81, LRT82",LRT,5,0.39254
512060,2,2,0.047868,0.086726,0.000639,0.0,180441.682,670585.112,"Grn2-N, Grn2-S",LRT,5,0.392342
512041,2,2,0.046101,0.084039,0.0007,0.0,181061.8057,672200.3317,"Grn2-N, Grn2-S",LRT,5,0.392026
51157,4,4,0.001708,0.09071,0.000647,0.0,218858.5769,629300.2407,"LRT31, LRT32, LRT41, LRT42",LRT,5,0.391615
51034,4,6,7.2e-05,0.064813,0.000779,2e-06,215238.824,629378.6201,"LRT11, LRT12, LRT21, LRT22, LRT81, LRT82",LRT,5,0.391316
511251,2,4,0.030873,0.07625,0.000746,0.0,183737.7837,676282.6117,"LRT121, LRT122, LRT131, LRT132",LRT,5,0.391061
51035,4,6,4e-06,0.064805,0.000775,2e-06,215238.824,629378.6201,"LRT11, LRT12, LRT21, LRT22, LRT81, LRT82",LRT,5,0.390832
524002,4,2,0.015822,0.082271,0.000835,0.0,187756.5446,656530.0024,"East-N, East-S",LRT,5,0.390749
512057,2,2,0.045654,0.083154,0.000703,0.0,181271.2358,672758.3055,"Grn2-N, Grn2-S",LRT,5,0.390437
34082,4,4,0.009493,0.075581,0.000727,0.004929,200953.2653,746297.0227,"lrt03, lrt04, lrt07, lrt08",LRT,5,0.390395
511033,2,4,0.008451,0.093227,0.000792,0.0,176009.6665,656232.4482,"Red-N, Red-S, Red2-N, Red2-S",LRT,5,0.389791
511265,2,2,0.043572,0.09022,0.000621,0.0,186420.3564,669938.717,"LRT-L1, LRT-L2",LRT,5,0.389788
511017,2,5,0.008198,0.092757,0.000669,0.0,177902.711,662910.17,"Red-N, Red-S, Red2-N, Red2-S, Shut-N",LRT,5,0.389787
36095,5,4,0.006907,0.059031,0.001362,5e-05,196893.4485,743436.2916,"m0610a, m0620a, m0710a, m0720a",BRT,4,0.389727
512030,2,4,0.008939,0.097596,0.000719,0.0,178960.892,657889.754,"Grn1-N, Grn1-S, Grn3-N, Grn3-S",LRT,5,0.389595
512233,3,3,0.011301,0.085642,0.000848,0.0,179769.9728,644312.9088,"Light-Blue_S, Turquoise_N, Turquoise_S",LRT,5,0.389513
51107,2,4,0.001497,0.098835,0.000799,0.0,220806.8314,632730.2013,"LRT61, LRT62, LRT71, LRT72",LRT,5,0.389246
150620,5,2,0.015832,0.101305,0.000879,1e-06,180311.7489,652543.0021,"BRT1-1, BRT1-2",BRT,4,0.389004
512056,2,2,0.045207,0.08235,0.000705,0.0,181476.4993,673270.4684,"Grn2-N, Grn2-S",LRT,5,0.388892
512043,2,2,0.048311,0.087368,0.000586,0.0,180317.261,670202.422,"Grn2-N, Grn2-S",LRT,5,0.388649
51171,2,4,0.002076,0.100612,0.000755,0.0,220534.1308,631786.0481,"LRT61, LRT62, LRT71, LRT72",LRT,5,0.388202
36190,6,3,0.001351,0.07594,0.000536,0.138735,201658.6886,745336.275,"m0120a, m0220a, m0720a",BRT,4,0.388118
51131,3,6,0.000942,0.06901,0.000819,1e-06,215635.7519,629709.0358,"LRT11, LRT12, LRT21, LRT22, LRT81, LRT82",LRT,5,0.388105
511253,4,4,0.001204,0.078459,0.000794,0.0,183073.6073,674713.8697,"LRT121, LRT122, LRT131, LRT132",LRT,5,0.387825
511250,2,4,0.030284,0.075438,0.000732,0.0,183945.0316,676740.5434,"LRT121, LRT122, LRT131, LRT132",LRT,5,0.387694
512040,2,2,0.044758,0.081774,0.000706,0.0,181602.0657,673651.0743,"Grn2-N, Grn2-S",LRT,5,0.387602
512029,2,4,0.009009,0.097761,0.000687,0.0,179022.217,658377.593,"Grn1-N, Grn1-S, Grn3-N, Grn3-S",LRT,5,0.386738
512039,3,3,0.044309,0.080447,0.000441,0.0,181973.9861,674514.2549,"Grn2-S, LRT122, LRT132",LRT,5,0.386491
51170,2,4,0.002037,0.098694,0.00076,0.0,220678.8431,631464.7734,"LRT61, LRT62, LRT71, LRT72",LRT,5,0.385906
511032,2,4,0.008369,0.093052,0.000755,0.0,176273.6836,656676.5949,"Red-N, Red-S, Red2-N, Red2-S",LRT,5,0.385818
51009,2,5,0.002533,0.082434,0.000848,0.0,222277.6546,634749.4966,"LRT10, LRT11, LRT12, LRT51, LRT52",LRT,5,0.384888
513009,2,5,0.002123,0.09441,0.000676,0.0,178577.698,664245.162,"Mgt1-E, Mgt1-W, Mgt2-E, Mgt2-W, Mgt3-E",LRT,5,0.384666
512110,4,3,0.002808,0.084562,0.000773,0.0,179023.0115,644069.7912,"Light-Blue_S, Turquoise_N, Turquoise_S",LRT,5,0.383637
511031,2,4,0.008288,0.092916,0.000732,0.0,176465.5056,657032.3969,"Red-N, Red-S, Red2-N, Red2-S",LRT,5,0.383254
511249,2,4,0.029695,0.073183,0.000726,0.0,184291.034,678154.5697,"LRT121, LRT122, LRT131, LRT132",LRT,5,0.38308
51180,2,4,0.002342,0.099572,0.00071,0.0,219938.0602,633302.2345,"LRT41, LRT42, LRT51, LRT52",LRT,5,0.382726
51130,2,6,0.001069,0.07233,0.00086,0.0,216008.0005,629693.7168,"LRT11, LRT12, LRT21, LRT22, LRT81, LRT82",LRT,5,0.382647
512235,4,2,0.012472,0.087569,0.000716,0.0,180477.9803,645700.7649,"Turquoise_N, Turquoise_S",LRT,5,0.382291
512035,3,2,0.008982,0.097717,0.000759,0.0,178967.316,655146.361,"Grn1-N, Grn1-S",LRT,5,0.382025
34018,2,6,0.016725,0.062201,0.000786,0.0,216305.7989,744582.5474,"lrt01, lrt02, lrt03, lrt04, lrt05, lrt06",LRT,5,0.381915
51181,2,4,0.002346,0.099448,0.000702,0.0,220331.3639,633362.7131,"LRT41, LRT42, LRT51, LRT52",LRT,5,0.381792
511030,2,4,0.008211,0.092688,0.000721,0.0,176759.3956,657682.5679,"Red-N, Red-S, Red2-N, Red2-S",LRT,5,0.381771
512044,2,2,0.048756,0.088486,0.000492,0.0,180151.9268,669541.1182,"Grn2-N, Grn2-S",LRT,5,0.381617
513003,2,4,0.005104,0.093441,0.000749,0.0,180298.4611,665704.85,"Mgt1-E, Mgt1-W, Mgt2-E, Mgt2-W",LRT,5,0.381446
51024,3,4,0.000691,0.088075,0.000738,0.0,220041.7877,628696.3477,"LRT31, LRT32, LRT71, LRT72",LRT,5,0.381053
467750,4,7,0.000841,0.021788,0.001158,0.0,180760.9789,574458.4182,"4.1_Arad-BS, 4.1_BS-Arad, 4.2_LRT_Shoket-BRS, 4.4_Bee'rSheva-Rahat_Main, 4.4_Rahat-Bee'rSheva_Main, 4.5_Bee'rSheva-Rahat, 4.5_Rahat-Bee'rSheva",LRT,5,0.38079
511029,2,4,0.00814,0.092549,0.000713,0.0,176802.9861,658156.1224,"Red-N, Red-S, Red2-N, Red2-S",LRT,5,0.380719
511028,2,4,0.008076,0.092468,0.00071,0.0,176504.7264,658262.5066,"Red-N, Red-S, Red2-N, Red2-S",LRT,5,0.380221
51007,2,5,0.002432,0.076642,0.000882,0.0,222136.8319,635379.7362,"LRT10, LRT11, LRT12, LRT51, LRT52",LRT,5,0.379864
511027,2,4,0.008027,0.092392,0.000707,0.0,176148.8008,658356.3537,"Red-N, Red-S, Red2-N, Red2-S",LRT,5,0.379776
511026,2,4,0.007988,0.092315,0.000706,0.0,175953.713,658809.157,"Red-N, Red-S, Red2-N, Red2-S",LRT,5,0.379516
511025,2,4,0.007967,0.092277,0.000705,0.0,175939.706,659408.156,"Red-N, Red-S, Red2-N, Red2-S",LRT,5,0.379303
511024,2,4,0.007965,0.092276,0.000704,0.0,176537.705,659623.168,"Red-N, Red-S, Red2-N, Red2-S",LRT,5,0.379202
511023,2,4,0.00797,0.092288,0.000702,0.0,176766.701,660220.168,"Red-N, Red-S, Red2-N, Red2-S",LRT,5,0.379056
511022,2,4,0.007983,0.092323,0.0007,0.0,177129.7,660677.169,"Red-N, Red-S, Red2-N, Red2-S",LRT,5,0.378863
513005,2,4,0.001289,0.092638,0.000786,0.0,178827.0119,666096.981,"Mgt1-E, Mgt1-W, Mgt2-E, Mgt2-W",LRT,5,0.378799
523015,3,2,0.016088,0.089289,0.00075,0.0,187226.0145,667999.3035,"East-N, East-S",LRT,5,0.378564
511092,3,4,0.00869,0.070409,0.000861,0.0,166272.4105,633689.4273,"L1-N, L1-S, L2-N, L2-S",LRT,5,0.378558
511021,2,4,0.008004,0.092356,0.000695,0.0,177247.704,661051.162,"Red-N, Red-S, Red2-N, Red2-S",LRT,5,0.37847
51160,2,4,0.001778,0.096193,0.000722,0.0,218592.9083,631622.2123,"LRT31, LRT32, LRT41, LRT42",LRT,5,0.378337
511248,2,4,0.029107,0.069956,0.000728,0.0,185141.0951,680239.4503,"LRT121, LRT122, LRT131, LRT132",LRT,5,0.377947
512007,2,4,0.00619,0.085784,0.00081,0.0,181450.4606,668352.4672,"Grn1-N, Grn1-S, Grn3-N, Grn3-S",LRT,5,0.377883
512146,3,3,0.002653,0.084132,0.000869,0.0,177090.4598,642158.2536,"Light-Blue_S, Turquoise_N, Turquoise_S",LRT,5,0.37783
516042,2,4,0.00714,0.089597,0.00074,0.0,184633.8822,652741.1745,"ART1-1, ART1-2, ART2-1, ART2-2",LRT,5,0.377777
511020,2,4,0.008032,0.092402,0.000686,0.0,177367.707,661481.154,"Red-N, Red-S, Red2-N, Red2-S",LRT,5,0.377745
511255,3,4,0.001293,0.079317,0.000819,0.0,182475.7774,674797.8934,"LRT121, LRT122, LRT131, LRT132",LRT,5,0.377242
511095,4,2,0.001531,0.0843,0.00086,0.0,174897.9672,643266.2702,"L2-N, L2-S",LRT,5,0.376987
51189,2,4,0.002004,0.097801,0.000681,0.0,221178.8947,633858.7295,"LRT41, LRT42, LRT51, LRT52",LRT,5,0.376853
523022,3,2,0.016299,0.087299,0.000757,0.0,187064.7687,666964.0445,"East-N, East-S",LRT,5,0.376712
511258,3,4,0.008871,0.057369,0.001028,0.0,189203.7043,692300.0667,"LRT131, LRT132, LRT141, LRT142","BRT, LRT",5,0.376461
511019,2,4,0.008072,0.092491,0.000671,0.0,177465.707,662072.158,"Red-N, Red-S, Red2-N, Red2-S",LRT,5,0.376439
512071,2,2,0.013184,0.101218,0.000738,0.0,182198.9523,655917.4024,"Grn2-N, Grn2-S",LRT,5,0.376298
34084,3,4,0.005356,0.071953,0.000854,0.000441,200114.3528,747604.6954,"lrt03, lrt04, lrt07, lrt08",LRT,5,0.375751
36318,5,5,0.000452,0.073907,0.000695,0.056906,201198.4787,745867.3194,"m0120a, m0220a, m0610a, m0720a, m0910a",BRT,4,0.375302
512008,2,4,0.006627,0.086669,0.000758,0.0,181488.526,668911.589,"Grn1-N, Grn1-S, Grn3-N, Grn3-S",LRT,5,0.374654
1025,5,8,0.001129,0.061928,0.000711,6.2e-05,197390.9113,748444.457,"R325-1, R325-2, R327-1, R327-2, R328-1, R328-2, R330-1, R330-2",BRT,4,0.37464
513006,2,4,0.001392,0.092875,0.000738,0.0,178637.9724,665571.8392,"Mgt1-E, Mgt1-W, Mgt2-E, Mgt2-W",LRT,5,0.37462
513031,3,2,0.004344,0.094306,0.000796,0.0,185577.134,663896.041,"Mgt1-E, Mgt1-W",LRT,5,0.374597
511159,4,2,0.013669,0.076622,0.000778,0.0,191176.3308,677147.5987,"LRT141, LRT142","BRT, LRT",5,0.374242
511018,2,4,0.008128,0.092616,0.000644,0.0,177524.712,662650.161,"Red-N, Red-S, Red2-N, Red2-S",LRT,5,0.374028
512006,2,4,0.005844,0.085027,0.000784,0.0,181900.5206,667878.6035,"Grn1-N, Grn1-S, Grn3-N, Grn3-S",LRT,5,0.373803
51156,2,4,0.001747,0.093797,0.000708,0.0,218667.8652,631060.416,"LRT31, LRT32, LRT41, LRT42",LRT,5,0.37343
512009,2,4,0.00713,0.087398,0.000727,0.0,181090.8203,668954.0709,"Grn1-N, Grn1-S, Grn3-N, Grn3-S",LRT,5,0.373367
511091,3,4,0.009186,0.071122,0.00079,0.0,166579.3327,634207.7964,"L1-N, L1-S, L2-N, L2-S",LRT,5,0.373327
513055,2,4,0.0061,0.089424,0.00071,0.0,186967.698,660180.754,"Mgt2-E, Mgt2-W, Mgt3-E, Mgt3-W",LRT,5,0.373254
1005,3,8,0.004622,0.067136,0.000865,3e-06,209065.7795,750548.0003,"R1001-1, R1001-2, R321-1, R321-2, R322-1, R322-2, R329-1, R329-2",BRT,4,0.373162
512054,2,4,0.00765,0.088282,0.000702,0.0,180633.8639,668898.432,"Grn1-N, Grn1-S, Grn3-N, Grn3-S",LRT,5,0.37286
515070,4,4,0.00492,0.079781,0.001055,0.0,190691.6795,652342.3207,"BRT1-1, BRT1-2, BRT2-1, BRT2-2",BRT,4,0.372525
512232,3,3,0.003131,0.085001,0.000793,0.0,179410.8023,644140.3462,"Light-Blue_S, Turquoise_N, Turquoise_S",LRT,5,0.372329
512034,2,3,0.008924,0.097563,0.000676,0.0,178940.11,656234.053,"Grn1-N, Grn1-S, Grn3-N",LRT,5,0.3723
512010,2,4,0.008178,0.088879,0.000677,0.0,180336.1305,668840.2175,"Grn1-N, Grn1-S, Grn3-N, Grn3-S",LRT,5,0.372046
525065,4,2,0.028897,0.098957,0.000707,0.0,181594.1449,652442.3204,"BluRT1, BluRT2",BRT,4,0.372
51138,3,4,0.000669,0.08681,0.000663,0.0,219279.241,628737.6193,"LRT31, LRT32, LRT71, LRT72",LRT,5,0.371963
513007,2,4,0.001556,0.093465,0.000698,0.0,178362.702,664958.144,"Mgt1-E, Mgt1-W, Mgt2-E, Mgt2-W",LRT,5,0.371776
525459,3,2,0.008994,0.093473,0.000715,0.0,175830.3334,655743.804,"ART2-1, ART2-2",LRT,5,0.371705
511245,2,4,0.027631,0.061846,0.000801,0.0,187605.7211,687429.0177,"LRT121, LRT122, LRT131, LRT132",LRT,5,0.371514
51195,3,4,0.000416,0.081634,0.000735,0.0,222517.175,633832.9355,"LRT41, LRT42, LRT71, LRT72",LRT,5,0.37125
34020,2,6,0.016447,0.057377,0.000751,0.0,218607.1612,743688.9334,"lrt01, lrt02, lrt03, lrt04, lrt05, lrt06",LRT,5,0.371207
467194,4,6,0.000744,0.020605,0.001207,0.0,182749.3463,573257.9135,"4.1_Arad-BS, 4.1_BS-Arad, 4.2_LRT_BRS-Shoket, 4.2_LRT_Shoket-BRS, 4.3_Ofakim-TelSheva, 4.3_TelSheva-Ofakim",LRT,5,0.370762
511246,2,4,0.028064,0.063488,0.000761,0.0,187124.8535,685544.2794,"LRT121, LRT122, LRT131, LRT132",LRT,5,0.370469
51155,2,4,0.00173,0.092504,0.000693,0.0,218707.2208,630461.1341,"LRT31, LRT32, LRT41, LRT42",LRT,5,0.370177
513056,2,4,0.005345,0.087774,0.000713,0.0,187546.693,660098.327,"Mgt2-E, Mgt2-W, Mgt3-E, Mgt3-W",LRT,5,0.370174
513059,2,4,0.001537,0.080977,0.000863,0.0,189943.6694,659370.2985,"Mgt2-E, Mgt2-W, Mgt3-E, Mgt3-W",LRT,5,0.370034
51104,3,4,0.001128,0.067486,0.00092,0.0,218371.0931,626508.2988,"LRT41, LRT42, LRT61, LRT62",LRT,5,0.36996
511247,2,4,0.028563,0.064169,0.000738,0.0,186945.0934,684866.7012,"LRT121, LRT122, LRT131, LRT132",LRT,5,0.369866
512067,2,2,0.044308,0.081104,0.000531,0.0,181805.6399,674075.699,"Grn2-N, Grn2-S",LRT,5,0.368945
511068,4,2,0.007956,0.085035,0.000677,0.0,179291.6713,644123.2962,"L1-N, L1-S",LRT,5,0.368836
513008,2,4,0.001776,0.093771,0.000659,0.0,178363.373,664626.754,"Mgt1-E, Mgt1-W, Mgt2-E, Mgt2-W",LRT,5,0.368652
512005,3,3,0.009377,0.085617,0.000657,0.0,182569.9357,668135.0639,"Grn1-N, Grn1-S, Grn3-S",LRT,5,0.368315
513065,2,4,0.004587,0.086635,0.000721,0.0,187957.0868,660163.4067,"Mgt2-E, Mgt2-W, Mgt3-E, Mgt3-W",LRT,5,0.368282
511126,3,5,0.007124,0.055349,0.000863,0.0,186920.3961,692821.9107,"LRT121, LRT122, LRT131, LRT151, LRT152",LRT,5,0.36806
511003,2,2,0.018166,0.083337,0.000842,0.0,188744.721,666668.166,"Red-N, Red-S",LRT,5,0.367595
511129,3,4,0.006782,0.056918,0.000971,0.0,188457.3834,692385.0077,"LRT131, LRT132, LRT141, LRT142","BRT, LRT",5,0.367469
51158,2,4,0.001717,0.091353,0.000675,0.0,219026.6918,629837.9445,"LRT31, LRT32, LRT41, LRT42",LRT,5,0.366759
513061,2,4,0.003828,0.085268,0.000732,0.0,188411.0469,659926.5218,"Mgt2-E, Mgt2-W, Mgt3-E, Mgt3-W",LRT,5,0.366364
1024,7,6,0.000344,0.065805,0.000552,0.000168,198946.6296,748444.6595,"R321-1, R321-2, R325-1, R325-2, R330-1, R330-2",BRT,4,0.366267
36336,5,6,0.002256,0.073264,0.000683,0.005028,200629.6863,746949.7122,"m0110a, m0120a, m0210a, m0620a, m0710a, m0920a",BRT,4,0.365783
512177,3,2,0.053642,0.053213,0.000631,0.0,161741.2663,621111.5761,"Orange_N, Orange_S",LRT,5,0.365666
230777,4,4,0.024297,0.080037,0.000714,0.0,189700.5987,667054.8364,"RG-RH1, RG-RH2, RH-RG1, RH-RG2",BRT,4,0.36545
513058,2,4,0.002303,0.081823,0.000792,0.0,189594.9552,659405.8455,"Mgt2-E, Mgt2-W, Mgt3-E, Mgt3-W",LRT,5,0.365275
513057,2,4,0.003066,0.083612,0.000755,0.0,188879.945,659489.577,"Mgt2-E, Mgt2-W, Mgt3-E, Mgt3-W",LRT,5,0.365241
512121,4,2,0.009724,0.073204,0.000786,0.0,167489.2027,635902.655,"RedN, RedS",LRT,5,0.364946
512081,3,2,0.001729,0.086218,0.000849,0.0,175259.6669,639864.7798,"Turquoise_N, Turquoise_S",LRT,5,0.364667
511072,3,2,0.000461,0.086704,0.000859,0.0,180385.4603,645492.6684,"L1-N, L1-S",LRT,5,0.364648
512161,4,2,0.016386,0.089187,0.000456,0.0,181664.3053,646425.7674,"Light-Blue_S, Turquoise_S",LRT,5,0.364462
523014,3,2,0.00687,0.085535,0.000782,0.0,187490.95,666222.221,"East-N, East-S",LRT,5,0.363999
36045,6,4,0.001226,0.060778,0.000998,0.000262,196845.1485,744046.0785,"m0110a, m0620a, m0710a, m0720a",BRT,4,0.36347
36138,5,4,0.006743,0.066444,0.000986,1e-06,209130.279,750584.764,"m0110a, m0120a, m0410a, m0820a",BRT,4,0.363462
512234,3,2,0.012176,0.08681,0.000681,0.0,180373.9268,645021.3425,"Turquoise_N, Turquoise_S",LRT,5,0.363105
51025,2,4,0.001311,0.088295,0.000688,0.0,218225.3744,632232.9224,"LRT11, LRT12, LRT21, LRT22",LRT,5,0.363066
511241,3,4,0.007877,0.06034,0.000859,0.0,187959.1957,688894.763,"LRT141, LRT142, LRT151, LRT152","BRT, LRT",5,0.362895
523025,3,2,0.006775,0.084294,0.000789,0.0,187241.2756,663059.8097,"East-N, East-S",LRT,5,0.362822
51101,2,4,0.000188,0.085609,0.00074,0.0,217986.696,632766.3855,"LRT31, LRT32, LRT51, LRT52",LRT,5,0.362819
51015,2,4,0.000673,0.087425,0.000701,0.0,219743.7859,628858.3081,"LRT31, LRT32, LRT71, LRT72",LRT,5,0.362277
511004,2,2,0.018721,0.084701,0.000757,0.0,188048.661,666473.113,"Red-N, Red-S",LRT,5,0.361997
51151,2,4,0.000468,0.075932,0.000869,0.0,220278.659,627548.7441,"LRT61, LRT62, LRT81, LRT82",LRT,5,0.361977
511257,3,4,0.006426,0.056888,0.00092,0.0,186656.8249,691047.6808,"LRT121, LRT122, LRT151, LRT152",LRT,5,0.361968
512288,2,2,0.063919,0.054209,0.000584,0.0,162559.6293,621726.2816,"Orange_N, Orange_S",LRT,5,0.361958
525578,4,4,0.022202,0.079179,0.000712,0.0,189931.1036,666830.8553,"RG-RH1, RG-RH2, RH-RG1, RH-RG2",BRT,4,0.361212
515086,4,4,0.002974,0.079894,0.000958,0.0,188136.121,648376.8072,"BRT1-1, BRT1-2, BRT2-1, BRT2-2",BRT,4,0.360577
36099,5,5,0.000685,0.057103,0.001043,4.6e-05,196472.8133,745695.14,"m0110a, m0120a, m0620a, m0710a, m0720a",BRT,4,0.360492
34063,5,2,0.019738,0.07005,0.000503,0.0,214478.5089,747546.7572,"lrt05, lrt06",LRT,5,0.360425
512122,4,2,0.009742,0.07268,0.000746,0.0,167182.3749,635490.1194,"RedN, RedS",LRT,5,0.360313
51193,2,4,0.00055,0.086614,0.000693,0.0,222176.8058,633684.822,"LRT41, LRT42, LRT71, LRT72",LRT,5,0.3601
512289,2,2,0.064496,0.05455,0.000552,0.0,162478.8126,622138.0119,"Orange_N, Orange_S",LRT,5,0.360037
512236,2,2,0.012776,0.088273,0.000762,0.0,180910.7438,646157.298,"Turquoise_N, Turquoise_S",LRT,5,0.359606
512195,3,2,0.010215,0.07374,0.000861,0.0,167728.4028,636276.5735,"RedN, RedS",LRT,5,0.359343
511074,3,2,0.008437,0.085623,0.000707,0.0,179768.7488,644310.2054,"L1-N, L1-S",LRT,5,0.358953
51013,3,3,0.000343,0.08599,0.000679,0.0,221605.1938,632620.9821,"LRT10, LRT11, LRT12",LRT,5,0.358856
34022,2,6,0.016167,0.050269,0.000731,0.0,222017.2528,740801.6228,"lrt01, lrt02, lrt03, lrt04, lrt05, lrt06",LRT,5,0.358759
511005,2,2,0.019345,0.085789,0.000695,0.0,187573.701,666547.164,"Red-N, Red-S",LRT,5,0.358262
511204,3,4,0.004465,0.05791,0.000894,0.0,188053.3634,691042.7619,"LRT141, LRT142, LRT151, LRT152","BRT, LRT",5,0.358229
511073,3,2,0.001224,0.086598,0.000784,0.0,180376.6475,645002.9486,"L1-N, L1-S",LRT,5,0.358202
512072,2,2,0.008951,0.097634,0.000658,0.0,179115.1281,655688.0907,"Grn1-N, Grn1-S",LRT,5,0.35775
51026,2,4,0.001211,0.084296,0.000693,0.0,217926.556,631990.1863,"LRT11, LRT12, LRT21, LRT22",LRT,5,0.357738
36644,4,4,0.002793,0.070924,0.001055,0.001272,200278.3263,746171.4682,"m0320a, m0520a, m0810a, m0820a",BRT,4,0.357531
511096,3,2,0.002294,0.086,0.00077,0.0,175078.3705,642645.9582,"L2-N, L2-S",LRT,5,0.35743
1010,6,4,0.002445,0.069788,0.000786,2e-06,206979.299,749922.8102,"R1002-1, R1002-2, R323-1, R323-2",BRT,4,0.357267
51132,2,4,9.4e-05,0.080765,0.000751,0.0,217620.3003,632770.0367,"LRT31, LRT32, LRT51, LRT52",LRT,5,0.356804
525573,3,4,0.011984,0.085109,0.000864,0.0,187133.9419,667131.9834,"RG-RH1, RG-RH2, RH-RG1, RH-RG2",BRT,4,0.356572
51187,3,2,0.001038,0.101004,0.000558,0.0,220905.1014,633679.6936,"LRT61, LRT62",LRT,5,0.356494
511098,3,2,0.008782,0.088351,0.000636,0.0,175758.3289,642149.2876,"L2-N, L2-S",LRT,5,0.356337
511254,3,4,0.001222,0.078481,0.000617,0.0,183017.2425,674573.2911,"LRT121, LRT122, LRT131, LRT132",LRT,5,0.356317
511006,2,2,0.02003,0.088164,0.000625,0.0,186613.694,666658.156,"Red-N, Red-S",LRT,5,0.355731
512118,2,3,0.002331,0.083038,0.000804,0.0,177809.9985,642848.2791,"Light-Blue_S, Turquoise_N, Turquoise_S",LRT,5,0.355232
34064,4,2,0.019138,0.069404,0.00061,0.0,214557.3893,747797.4819,"lrt05, lrt06",LRT,5,0.354901
467821,4,6,0.000445,0.020946,0.001043,0.0,179844.3075,572657.6222,"4.3_Ofakim-TelSheva, 4.3_TelSheva-Ofakim, 4.4_Bee'rSheva-Rahat_Main, 4.4_Rahat-Bee'rSheva_Main, 4.5_Bee'rSheva-Rahat, 4.5_Rahat-Bee'rSheva",LRT,5,0.354858
513027,2,4,0.00077,0.079415,0.00074,0.0,190599.7167,659260.6519,"Mgt2-E, Mgt2-W, Mgt3-E, Mgt3-W",LRT,5,0.354711
511002,2,2,0.017634,0.082554,0.000728,0.0,189158.707,666825.164,"Red-N, Red-S",LRT,5,0.354618
512283,3,4,0.00612,0.047976,0.000978,0.0,158263.9702,617431.5775,"Orange_N, Orange_S, RedN, RedS",LRT,5,0.354454
525210,2,2,0.012862,0.078631,0.000848,0.0,184311.9518,644797.1337,"East-N, East-S",LRT,5,0.35438
512082,3,2,0.002489,0.087332,0.000714,0.0,175589.8201,640536.7641,"Turquoise_N, Turquoise_S",LRT,5,0.354088
525205,2,2,0.011122,0.086075,0.000759,0.0,188446.6806,669378.4672,"East-N, East-S",LRT,5,0.353961
511097,3,2,0.003046,0.087409,0.000703,0.0,175546.2206,642416.258,"L2-N, L2-S",LRT,5,0.353904
511066,3,2,0.000766,0.087197,0.000737,0.0,180570.9645,645901.7356,"L1-N, L1-S",LRT,5,0.353879
525076,3,2,0.025421,0.098919,0.000716,0.0,182179.8734,654286.9695,"BluRT1, BluRT2",BRT,4,0.353878
36112,2,6,0.003668,0.079522,0.000911,3.3e-05,206193.7172,745886.6175,"m0110a, m0120a, m0210a, m0220a, m0410a, m0820a",BRT,4,0.3538
512038,5,1,0.000214,0.09631,0.00045,0.0,177340.531,655048.751,Grn1-N,LRT,5,0.353681
512162,2,3,0.002482,0.083389,0.000776,0.0,178266.7856,643307.7301,"Light-Blue_S, Turquoise_N, Turquoise_S",LRT,5,0.35321
511040,3,2,0.000901,0.086091,0.000741,0.0,180375.2796,644543.9857,"L1-N, L1-S",LRT,5,0.35289
51027,2,4,0.001143,0.080816,0.000693,0.0,217608.2954,631580.6006,"LRT11, LRT12, LRT21, LRT22",LRT,5,0.352687
523023,2,2,0.007362,0.086538,0.00079,0.0,185619.2081,661445.1576,"East-N, East-S",LRT,5,0.352635
511130,2,4,0.006278,0.057069,0.000956,0.0,188923.3588,692318.9651,"LRT131, LRT132, LRT141, LRT142","BRT, LRT",5,0.351253
525043,5,2,0.012661,0.089603,0.000707,0.0,181777.0013,646257.0049,"BluRT1, BluRT2",BRT,4,0.351198
511210,3,4,0.005055,0.056758,0.000829,0.0,186546.1862,691079.6578,"LRT121, LRT122, LRT151, LRT152",LRT,5,0.35101
525081,3,2,0.022865,0.098694,0.000724,0.0,182634.9917,655668.3309,"BluRT1, BluRT2",BRT,4,0.350975
525204,2,2,0.010665,0.082032,0.000786,0.0,190456.8504,671050.6155,"East-N, East-S",LRT,5,0.350244
36509,5,3,0.001474,0.076334,0.000505,0.089725,201823.9626,745179.1828,"m0120a, m0220a, m0720a",BRT,4,0.350034
525209,2,2,0.013033,0.081032,0.000766,0.0,187009.8049,647192.0644,"East-N, East-S",LRT,5,0.349961
51028,2,4,0.001112,0.078806,0.000691,0.0,217285.1545,630909.0808,"LRT11, LRT12, LRT21, LRT22",LRT,5,0.349513
1007,4,6,0.000157,0.063816,0.000851,1e-06,208356.518,751836.2493,"R1002-1, R1002-2, R1003-1, R1003-2, R323-1, R323-2",BRT,4,0.349376
511075,3,2,0.00763,0.084564,0.000634,0.0,178979.508,643841.9733,"L1-N, L1-S",LRT,5,0.349254
523024,2,2,0.007039,0.085172,0.000776,0.0,186463.4217,662301.1337,"East-N, East-S",LRT,5,0.348891
36195,4,5,0.002947,0.063995,0.000937,4.8e-05,198044.964,748442.5348,"m0110a, m0120a, m0620a, m0710a, m0720a",BRT,4,0.348813
36645,6,4,0.000191,0.057834,0.000904,0.000176,196616.1012,745390.8372,"m0110a, m0120a, m0620a, m0710a",BRT,4,0.348692
525587,4,4,0.007636,0.063621,0.001007,0.0,196462.7324,668172.9763,"RG-RH1, RG-RH2, RH-RG1, RH-RG2",BRT,4,0.348379
511007,2,2,0.020716,0.088763,0.000528,0.0,186380.707,666685.164,"Red-N, Red-S",LRT,5,0.348116
525045,4,2,0.020308,0.09033,0.000706,0.0,181562.9348,646631.6706,"BluRT1, BluRT2",BRT,4,0.348085
36146,4,5,0.000921,0.056221,0.001066,1.6e-05,196298.9488,746515.2112,"m0110a, m0120a, m0620a, m0710a, m0720a",BRT,4,0.347518
1008,4,6,0.00031,0.065042,0.000809,0.0,207744.6674,751138.7065,"R1002-1, R1002-2, R1003-1, R1003-2, R323-1, R323-2",BRT,4,0.34725
51127,2,4,0.001086,0.077848,0.000681,0.0,216913.0475,630681.5625,"LRT11, LRT12, LRT21, LRT22",LRT,5,0.347197
34032,2,6,0.013854,0.035154,0.000864,0.0,229561.5225,734144.242,"lrt01, lrt02, lrt03, lrt04, lrt05, lrt06",LRT,5,0.347
34026,2,6,0.015885,0.042943,0.000721,0.0,226850.9578,737063.7153,"lrt01, lrt02, lrt03, lrt04, lrt05, lrt06",LRT,5,0.346947
1028,5,6,0.000298,0.058136,0.000761,2.4e-05,196242.8709,747525.9166,"R326-1, R326-2, R327-1, R327-2, R328-1, R328-2",BRT,4,0.346933
516004,2,2,0.001537,0.092523,0.000715,0.0,176380.8357,654954.0398,"ART1-1, ART1-2",LRT,5,0.346095
525208,2,2,0.013269,0.081772,0.000712,0.0,187766.5931,647838.8406,"East-N, East-S",LRT,5,0.346068
36187,5,5,0.000652,0.073051,0.000613,0.010769,200563.9498,746780.7944,"m0120a, m0220a, m0610a, m0720a, m0910a",BRT,4,0.346053
512270,3,2,0.009602,0.072829,0.000738,0.0,168253.0805,636500.776,"RedN, RedS",LRT,5,0.345234
51036,2,4,1e-06,0.070896,0.000777,0.0,222826.9616,633763.1543,"LRT41, LRT42, LRT71, LRT72",LRT,5,0.345091
525087,3,2,0.012427,0.101191,0.000767,0.0,182618.4794,657699.0079,"BluRT1, BluRT2",BRT,4,0.344766
282738,4,2,0.024836,0.05203,0.000682,0.0,160751.6997,620324.3423,"Orange_N, Orange_S",LRT,5,0.34469
51128,2,4,0.001065,0.077128,0.000666,0.0,216611.4224,630483.8463,"LRT11, LRT12, LRT21, LRT22",LRT,5,0.344591
36708,5,3,0.001981,0.063238,0.001037,1e-06,202236.9368,742523.8234,"m0810a, m0910a, m0920a",BRT,4,0.344487
513001,3,2,0.005527,0.093138,0.000488,0.0,180941.712,665543.166,"Mgt1-E, Mgt2-E",LRT,5,0.344444
36176,6,4,0.000897,0.058672,0.000839,2.7e-05,196331.4371,747556.6651,"m0110a, m0120a, m0710a, m0720a",BRT,4,0.344409
511067,3,2,0.008665,0.084187,0.000569,0.0,177129.9617,642177.6508,"L1-N, L1-S",LRT,5,0.343698
515037,4,4,0.003946,0.081026,0.000755,0.0,189292.1133,649395.4525,"BRT1-1, BRT1-2, BRT2-1, BRT2-2",BRT,4,0.343666
512166,3,4,0.003838,0.046795,0.000913,0.0,157175.6518,616506.9097,"Orange_N, Orange_S, RedN, RedS",LRT,5,0.343406
36965,5,4,0.012586,0.033974,0.001175,1e-06,228365.0139,733305.1927,"brt031, brt032, brt041, brt042",BRT,4,0.34322
36010,5,3,0.003678,0.069058,0.000906,0.00215,202108.8463,744410.3541,"m0810a, m0910a, m0920a",BRT,4,0.343219
512268,2,2,0.001725,0.086743,0.000768,0.0,175420.1138,640217.7429,"Turquoise_N, Turquoise_S",LRT,5,0.343206
467763,4,4,0.000341,0.011035,0.001335,0.0,177245.8778,589073.2541,"4.4_Bee'rSheva-Rahat_Main, 4.4_Rahat-Bee'rSheva_Main, 4.5_Bee'rSheva-Rahat, 4.5_Rahat-Bee'rSheva",LRT,5,0.34308
525579,3,4,0.020755,0.077777,0.00071,0.0,190369.1658,667140.4885,"RG-RH1, RG-RH2, RH-RG1, RH-RG2",BRT,4,0.342814
150274,4,1,0.027644,0.102258,0.000509,1e-06,179974.8108,652760.5982,BRT1-2,BRT,4,0.342745
512237,3,1,0.005277,0.088134,0.000679,0.0,175763.3131,642129.8639,Light-Blue_S,LRT,5,0.342599
525211,2,2,0.012806,0.078363,0.00073,0.0,183544.7125,643582.3557,"East-N, East-S",LRT,5,0.342391
512193,3,2,0.00981,0.072183,0.000715,0.0,167003.1484,635067.1655,"RedN, RedS",LRT,5,0.342353
51125,2,4,0.000813,0.064307,0.00083,0.0,217967.3383,626496.4142,"LRT41, LRT42, LRT61, LRT62",LRT,5,0.342013
511240,2,4,0.006992,0.060091,0.000803,0.0,187956.1462,689105.0334,"LRT141, LRT142, LRT151, LRT152","BRT, LRT",5,0.341566
51146,2,4,0.000356,0.072517,0.000707,0.0,220094.2321,627204.4842,"LRT61, LRT62, LRT81, LRT82",LRT,5,0.341129
525097,4,2,0.001102,0.096554,0.000806,0.0,179380.5179,660677.1954,"BluRT1, BluRT2",BRT,4,0.341063
36648,7,2,0.001659,0.069721,0.000749,0.000424,200133.0407,746504.1571,"m0310a, m0510a",BRT,4,0.341002
34031,2,6,0.01415,0.035551,0.000792,0.0,230070.5024,733947.1879,"lrt01, lrt02, lrt03, lrt04, lrt05, lrt06",LRT,5,0.340992
34027,2,6,0.015601,0.0393,0.000717,0.0,230709.3592,737105.8772,"lrt01, lrt02, lrt03, lrt04, lrt05, lrt06",LRT,5,0.340983
512238,3,1,0.00305,0.087056,0.000706,0.0,175520.4891,642438.3487,Light-Blue_S,LRT,5,0.340655
512249,3,1,0.001531,0.08456,0.000762,0.0,174862.3358,643046.4426,Light-Blue_S,LRT,5,0.34059
512240,3,1,0.002298,0.085832,0.000728,0.0,175107.2003,642630.0976,Light-Blue_S,LRT,5,0.340068
511264,3,2,0.021917,0.063855,0.000648,0.0,190516.4147,687589.5741,"LRT-L1, LRT-L2",LRT,5,0.340046
511099,2,2,0.01227,0.089243,0.000552,0.0,176067.9026,641648.4249,"L2-N, L2-S",LRT,5,0.339807
512063,2,2,0.001537,0.079381,0.000842,0.0,184938.325,668661.04,"Grn1-N, Grn1-S",LRT,5,0.339664
513030,2,2,0.004633,0.095376,0.000564,0.0,185642.258,663347.884,"Mgt1-E, Mgt1-W",LRT,5,0.339524
51005,2,4,0.001069,0.067731,0.00075,0.0,221790.1412,636334.4803,"LRT11, LRT12, LRT51, LRT52",LRT,5,0.339415
525091,3,2,0.001341,0.09797,0.000905,0.0,181854.9543,658813.8844,"BluRT1, BluRT2",BRT,4,0.338782
34044,2,6,0.015314,0.037743,0.000717,0.0,232031.6238,735791.7833,"lrt01, lrt02, lrt03, lrt04, lrt05, lrt06",LRT,5,0.338365
516043,4,2,0.007031,0.089244,0.000316,0.0,185118.3527,652872.6019,"ART1-1, ART2-1",LRT,5,0.33836
34030,2,6,0.014444,0.035917,0.000755,0.0,230519.7442,734154.7924,"lrt01, lrt02, lrt03, lrt04, lrt05, lrt06",LRT,5,0.338314
525458,2,2,0.00077,0.091788,0.000656,0.0,175322.9441,655921.6532,"ART2-1, ART2-2",LRT,5,0.338265
51133,2,4,4.4e-05,0.079199,0.000583,0.0,217268.5096,632730.9842,"LRT31, LRT32, LRT51, LRT52",LRT,5,0.338105
515072,4,4,0.00137,0.080512,0.000738,0.0,189449.5681,649637.9638,"BRT1-1, BRT1-2, BRT2-1, BRT2-2",BRT,4,0.337883
511237,2,4,0.004954,0.058144,0.000819,0.0,188034.4964,690827.3789,"LRT141, LRT142, LRT151, LRT152","BRT, LRT",5,0.337674
521071,2,2,0.009138,0.078476,0.00073,0.0,190212.1762,673771.3212,"East-N, East-S",LRT,5,0.337585
516003,2,2,0.00077,0.091279,0.000656,0.0,176286.0623,654561.8821,"ART1-1, ART1-2",LRT,5,0.337537
511239,2,4,0.006309,0.059356,0.000781,0.0,187981.4771,689738.2506,"LRT141, LRT142, LRT151, LRT152","BRT, LRT",5,0.337459
34028,2,6,0.015026,0.036978,0.000723,0.0,231712.9474,734880.0979,"lrt01, lrt02, lrt03, lrt04, lrt05, lrt06",LRT,5,0.33744
515078,3,4,0.000152,0.079807,0.000904,0.0,190618.1317,652006.1632,"BRT1-1, BRT1-2, BRT2-1, BRT2-2",BRT,4,0.337167
34029,2,6,0.014736,0.036162,0.000733,0.0,230806.8198,734313.8407,"lrt01, lrt02, lrt03, lrt04, lrt05, lrt06",LRT,5,0.336857
511049,4,2,0.00065,0.066808,0.000713,0.0,168251.6029,631890.6357,"L1-N, L1-S",LRT,5,0.336483
511238,2,4,0.00563,0.058673,0.000786,0.0,188003.8049,690345.295,"LRT141, LRT142, LRT151, LRT152","BRT, LRT",5,0.336074
512267,2,2,0.00077,0.085094,0.000731,0.0,174937.0562,639596.6151,"Turquoise_N, Turquoise_S",LRT,5,0.336014
511055,3,2,0.002137,0.088656,0.000514,0.0,175737.7894,640972.9208,"L2-N, L2-S",LRT,5,0.335996
36156,3,4,0.003328,0.060781,0.001127,0.0,204814.4885,741891.1676,"m0510a, m0520a, m0610a, m0620a",BRT,4,0.335934
515018,4,2,0.000806,0.098873,0.000722,0.0,181584.5034,652429.2941,"BRT1-1, BRT1-2",BRT,4,0.335784
525074,2,2,0.023098,0.098733,0.000711,0.0,181952.3679,653491.8926,"BluRT1, BluRT2",BRT,4,0.335759
525069,2,2,0.023128,0.098831,0.000708,0.0,181722.0678,653014.474,"BluRT1, BluRT2",BRT,4,0.335681
512036,2,2,0.005754,0.097952,0.000471,0.0,178635.346,654519.82,"Grn1-N, Grn1-S",LRT,5,0.335621
515045,3,4,0.002485,0.08035,0.000848,0.0,188649.161,648273.2337,"BRT1-1, BRT1-2, BRT2-1, BRT2-2",BRT,4,0.335543
51196,2,4,0.00014,0.076235,0.000593,0.0,222680.9901,634247.2956,"LRT41, LRT42, LRT71, LRT72",LRT,5,0.334975
36421,3,4,0.002984,0.072126,0.000913,0.008936,200513.931,745910.936,"m0320a, m0520a, m0810a, m0820a",BRT,4,0.334734
36158,3,4,0.003688,0.062594,0.001083,4e-06,204397.845,742231.7909,"m0510a, m0520a, m0610a, m0620a",BRT,4,0.334716
36168,3,4,0.006151,0.068928,0.000923,0.007271,203221.2047,743452.4417,"m0510a, m0520a, m0610a, m0620a",BRT,4,0.334686
511094,3,2,0.001295,0.067778,0.000815,0.0,167535.6171,632316.369,"L1-N, L1-S",LRT,5,0.334448
512231,4,1,0.002675,0.0871,0.000498,0.0,175879.4264,641011.8885,Light-Blue_S,LRT,5,0.334249
512062,2,2,0.002303,0.080621,0.000757,0.0,184557.7594,668289.2684,"Grn1-N, Grn1-S",LRT,5,0.334164
515022,4,2,0.011743,0.101854,0.000509,1e-06,179801.8133,652688.481,"BRT1-1, BRT1-2",BRT,4,0.333901
36738,5,3,0.000869,0.063168,0.000944,1e-06,202909.7984,742403.9488,"m0810a, m0910a, m0920a",BRT,4,0.333832
34033,2,6,0.013556,0.034538,0.00074,0.0,229062.0926,733439.2981,"lrt01, lrt02, lrt03, lrt04, lrt05, lrt06",LRT,5,0.333653
51123,2,4,0.000683,0.061881,0.000781,0.0,217677.8958,626657.3393,"LRT41, LRT42, LRT61, LRT62",LRT,5,0.333522
36046,4,4,0.001645,0.058791,0.001002,0.000611,196816.9745,745026.6512,"m0110a, m0620a, m0710a, m0720a",BRT,4,0.333212
467208,3,6,0.000264,0.021416,0.000963,0.0,180536.9326,572700.3871,"4.2_LRT_BRS-Shoket, 4.2_LRT_Shoket-BRS, 4.4_Bee'rSheva-Rahat_Main, 4.4_Rahat-Bee'rSheva_Main, 4.5_Bee'rSheva-Rahat, 4.5_Rahat-Bee'rSheva",LRT,5,0.333139
282739,3,2,0.027478,0.052751,0.000661,0.0,161478.4162,620633.2327,"Orange_N, Orange_S",LRT,5,0.332944
51012,2,3,0.00029,0.082043,0.000614,0.0,221528.1936,633366.9097,"LRT10, LRT11, LRT12",LRT,5,0.332602
34054,4,2,0.002298,0.063434,0.000697,1e-06,209180.0556,751532.6503,"lrt07, lrt08",LRT,5,0.332326
282737,3,2,0.026137,0.05242,0.000678,0.0,161180.4936,620418.8534,"Orange_N, Orange_S",LRT,5,0.332292
515049,3,2,0.000433,0.101098,0.000802,0.0,180340.092,652508.9076,"BRT1-1, BRT1-2",BRT,4,0.332038
525062,2,2,0.022541,0.096827,0.000706,0.0,181500.5321,651876.7862,"BluRT1, BluRT2",BRT,4,0.33181
515801,3,4,0.00159,0.080323,0.000814,0.0,190432.3273,651797.4403,"BRT1-1, BRT1-2, BRT2-1, BRT2-2",BRT,4,0.331051
512003,2,2,0.003066,0.081989,0.000694,0.0,183988.0251,668284.1754,"Grn1-N, Grn1-S",LRT,5,0.33098
525240,3,2,0.008664,0.099031,0.000705,0.0,180761.1249,657675.1802,"Yelw-N, Yelw-S",BRT,4,0.330591
512149,2,4,0.005338,0.04767,0.000894,0.0,157942.2802,617240.3797,"Orange_N, Orange_S, RedN, RedS",LRT,5,0.330454
51177,2,2,0.000683,0.088031,0.00063,0.0,220253.4452,634130.6611,"LRT61, LRT62",LRT,5,0.330171
525574,2,4,0.009845,0.083435,0.000792,0.0,187675.2299,667335.2899,"RG-RH1, RG-RH2, RH-RG1, RH-RG2",BRT,4,0.330045
511187,3,2,0.011778,0.062628,0.000702,0.0,190518.4048,687839.3584,"LRT151, LRT152",LRT,5,0.330028
511209,2,4,0.004336,0.056096,0.000779,0.0,186615.2424,691688.3765,"LRT121, LRT122, LRT151, LRT152",LRT,5,0.330023
525580,3,4,0.012622,0.076291,0.000712,0.0,190955.2778,667142.6763,"RG-RH1, RG-RH2, RH-RG1, RH-RG2",BRT,4,0.330004
525061,2,2,0.022085,0.095692,0.000706,0.0,181547.7993,651319.3156,"BluRT1, BluRT2",BRT,4,0.329535
51038,2,4,0.0,0.07243,0.000593,0.0,223155.955,633358.5783,"LRT41, LRT42, LRT71, LRT72",LRT,5,0.329351
51115,3,4,0.000141,0.056634,0.000673,1e-06,214412.1176,630165.8881,"LRT11, LRT12, LRT81, LRT82",LRT,5,0.329062
511119,2,4,0.001537,0.052152,0.000865,0.0,186832.3142,695416.5833,"LRT121, LRT122, LRT151, LRT152",LRT,5,0.328947
500071,3,4,0.023636,0.048055,0.000963,0.0,164622.9547,619321.0596,"BRT_Blue_E, BRT_Blue_W, BRT_Pink_E, BRT_Pink_W",BRT,4,0.328888
521051,3,2,0.009432,0.09695,0.000704,0.0,181982.9704,654300.6641,"Yelw-N, Yelw-S",BRT,4,0.328589
513029,2,2,0.005157,0.097125,0.000418,0.0,185580.1938,662616.4412,"Mgt1-E, Mgt1-W",LRT,5,0.328532
525200,2,2,0.021834,0.095211,0.000705,0.0,181490.36,650980.8364,"BluRT1, BluRT2",BRT,4,0.328492
467202,3,6,0.000256,0.021474,0.000914,0.0,180756.0066,574064.8193,"4.2_LRT_BRS-Shoket, 4.2_LRT_Shoket-BRS, 4.4_Bee'rSheva-Rahat_Main, 4.4_Rahat-Bee'rSheva_Main, 4.5_Bee'rSheva-Rahat, 4.5_Rahat-Bee'rSheva",LRT,5,0.328444
512241,2,1,0.000769,0.08312,0.000812,0.0,174987.1961,643596.6565,Light-Blue_S,LRT,5,0.328067
515008,4,2,0.005196,0.090448,0.000705,0.0,184061.4,652539.6259,"BRT1-1, BRT1-2",BRT,4,0.328021
521049,4,2,0.006746,0.089406,0.0007,0.0,185146.0403,653071.6668,"Yelw-N, Yelw-S",BRT,4,0.328019
525059,2,2,0.021596,0.09495,0.000705,0.0,181461.1608,650779.8747,"BluRT1, BluRT2",BRT,4,0.327789
51122,2,4,0.00055,0.059181,0.000763,0.0,217321.7928,626827.049,"LRT41, LRT42, LRT61, LRT62",LRT,5,0.327723
51134,3,2,0.000806,0.082856,0.000532,0.0,220842.9603,628657.5158,"LRT61, LRT62",LRT,5,0.327719
512230,3,1,0.001311,0.087406,0.000591,0.0,175694.2805,641443.8397,Light-Blue_S,LRT,5,0.327685
36654,5,4,0.002382,0.065126,0.000697,0.00014,198418.4068,748369.7996,"m0110a, m0120a, m0620a, m0710a",BRT,4,0.327547
511155,2,2,0.006181,0.073088,0.000746,0.0,192304.8551,678512.3099,"LRT141, LRT142","BRT, LRT",5,0.327495
51004,2,4,0.000942,0.060652,0.000732,0.0,222754.3023,636285.716,"LRT11, LRT12, LRT51, LRT52",LRT,5,0.327317
51048,3,2,0.000621,0.087724,0.000459,0.0,219144.7879,629244.6249,"LRT81, LRT82",LRT,5,0.327285
511125,2,4,0.0061,0.054955,0.000743,0.0,186980.7631,693177.9738,"LRT121, LRT122, LRT151, LRT152",LRT,5,0.327181
525201,2,2,0.021357,0.094734,0.000705,0.0,181432.4474,650612.9576,"BluRT1, BluRT2",BRT,4,0.327156
512061,2,2,0.003828,0.083287,0.000623,0.0,183472.6395,668188.2096,"Grn1-N, Grn1-S",LRT,5,0.326946
525248,3,2,0.010043,0.095178,0.000705,0.0,182634.2606,662908.7932,"Yelw-N, Yelw-S",BRT,4,0.326946
525244,3,2,0.013975,0.091442,0.000705,0.0,183453.2338,666598.9138,"Yelw-N, Yelw-S",BRT,4,0.326866
512165,2,4,0.004583,0.0473,0.000871,0.0,157537.7037,617028.7451,"Orange_N, Orange_S, RedN, RedS",LRT,5,0.32675
511109,3,2,0.002873,0.065947,0.00074,0.0,168036.0183,631577.2751,"L2-N, L2-S",LRT,5,0.326561
51178,2,2,0.00055,0.082243,0.000678,0.0,219827.3462,634166.8661,"LRT61, LRT62",LRT,5,0.326425
511208,2,4,0.003641,0.05573,0.000757,0.0,186690.6573,692034.1755,"LRT121, LRT122, LRT151, LRT152",LRT,5,0.326418
36652,6,3,2.6e-05,0.063515,0.000728,1e-06,208962.6191,751521.5619,"m0110a, m0120a, m0410a",BRT,4,0.326348
511071,3,2,0.001937,0.068347,0.000714,0.0,167123.2436,632559.0114,"L1-N, L1-S",LRT,5,0.326213
51124,2,4,0.000416,0.058421,0.000759,0.0,217218.2379,626775.2895,"LRT41, LRT42, LRT61, LRT62",LRT,5,0.326151
51121,2,4,0.000141,0.054234,0.000824,0.0,217307.4512,627200.1749,"LRT41, LRT42, LRT61, LRT62",LRT,5,0.326073
515021,3,2,1e-06,0.100157,0.000759,0.0,180670.2956,652473.551,"BRT1-1, BRT1-2",BRT,4,0.325901
512064,2,2,0.00077,0.078211,0.000728,0.0,185202.4893,669104.4795,"Grn1-N, Grn1-S",LRT,5,0.325848
525581,3,4,0.011902,0.073867,0.000714,0.0,191952.6916,667239.0636,"RG-RH1, RG-RH2, RH-RG1, RH-RG2",BRT,4,0.325809
511169,3,2,0.007122,0.076542,0.000516,0.0,189322.2617,678333.1823,"LRT151, LRT152",LRT,5,0.32554
511207,2,4,0.00312,0.055586,0.000754,0.0,186740.4403,692282.2598,"LRT121, LRT122, LRT151, LRT152",LRT,5,0.325135
36015,4,3,0.001412,0.073987,0.000723,0.024343,201327.4709,744877.836,"m0810a, m0910a, m0920a",BRT,4,0.324776
525056,2,2,0.021119,0.093184,0.000705,0.0,181279.1757,649376.9131,"BluRT1, BluRT2",BRT,4,0.32462
525088,4,1,0.005839,0.081547,0.000436,0.0,190583.1498,652231.9665,East-S,LRT,5,0.324488
515048,3,2,0.006222,0.086185,0.000863,0.0,185094.9941,651876.3866,"BRT2-1, BRT2-2",BRT,4,0.324367
511124,2,4,0.005345,0.054434,0.000731,0.0,187026.6515,693660.3917,"LRT121, LRT122, LRT151, LRT152",LRT,5,0.324288
51203,2,4,0.000279,0.055755,0.000781,0.0,217052.2547,627166.7199,"LRT41, LRT42, LRT61, LRT62",LRT,5,0.32427
525586,3,4,0.008339,0.064979,0.000876,0.0,195756.852,668397.89,"RG-RH1, RG-RH2, RH-RG1, RH-RG2",BRT,4,0.324174
525575,2,4,0.009159,0.082232,0.000755,0.0,188091.4391,667442.7579,"RG-RH1, RG-RH2, RH-RG1, RH-RG2",BRT,4,0.323802
511120,2,4,0.002303,0.052604,0.000793,0.0,186577.2883,695042.878,"LRT121, LRT122, LRT151, LRT152",LRT,5,0.323673
525582,3,4,0.011177,0.072103,0.000722,0.0,192621.0301,667616.4946,"RG-RH1, RG-RH2, RH-RG1, RH-RG2",BRT,4,0.323104
525054,2,2,0.020882,0.092183,0.000705,0.0,181150.5313,648556.106,"BluRT1, BluRT2",BRT,4,0.322881
511053,3,2,5e-06,0.082274,0.000502,0.0,175034.6407,644058.951,"L2-N, L2-S",LRT,5,0.322855
511123,2,4,0.004587,0.053902,0.000731,0.0,187088.1613,694159.7273,"LRT121, LRT122, LRT151, LRT152",LRT,5,0.322486
511121,2,4,0.003066,0.053105,0.000758,0.0,186444.444,694567.139,"LRT121, LRT122, LRT151, LRT152",LRT,5,0.321949
51003,2,4,0.000813,0.057433,0.000725,0.0,222595.5114,636770.0943,"LRT11, LRT12, LRT51, LRT52",LRT,5,0.321901
525051,2,2,0.020672,0.091658,0.000705,0.0,181076.5061,648025.6571,"BluRT1, BluRT2",BRT,4,0.321852
515026,3,2,2e-06,0.098846,0.000735,0.0,181260.3448,652398.1122,"BRT1-1, BRT1-2",BRT,4,0.321714
511122,2,4,0.003828,0.05353,0.000737,0.0,186762.9014,694304.4952,"LRT121, LRT122, LRT151, LRT152",LRT,5,0.321537
511108,2,2,0.001475,0.06514,0.000863,0.0,167562.5072,631801.3372,"L2-N, L2-S",LRT,5,0.321283
525049,2,2,0.020488,0.091295,0.000706,0.0,181114.9634,647632.886,"BluRT1, BluRT2",BRT,4,0.321114
36053,4,3,0.002184,0.062873,0.000944,0.0,201757.8601,742814.9516,"m0810a, m0910a, m0920a",BRT,4,0.32084
51163,2,2,0.000852,0.084905,0.000577,0.0,221215.6712,629510.9284,"LRT61, LRT62",LRT,5,0.320828
36141,3,4,0.005299,0.064462,0.00089,1e-06,209229.095,751235.658,"m0110a, m0120a, m0410a, m0820a",BRT,4,0.320674
512089,3,2,0.018246,0.051328,0.00068,0.0,159971.544,620507.5997,"Orange_N, Orange_S",LRT,5,0.320451
511162,3,1,0.013454,0.078624,0.000479,0.0,190307.7888,676225.5681,LRT142,LRT,5,0.320378
51166,2,2,0.00101,0.092618,0.000456,0.0,220904.6406,630122.3927,"LRT71, LRT72",LRT,5,0.320225
51030,2,2,0.001055,0.094248,0.00043,0.0,221427.1071,633666.8424,"LRT71, LRT72",LRT,5,0.320058
512053,2,1,0.012701,0.10017,0.000315,0.0,182486.71,655570.159,Grn2-N,LRT,5,0.319937
525084,2,2,0.010434,0.09755,0.00074,0.0,183324.8563,656542.3096,"BluRT1, BluRT2",BRT,4,0.319932
521072,2,1,0.016095,0.087072,0.00046,0.0,186003.0151,659295.532,East-N,LRT,5,0.319906
511037,3,2,0.0,0.092725,0.000316,0.0,177182.782,655287.0318,"Red-N, Red2-N",LRT,5,0.319651
512108,2,1,0.001513,0.087689,0.000647,0.0,175802.1074,641812.4229,Light-Blue_S,LRT,5,0.319521
36641,4,3,0.000755,0.0559,0.001048,0.0,205772.5396,740614.067,"m0510a, m0520a, m0620a",BRT,4,0.319086
51135,2,2,0.000825,0.083715,0.000577,0.0,221011.4066,629094.6947,"LRT61, LRT62",LRT,5,0.319037
51050,2,2,0.000639,0.089037,0.000501,0.0,219993.7269,629617.4442,"LRT81, LRT82",LRT,5,0.31903
525576,2,4,0.008625,0.080931,0.000732,0.0,188580.4386,667319.0221,"RG-RH1, RG-RH2, RH-RG1, RH-RG2",BRT,4,0.318972
525585,3,4,0.008962,0.066055,0.000798,0.0,195201.8322,668528.7868,"RG-RH1, RG-RH2, RH-RG1, RH-RG2",BRT,4,0.318901
511093,3,2,0.002576,0.068956,0.000619,0.0,166670.9978,632815.1981,"L1-N, L1-S",LRT,5,0.318745
51164,2,2,0.000912,0.086442,0.000532,0.0,221365.6664,629862.1978,"LRT61, LRT62",LRT,5,0.318653
51049,2,2,0.000621,0.087838,0.000514,0.0,219491.9548,629267.4068,"LRT81, LRT82",LRT,5,0.318523
525234,3,2,0.012221,0.087209,0.000705,0.0,182748.8467,668202.1776,"Yelw-N, Yelw-S",BRT,4,0.318484
525089,2,2,0.001679,0.099484,0.000816,0.0,182292.5537,658231.8317,"BluRT1, BluRT2",BRT,4,0.318481
51002,2,4,0.000683,0.055321,0.000722,0.0,222840.256,637035.3864,"LRT11, LRT12, LRT51, LRT52",LRT,5,0.318448
525583,3,4,0.010438,0.068438,0.000733,0.0,194237.5219,668178.2643,"RG-RH1, RG-RH2, RH-RG1, RH-RG2",BRT,4,0.317978
525584,3,4,0.0097,0.067229,0.000759,0.0,194611.4075,668648.3355,"RG-RH1, RG-RH2, RH-RG1, RH-RG2",BRT,4,0.317726
511153,2,2,0.005455,0.067842,0.000728,0.0,194199.7766,680813.9975,"LRT141, LRT142","BRT, LRT",5,0.317288
515013,3,2,0.005749,0.092351,0.000706,0.0,183796.9724,652018.9423,"BRT1-1, BRT1-2",BRT,4,0.317285
515074,3,2,0.006835,0.088582,0.00074,0.0,185255.6308,652704.1096,"BRT2-1, BRT2-2",BRT,4,0.316584
521047,4,2,0.005215,0.083452,0.000687,0.0,185201.7616,650581.91,"Yelw-N, Yelw-S",BRT,4,0.316265
51001,2,4,0.00055,0.053333,0.000729,0.0,222667.6785,637351.8944,"LRT11, LRT12, LRT51, LRT52",LRT,5,0.316125
511035,4,1,0.001071,0.088331,0.000315,0.0,181498.3442,646303.6858,L1-S,LRT,5,0.316036
36862,4,2,0.017553,0.068595,0.000732,0.0,214620.7809,747779.2127,"brt011, brt012",BRT,4,0.315861
525577,2,4,0.008253,0.079814,0.000721,0.0,189356.0543,667304.1806,"RG-RH1, RG-RH2, RH-RG1, RH-RG2",BRT,4,0.315849
1027,5,4,0.000606,0.059499,0.000684,2.4e-05,196604.8908,747931.2037,"R327-1, R327-2, R328-1, R328-2",BRT,4,0.315827
18300,4,3,0.001493,0.057184,0.000984,0.0,205518.8141,740975.1256,"m0510a, m0520a, m0620a",BRT,4,0.315712
525318,4,2,0.008548,0.077539,0.000721,0.0,183123.6335,674514.3374,"Hz-KS1, Hz-KS2",BRT,4,0.315554
525321,3,2,0.011193,0.080114,0.000792,0.0,181943.3541,674529.2103,"Hz-KS1, Hz-KS2",BRT,4,0.315409
511118,2,4,0.00077,0.051646,0.00074,0.0,187298.3815,695632.3385,"LRT121, LRT122, LRT151, LRT152",LRT,5,0.315073
36177,6,3,4.7e-05,0.060025,0.000662,3e-05,196664.7614,748021.7426,"m0110a, m0120a, m0710a",BRT,4,0.315037
515083,2,4,0.002427,0.080182,0.000785,0.0,188943.1265,648981.5983,"BRT1-1, BRT1-2, BRT2-1, BRT2-2",BRT,4,0.314854
51201,2,4,0.000141,0.04678,0.000817,0.0,222589.8108,638366.8763,"LRT11, LRT12, LRT51, LRT52",LRT,5,0.314727
51179,2,2,0.000416,0.07177,0.000712,0.0,219411.7977,635004.6508,"LRT61, LRT62",LRT,5,0.31461
36133,3,4,0.003281,0.068819,0.000791,3e-06,208739.319,749798.555,"m0110a, m0120a, m0410a, m0820a",BRT,4,0.314567
500237,4,4,0.01864,0.037694,0.000886,0.0,177037.9574,615141.3485,"BRT_Blue_E, BRT_Blue_W, BRT_Pink_E, BRT_Pink_W",BRT,4,0.314202
36023,5,2,8.1e-05,0.071171,0.000635,0.029793,201563.8635,744797.3272,"m0910a, m0920a",BRT,4,0.314116
515014,3,2,7e-05,0.094891,0.00071,0.0,182898.9629,652303.9991,"BRT1-1, BRT1-2",BRT,4,0.313689
511188,2,2,0.010729,0.062288,0.000699,0.0,190051.4764,687903.1771,"LRT151, LRT152",LRT,5,0.313566
525515,3,2,0.006716,0.077669,0.000866,0.0,190378.5453,667136.1308,"BRT-1, BRT-2",BRT,4,0.313179
51198,2,4,0.000416,0.050244,0.000741,0.0,222321.0762,637850.7899,"LRT11, LRT12, LRT51, LRT52",LRT,5,0.312663
467205,2,6,0.000247,0.021129,0.000903,0.0,180744.5651,573207.4419,"4.2_LRT_BRS-Shoket, 4.2_LRT_Shoket-BRS, 4.4_Bee'rSheva-Rahat_Main, 4.4_Rahat-Bee'rSheva_Main, 4.5_Bee'rSheva-Rahat, 4.5_Rahat-Bee'rSheva",LRT,5,0.312605
525572,2,4,0.00077,0.083249,0.00074,0.0,186576.4978,667273.339,"RG-RH1, RG-RH2, RH-RG1, RH-RG2",BRT,4,0.312572
51237,2,1,0.000141,0.08712,0.000602,0.0,219376.2023,631615.6953,LRT9,LRT,5,0.312485
511058,2,2,0.000722,0.064595,0.000791,0.0,167236.2224,631955.7329,"L2-N, L2-S",LRT,5,0.312477
51200,2,4,0.000279,0.048227,0.00077,0.0,222273.1027,638280.5573,"LRT11, LRT12, LRT51, LRT52",LRT,5,0.312411
511189,2,2,0.010351,0.062066,0.000694,0.0,189995.8071,687590.2236,"LRT151, LRT152",LRT,5,0.312277
511152,2,2,0.004765,0.065561,0.000718,0.0,195372.2991,681849.7469,"LRT141, LRT142","BRT, LRT",5,0.312134
34056,2,2,0.001763,0.063401,0.000787,0.0,209981.5051,751385.6982,"lrt07, lrt08",LRT,5,0.311745
511230,2,2,0.001537,0.057607,0.000872,0.0,186120.459,687250.0358,"LRT141, LRT142","BRT, LRT",5,0.311533
525239,2,2,0.006992,0.097034,0.000705,0.0,180737.105,656958.4653,"Yelw-N, Yelw-S",BRT,4,0.311182
36739,3,3,0.001882,0.063475,0.000985,0.0,202559.0216,742280.5464,"m0810a, m0910a, m0920a",BRT,4,0.311018
511038,2,2,0.007853,0.0907,0.000296,0.0,187197.1079,668208.1821,"Red2-S, Shut-S",LRT,5,0.310977
515075,3,2,0.0,0.093166,0.000708,0.0,183442.9602,652150.8151,"BRT1-1, BRT1-2",BRT,4,0.310914
36157,4,3,0.002227,0.058532,0.000902,0.0,205254.4431,741334.6615,"m0510a, m0520a, m0620a",BRT,4,0.310613
525494,3,1,0.016433,0.079191,0.000816,0.0,182860.8455,641909.1086,RH-GY1,BRT,4,0.310471
511190,2,2,0.009981,0.061788,0.000685,0.0,189815.1193,687221.9586,"LRT151, LRT152",LRT,5,0.310469
515802,2,4,0.000861,0.079523,0.000771,0.0,190221.62,651306.2396,"BRT1-1, BRT1-2, BRT2-1, BRT2-2",BRT,4,0.310425
51119,3,2,0.001104,0.069393,0.000544,0.0,218527.8091,626770.4624,"LRT41, LRT42",LRT,5,0.310071
511132,3,2,0.008796,0.058213,0.000602,0.0,190759.7702,692343.1419,"LRT141, LRT142","BRT, LRT",5,0.310014
512284,2,4,0.00077,0.046254,0.000767,0.0,157143.603,615823.4253,"Orange_N, Orange_S, RedN, RedS",LRT,5,0.309981
525247,2,2,0.009129,0.093867,0.000705,0.0,182768.4829,663638.1781,"Yelw-N, Yelw-S",BRT,4,0.309566
51175,2,2,0.000279,0.065552,0.000753,0.0,218978.1489,635536.7413,"LRT61, LRT62",LRT,5,0.309553
36022,3,3,5.8e-05,0.06981,0.00087,0.006901,201254.8703,744223.3737,"m0810a, m0910a, m0920a",BRT,4,0.309485
1026,5,4,0.000871,0.060657,0.000597,2.8e-05,196928.603,748262.2856,"R327-1, R327-2, R328-1, R328-2",BRT,4,0.309397
467211,4,4,0.000585,0.02137,0.000834,0.0,180565.6727,572305.7775,"4.2_LRT_BRS-Shoket, 4.2_LRT_Shoket-BRS, 4.3_Ofakim-TelSheva, 4.3_TelSheva-Ofakim",LRT,5,0.309309
51141,2,2,0.001416,0.083236,0.000474,0.0,218867.1808,628319.207,"LRT41, LRT42",LRT,5,0.309136
511107,2,2,0.000605,0.064675,0.000753,0.0,166972.0899,631583.43,"L2-N, L2-S",LRT,5,0.308723
515006,3,2,0.005072,0.08341,0.000753,0.0,185202.4174,650741.536,"BRT2-1, BRT2-2",BRT,4,0.308125
511103,2,2,0.0027,0.066569,0.000689,0.0,165561.131,631513.1464,"L2-N, L2-S",LRT,5,0.30804
511104,2,2,0.002175,0.066164,0.000702,0.0,165876.2707,631323.8916,"L2-N, L2-S",LRT,5,0.307996
515081,2,4,0.000901,0.079596,0.000745,0.0,190100.1045,650792.4588,"BRT1-1, BRT1-2, BRT2-1, BRT2-2",BRT,4,0.30799
50113,2,2,0.00055,0.077209,0.000562,0.0,220916.3301,627803.3756,"LRT31, LRT32",LRT,5,0.307986
511191,2,2,0.009622,0.06145,0.000669,0.0,189372.9735,687504.2185,"LRT151, LRT152",LRT,5,0.307939
51236,2,1,0.000279,0.094512,0.000445,0.0,219213.8536,632045.5911,LRT9,LRT,5,0.307876
36647,6,3,0.0,0.069889,0.000443,0.000394,200107.8199,746445.6889,"m0320a, m0520a, m0820a",BRT,4,0.307815
511106,2,2,0.001127,0.065131,0.000728,0.0,166719.1597,631227.1167,"L2-N, L2-S",LRT,5,0.307685
511105,2,2,0.001651,0.065577,0.000714,0.0,166341.5336,631044.4815,"L2-N, L2-S",LRT,5,0.30766
511056,2,2,0.003227,0.067039,0.000671,0.0,165201.3723,631729.1967,"L2-N, L2-S",LRT,5,0.307632
515038,2,4,0.000951,0.079747,0.000738,0.0,189673.983,650107.7694,"BRT1-1, BRT1-2, BRT2-1, BRT2-2",BRT,4,0.30762
51148,2,2,0.001304,0.077065,0.00055,0.0,218743.0468,627722.8447,"LRT41, LRT42",LRT,5,0.307575
525246,2,2,0.008901,0.092531,0.000705,0.0,183105.2001,664726.8626,"Yelw-N, Yelw-S",BRT,4,0.307352
512100,3,2,0.007547,0.051571,0.000688,0.0,161634.9641,618756.754,"RedN, RedS",LRT,5,0.307229
511167,2,2,0.0,0.078669,0.000538,0.0,189786.713,676843.0795,"LRT151, LRT152",LRT,5,0.306963
50114,2,2,0.000416,0.070863,0.000647,0.0,221509.0428,627653.7951,"LRT31, LRT32",LRT,5,0.306955
511102,2,2,0.003865,0.067889,0.00064,0.0,165518.0613,632224.0291,"L2-N, L2-S",LRT,5,0.306669
525042,2,2,0.012021,0.088853,0.000708,0.0,181850.29,646020.8888,"BluRT1, BluRT2",BRT,4,0.306489
11236,3,4,0.000378,0.053405,0.000971,0.0,206332.8752,739904.8174,"m0510a, m0520a, m0610a, m0620a",BRT,4,0.306286
525233,2,2,0.011844,0.088989,0.000705,0.0,183005.3959,667469.7826,"Yelw-N, Yelw-S",BRT,4,0.306237
525245,2,2,0.008749,0.091775,0.000705,0.0,183365.255,665706.1814,"Yelw-N, Yelw-S",BRT,4,0.306072
525241,2,2,0.003885,0.096261,0.000705,0.0,181056.2507,658922.5745,"Yelw-N, Yelw-S",BRT,4,0.305963
51108,2,2,0.000141,0.05956,0.000806,0.0,218525.5714,636178.8371,"LRT61, LRT62",LRT,5,0.305931
36445,7,1,0.002298,0.069363,0.00052,0.000302,199967.1982,746538.8798,m0810a,BRT,4,0.305899
36007,5,2,0.000353,0.070137,0.000661,0.007156,201948.236,744589.5694,"m0910a, m0920a",BRT,4,0.305605
500046,3,4,0.016504,0.036635,0.000986,0.0,178068.3307,613792.7108,"BRT_Blue_E, BRT_Blue_W, BRT_Pink_E, BRT_Pink_W",BRT,4,0.305338
50118,2,2,0.000141,0.060883,0.00078,0.0,222313.8164,628544.381,"LRT31, LRT32",LRT,5,0.305312
511229,2,2,0.002303,0.058035,0.000792,0.0,186334.5722,686971.8512,"LRT141, LRT142","BRT, LRT",5,0.305299
525017,3,2,0.007454,0.08005,0.00074,0.0,183059.3005,642616.6148,"BluRT1, BluRT2",BRT,4,0.305246
51039,3,2,0.000257,0.066796,0.000544,0.0,218646.2403,626692.0688,"LRT61, LRT62",LRT,5,0.305215
512160,2,1,0.001072,0.088098,0.000499,0.0,181161.4008,645718.398,Light-Blue_S,LRT,5,0.305063
36135,2,4,0.002857,0.067664,0.000861,1e-06,208902.573,750120.775,"m0110a, m0120a, m0410a, m0820a",BRT,4,0.304932
525019,2,2,0.007927,0.080938,0.000864,0.0,182983.418,643102.6386,"BluRT1, BluRT2",BRT,4,0.304928
512151,2,1,0.000766,0.087351,0.000511,0.0,181259.2131,645061.1818,Light-Blue_S,LRT,5,0.304783
511263,2,2,0.004121,0.061358,0.000712,0.0,198764.1901,682144.5975,"LRT141, LRT142","BRT, LRT",5,0.304718
36898,3,4,0.012666,0.040494,0.000976,0.0,225524.6513,752058.3538,"brt011, brt012, brt021, brt022",BRT,4,0.304687
525212,3,1,0.013131,0.07907,0.000314,0.0,182872.3466,641934.3409,East-N,LRT,5,0.304476
511133,3,2,0.002163,0.055725,0.00067,0.0,193381.5963,692027.6401,"LRT141, LRT142","BRT, LRT",5,0.304242
521048,3,2,0.002899,0.086559,0.000696,0.0,185136.5701,652079.1246,"Yelw-N, Yelw-S",BRT,4,0.30418
525242,2,2,0.003676,0.095183,0.000705,0.0,181678.0259,659536.742,"Yelw-N, Yelw-S",BRT,4,0.304153
511192,2,2,0.009305,0.061121,0.000639,0.0,188792.3022,687632.8786,"LRT151, LRT152",LRT,5,0.304143
511101,2,2,0.004617,0.068862,0.000587,0.0,165831.242,632713.3798,"L2-N, L2-S",LRT,5,0.303934
512094,3,2,0.011338,0.04908,0.000639,0.0,159443.3347,617816.8521,"Orange_N, Orange_S",LRT,5,0.303922
34059,2,2,0.002186,0.07432,0.00054,6e-06,208864.1757,746678.1106,"lrt07, lrt08",LRT,5,0.303851
512088,2,2,0.017583,0.050933,0.000668,0.0,159752.3135,620072.1563,"Orange_N, Orange_S",LRT,5,0.303461
525243,2,2,0.003636,0.094732,0.000705,0.0,182541.1077,661350.4126,"Yelw-N, Yelw-S",BRT,4,0.303456
511179,2,2,0.003813,0.063069,0.000678,0.0,192605.9958,685937.1267,"LRT151, LRT152",LRT,5,0.303449
511177,2,2,0.005078,0.065968,0.000618,0.0,190751.185,684980.5162,"LRT151, LRT152",LRT,5,0.303399
525514,3,2,0.005994,0.076208,0.000797,0.0,190956.4723,667121.7632,"BRT-1, BRT-2",BRT,4,0.303383
525038,2,2,0.011386,0.087061,0.00071,0.0,182145.557,645482.0427,"BluRT1, BluRT2",BRT,4,0.303337
51144,2,2,0.0012,0.072752,0.00057,0.0,218555.6663,627267.5597,"LRT41, LRT42",LRT,5,0.303255
511178,2,2,0.004394,0.063783,0.000656,0.0,192307.1711,685380.0182,"LRT151, LRT152",LRT,5,0.303096
467942,3,4,0.000635,0.019795,0.000939,0.0,180300.5215,576239.165,"4.4_Bee'rSheva-Rahat_Main, 4.4_Rahat-Bee'rSheva_Main, 4.5_Bee'rSheva-Rahat, 4.5_Rahat-Bee'rSheva",LRT,5,0.30306
36048,5,3,0.000877,0.057841,0.000706,0.000112,196621.7427,745390.3897,"m0620a, m0710a, m0720a",BRT,4,0.303043
511180,2,2,0.003275,0.062318,0.00069,0.0,192956.6815,686599.8954,"LRT151, LRT152",LRT,5,0.302787
34057,2,2,0.001899,0.065051,0.000668,1e-06,209830.7141,749951.0345,"lrt07, lrt08",LRT,5,0.302717
511228,2,2,0.003066,0.058592,0.000747,0.0,186691.275,686695.7129,"LRT141, LRT142","BRT, LRT",5,0.302702
521050,2,2,0.006682,0.091414,0.000703,0.0,183291.3598,653282.2842,"Yelw-N, Yelw-S",BRT,4,0.302614
36511,4,2,0.002887,0.072717,0.000736,2.2e-05,205862.6119,747718.0631,"m0310a, m0320a",BRT,4,0.302552
36119,2,4,0.004167,0.076321,0.000689,3e-06,207362.8189,746762.5935,"m0110a, m0120a, m0410a, m0820a",BRT,4,0.302225
511181,2,2,0.002747,0.061934,0.000697,0.0,192619.5877,686807.615,"LRT151, LRT152",LRT,5,0.302222
511174,2,2,0.000681,0.073286,0.000559,0.0,189192.8671,680398.1843,"LRT151, LRT152",LRT,5,0.302188
511148,2,2,0.003516,0.060297,0.000709,0.0,199185.3725,683046.332,"LRT141, LRT142","BRT, LRT",5,0.302077
511163,3,2,0.009784,0.058609,0.0005,0.0,191277.4018,692281.1019,"LRT-L1, LRT141","BRT, LRT",5,0.301979
36711,3,3,0.000593,0.06265,0.000921,0.0,202933.0111,742694.8566,"m0810a, m0910a, m0920a",BRT,4,0.301899
36217,4,2,0.001133,0.074722,0.000723,1e-06,210920.4944,747090.2151,"m0210a, m0220a",BRT,4,0.30179
511182,2,2,0.002228,0.061545,0.0007,0.0,192266.4275,687025.7429,"LRT151, LRT152",LRT,5,0.301294
51055,2,2,0.000898,0.078392,0.000471,0.0,217646.8639,628517.6118,"LRT81, LRT82",LRT,5,0.301173
515027,2,2,0.0,0.095788,0.000715,0.0,182416.6575,652252.8062,"BRT1-1, BRT1-2",BRT,4,0.30102
36661,4,3,0.0,0.060404,0.000804,0.00062,196492.791,744045.7123,"m0110a, m0120a, m0410a",BRT,4,0.301018
525034,2,2,0.010762,0.085789,0.000713,0.0,182294.1322,645044.247,"BluRT1, BluRT2",BRT,4,0.300977
36121,2,4,0.003872,0.074596,0.000701,0.0,207671.265,747042.802,"m0110a, m0120a, m0410a, m0820a",BRT,4,0.300588
515007,2,2,0.005623,0.084966,0.000791,0.0,185154.9356,651412.2333,"BRT2-1, BRT2-2",BRT,4,0.300515
511227,2,2,0.003828,0.058752,0.000711,0.0,186806.2811,686639.5071,"LRT141, LRT142","BRT, LRT",5,0.30049
511183,2,2,0.001726,0.061218,0.000703,0.0,191906.5568,687018.9999,"LRT151, LRT152",LRT,5,0.300375
500047,3,4,0.017194,0.036889,0.000922,0.0,178028.6182,614225.9304,"BRT_Blue_E, BRT_Blue_W, BRT_Pink_E, BRT_Pink_W",BRT,4,0.30034
34068,2,2,0.000754,0.052558,0.00084,0.0,216934.9091,753625.3342,"lrt05, lrt06",LRT,5,0.300062
515005,3,2,0.001693,0.082517,0.000728,0.0,185203.5523,650370.7196,"BRT2-1, BRT2-2",BRT,4,0.299932
511186,2,2,0.001015,0.061494,0.000703,0.0,191340.3926,687821.6243,"LRT151, LRT152",LRT,5,0.299847
525020,2,2,0.008422,0.081729,0.000792,0.0,182841.864,643480.8189,"BluRT1, BluRT2",BRT,4,0.299727
512167,2,2,0.016955,0.050474,0.000644,0.0,159728.7529,619476.7182,"Orange_N, Orange_S",LRT,5,0.299642
511001,2,1,0.017115,0.082019,0.000313,0.0,189471.314,666887.999,Red-S,LRT,5,0.299635
51042,2,2,0.000758,0.073435,0.000529,0.0,217283.0994,629438.3395,"LRT81, LRT82",LRT,5,0.299599
525032,2,2,0.010146,0.084864,0.000721,0.0,182369.9365,644705.2679,"BluRT1, BluRT2",BRT,4,0.299587
36197,5,3,0.001091,0.06512,0.000561,0.00014,198417.3315,748367.9931,"m0620a, m0710a, m0720a",BRT,4,0.299578
511184,2,2,0.001266,0.06093,0.000703,0.0,191893.3948,687352.6924,"LRT151, LRT152",LRT,5,0.29941
500063,3,4,0.020077,0.039718,0.00083,0.0,174601.4327,617161.2023,"BRT_Blue_E, BRT_Blue_W, BRT_Pink_E, BRT_Pink_W",BRT,4,0.299297
511226,2,2,0.004587,0.059165,0.000682,0.0,186988.8496,686913.2204,"LRT141, LRT142","BRT, LRT",5,0.299227
511175,2,2,8.6e-05,0.070508,0.000577,0.0,189342.8338,682294.7463,"LRT151, LRT152",LRT,5,0.29916
51043,2,2,0.000794,0.072942,0.000531,0.0,217055.6073,628798.6439,"LRT81, LRT82",LRT,5,0.299125
34067,2,2,0.001127,0.057474,0.000753,0.0,216174.7101,751549.2328,"lrt05, lrt06",LRT,5,0.29911
50117,2,2,0.000279,0.06089,0.000714,0.0,222313.8164,628544.381,"LRT31, LRT32",LRT,5,0.299107
521052,2,2,0.006389,0.08929,0.000703,0.0,184298.2763,653110.2764,"Yelw-N, Yelw-S",BRT,4,0.299099
511197,2,2,0.004884,0.059833,0.000666,0.0,188362.1584,689188.0205,"LRT131, LRT132",LRT,5,0.299056
500042,3,4,0.009866,0.035829,0.001023,0.0,178796.6593,612636.6223,"BRT_Blue_E, BRT_Blue_W, BRT_Pink_E, BRT_Pink_W",BRT,4,0.298889
511217,2,2,0.008281,0.059025,0.000628,0.0,186389.9757,689071.3197,"LRT121, LRT122",LRT,5,0.298705
511185,2,2,0.000845,0.060741,0.000704,0.0,191945.3667,687599.2907,"LRT151, LRT152",LRT,5,0.298618
511193,2,2,0.009124,0.060948,0.000586,0.0,188217.4341,687606.315,"LRT151, LRT152",LRT,5,0.298531
525030,2,2,0.009542,0.083945,0.000732,0.0,182456.7945,644357.21,"BluRT1, BluRT2",BRT,4,0.298518
500070,2,4,0.022928,0.044704,0.000857,0.0,168132.0977,618132.1295,"BRT_Blue_E, BRT_Blue_W, BRT_Pink_E, BRT_Pink_W",BRT,4,0.298497
512150,2,1,0.000462,0.086823,0.000459,0.0,180843.8139,644820.4453,Light-Blue_S,LRT,5,0.298478
525025,2,2,0.008959,0.082776,0.000755,0.0,182600.3096,643899.166,"BluRT1, BluRT2",BRT,4,0.298329
511198,2,2,0.004193,0.058823,0.00068,0.0,188414.4585,690056.4453,"LRT131, LRT132",LRT,5,0.298024
511219,2,2,0.008987,0.059943,0.000596,0.0,186635.6362,688327.7392,"LRT121, LRT122",LRT,5,0.297821
500031,3,4,0.006861,0.035458,0.001058,0.0,179296.6453,612239.281,"BRT_Blue_E, BRT_Blue_W, BRT_Pink_E, BRT_Pink_W",BRT,4,0.297779
511196,2,2,0.005584,0.060215,0.000637,0.0,188396.6853,688870.7555,"LRT131, LRT132",LRT,5,0.29774
511215,2,2,0.007596,0.058522,0.000634,0.0,186466.547,689513.6037,"LRT121, LRT122",LRT,5,0.297691
521039,3,1,0.009149,0.078097,0.000313,0.0,190180.424,676055.7346,East-S,LRT,5,0.297666
511146,2,2,0.002921,0.057854,0.000707,0.0,200125.8678,685326.0721,"LRT141, LRT142","BRT, LRT",5,0.297598
525295,3,2,0.008351,0.076054,0.000708,0.0,191251.8767,677103.3084,"Hz-KS1, Hz-KS2",BRT,4,0.297578
36123,2,4,0.003582,0.071869,0.000713,0.0,207862.854,747725.587,"m0110a, m0120a, m0410a, m0820a",BRT,4,0.297486
525481,3,1,0.019101,0.075134,0.000705,0.0,168947.5194,637258.8102,RH-GY1,BRT,4,0.297445
521053,3,2,0.005103,0.08118,0.000675,0.0,185216.1383,649417.6416,"Yelw-N, Yelw-S",BRT,4,0.297353
515087,2,1,0.0,0.086232,0.00046,0.0,186001.8729,658876.6669,East-S,LRT,5,0.297193
511199,2,2,0.003512,0.058367,0.000686,0.0,188471.8019,690462.516,"LRT131, LRT132",LRT,5,0.297028
34066,2,2,0.001499,0.060096,0.000687,0.0,215915.4966,750545.0237,"lrt05, lrt06",LRT,5,0.296909
511225,2,2,0.005345,0.059593,0.00064,0.0,187095.5668,687232.6946,"LRT141, LRT142","BRT, LRT",5,0.296822
36130,2,4,0.003162,0.068979,0.000751,0.0,208313.98,749012.33,"m0110a, m0120a, m0410a, m0820a",BRT,4,0.296506
515068,2,2,0.004485,0.089071,0.000705,0.0,183853.2966,652883.3801,"BRT1-1, BRT1-2",BRT,4,0.296448
51040,2,2,0.000789,0.075241,0.000466,0.0,216670.6902,629854.4926,"LRT81, LRT82",LRT,5,0.296046
525513,3,2,0.005272,0.073835,0.000763,0.0,191930.9602,667246.2421,"BRT-1, BRT-2",BRT,4,0.295692
36125,2,4,0.003304,0.069871,0.000728,0.0,207940.185,748292.695,"m0110a, m0120a, m0410a, m0820a",BRT,4,0.29567
525299,3,2,0.007608,0.075384,0.000705,0.0,189244.3117,678220.5894,"Hz-KS1, Hz-KS2",BRT,4,0.295416
511171,2,2,0.010306,0.060482,0.000544,0.0,190960.7134,690237.0157,"LRT-L1, LRT-L2",LRT,5,0.295356
34034,5,3,0.013256,0.034134,0.000316,1e-06,228488.5154,733349.9856,"lrt01, lrt03, lrt05",LRT,5,0.2952
511200,2,2,0.002831,0.057869,0.000683,0.0,188617.5903,690893.3899,"LRT131, LRT132",LRT,5,0.295165
511054,2,1,0.0,0.081958,0.000502,0.0,174625.3417,644157.0414,L2-S,LRT,5,0.295123
467180,3,4,0.000284,0.013267,0.000958,0.0,188658.801,578137.8485,"4.1_Arad-BS, 4.1_BS-Arad, 4.2_LRT_BRS-Shoket, 4.2_LRT_Shoket-BRS",LRT,5,0.295095
511144,2,2,0.002331,0.05674,0.000706,0.0,200490.6641,686478.9498,"LRT141, LRT142","BRT, LRT",5,0.295074
36860,4,2,0.000219,0.068335,0.000755,0.0,214575.1823,747633.2359,"brt011, brt012",BRT,4,0.294582
1002,4,2,0.0066,0.075621,0.00056,1e-06,210911.0354,747143.8408,"R1002-1, R1002-2",BRT,4,0.294495
515073,3,2,0.001618,0.080611,0.000701,0.0,185261.883,649275.7955,"BRT2-1, BRT2-2",BRT,4,0.294492
511195,2,2,0.006298,0.060739,0.000586,0.0,188435.17,688446.765,"LRT131, LRT132",LRT,5,0.294402
511232,2,2,0.00077,0.05627,0.000727,0.0,185142.638,686683.7903,"LRT141, LRT142","BRT, LRT",5,0.2944
511213,2,2,0.006915,0.058043,0.000614,0.0,186549.6856,689939.7037,"LRT121, LRT122",LRT,5,0.29412
525516,3,2,3e-05,0.079025,0.000742,0.0,189917.9864,666825.7971,"BRT-1, BRT-2",BRT,4,0.294032
51147,2,2,0.000272,0.067183,0.00057,0.0,219070.851,626637.4291,"LRT61, LRT62",LRT,5,0.293976
36522,4,2,0.002042,0.069405,0.000708,1e-06,206873.062,749702.73,"m0310a, m0320a",BRT,4,0.293975
36631,5,2,0.003604,0.060474,0.000649,0.004777,196452.8459,744345.3163,"m0110a, m0410a",BRT,4,0.293892
14579,6,2,0.001307,0.06915,0.000424,0.000296,199952.4914,746531.5466,"m0310a, m0510a",BRT,4,0.293639
525322,2,2,0.001537,0.079008,0.000864,0.0,181576.5133,674642.1474,"Hz-KS1, Hz-KS2",BRT,4,0.293627
512148,2,2,0.007639,0.05246,0.00068,0.0,162051.0517,619787.9216,"RedN, RedS",LRT,5,0.293535
525478,4,1,0.007829,0.072807,0.000707,0.0,168050.08,636462.5673,RH-GY1,BRT,4,0.293522
512175,2,2,0.008267,0.052789,0.000663,0.0,162039.2829,620185.2955,"RedN, RedS",LRT,5,0.29319
36213,4,2,0.000202,0.075495,0.000633,2e-06,210465.286,746845.216,"m0210a, m0220a",BRT,4,0.29294
512157,2,2,0.007017,0.052073,0.000687,0.0,161929.7086,619326.703,"RedN, RedS",LRT,5,0.29286
511201,2,2,0.002152,0.057466,0.000674,0.0,188803.2816,691218.5788,"LRT131, LRT132",LRT,5,0.292794
511143,2,2,0.001743,0.055743,0.000704,0.0,199464.4605,686942.9804,"LRT141, LRT142","BRT, LRT",5,0.292738
51145,2,2,0.00029,0.067572,0.000549,0.0,219404.634,626584.0769,"LRT61, LRT62",LRT,5,0.292574
511224,2,2,0.0061,0.05996,0.000579,0.0,187174.1808,687507.0234,"LRT141, LRT142","BRT, LRT",5,0.292363
525320,2,2,0.008451,0.079038,0.000755,0.0,182329.1095,674300.7938,"Hz-KS1, Hz-KS2",BRT,4,0.292309
467250,3,4,0.000384,0.015741,0.00089,0.0,185907.232,576459.2698,"4.1_Arad-BS, 4.1_BS-Arad, 4.2_LRT_BRS-Shoket, 4.2_LRT_Shoket-BRS",LRT,5,0.292109
515067,2,2,0.003818,0.08646,0.000703,0.0,184596.5992,653295.265,"BRT1-1, BRT1-2",BRT,4,0.291706
515019,3,2,0.001557,0.078777,0.000699,0.0,190061.7636,652533.2935,"BRT1-1, BRT1-2",BRT,4,0.291603
467822,3,4,0.000506,0.020486,0.000812,0.0,179045.5717,572843.1643,"4.1_Arad-BS, 4.1_BS-Arad, 4.3_Ofakim-TelSheva, 4.3_TelSheva-Ofakim",LRT,5,0.291472
512278,2,2,0.008895,0.053052,0.000632,0.0,162272.3653,620395.6758,"RedN, RedS",LRT,5,0.291378
523012,2,1,0.0,0.083563,0.000439,0.0,186924.3086,664442.0477,East-S,LRT,5,0.291342
525561,3,2,0.00362,0.076183,0.000706,0.0,189763.2835,677617.2489,"Hz-KS1, Hz-KS2",BRT,4,0.291259
525480,3,1,0.015136,0.074403,0.000706,0.0,168883.1949,636764.1594,RH-GY1,BRT,4,0.291148
51231,2,1,0.000141,0.08285,0.000441,0.0,221503.9078,631540.0449,LRT9,LRT,5,0.290695
525512,3,2,0.004563,0.071993,0.000747,0.0,192632.9785,667636.4792,"BRT-1, BRT-2",BRT,4,0.290603
521041,3,2,0.005733,0.080592,0.000605,0.0,187364.5792,648671.5042,"Yelw-N, Yelw-S",BRT,4,0.290574
512133,2,2,0.012007,0.049548,0.000631,0.0,159550.2161,618359.8874,"Orange_N, Orange_S",LRT,5,0.290459
511142,2,2,0.001171,0.054754,0.000702,0.0,198546.5354,687665.5096,"LRT141, LRT142","BRT, LRT",5,0.290374
511206,3,2,0.00098,0.056852,0.000527,0.0,186729.7655,691051.3328,"LRT151, LRT152",LRT,5,0.290246
512242,2,1,5e-06,0.081922,0.000452,0.0,174982.8007,644080.8258,Light-Blue_S,LRT,5,0.290218
500066,2,4,0.022218,0.043242,0.000802,0.0,169780.3318,617427.1884,"BRT_Blue_E, BRT_Blue_W, BRT_Pink_E, BRT_Pink_W",BRT,4,0.290126
511202,2,2,0.001876,0.057163,0.000653,0.0,189133.6406,691615.785,"LRT131, LRT132",LRT,5,0.289898
525235,2,2,0.00365,0.084609,0.000706,0.0,182933.5777,669013.7681,"Yelw-N, Yelw-S",BRT,4,0.289053
511135,2,2,0.001414,0.054635,0.000686,0.0,194378.8125,691901.887,"LRT141, LRT142","BRT, LRT",5,0.288937
525508,3,2,0.001617,0.065126,0.000866,0.0,195741.4363,668384.8437,"BRT-1, BRT-2",BRT,4,0.288438
512269,3,1,0.007539,0.072876,0.000316,0.0,168625.0708,636722.5884,RedS,LRT,5,0.288339
525319,2,2,0.007902,0.07833,0.000732,0.0,182718.1555,674265.5121,"Hz-KS1, Hz-KS2",BRT,4,0.288303
515066,2,2,0.003171,0.084705,0.000702,0.0,185152.0025,653575.296,"BRT1-1, BRT1-2",BRT,4,0.288178
36028,2,3,0.003343,0.066242,0.000825,0.000249,201557.4706,743908.3938,"m0810a, m0910a, m0920a",BRT,4,0.287136
511212,2,2,0.006238,0.057151,0.000563,0.0,186599.0956,690774.5926,"LRT121, LRT122",LRT,5,0.286944
1029,5,4,0.000107,0.057054,0.00043,5.2e-05,196512.356,745416.5693,"R327-1, R327-2, R328-1, R328-2",BRT,4,0.286868
36024,2,3,0.000378,0.070283,0.0008,0.000836,201151.3547,744288.7095,"m0810a, m0910a, m0920a",BRT,4,0.286734
36011,4,2,2.4e-05,0.069924,0.000642,0.002124,201920.3555,744543.3942,"m0910a, m0920a",BRT,4,0.286562
511203,2,2,0.002034,0.057301,0.000614,0.0,189224.912,692159.7748,"LRT131, LRT132",LRT,5,0.286503
511139,2,2,0.000665,0.052349,0.0007,0.0,198889.1491,691047.899,"LRT141, LRT142","BRT, LRT",5,0.285996
500097,3,2,0.02579,0.052384,0.000694,0.0,161818.9058,620937.6745,"BRT_Blue_E, BRT_Blue_W",BRT,4,0.285761
525493,2,1,0.012436,0.078673,0.000769,0.0,182602.7611,641671.7262,RH-GY1,BRT,4,0.28546
36017,2,3,0.001041,0.072448,0.000736,0.002828,201028.7841,744781.9899,"m0810a, m0910a, m0920a",BRT,4,0.285423
511138,2,2,0.000739,0.052132,0.000695,0.0,196817.4566,691230.7654,"LRT141, LRT142","BRT, LRT",5,0.285289
500065,2,4,0.021506,0.041762,0.000783,0.0,171710.944,617297.8376,"BRT_Blue_E, BRT_Blue_W, BRT_Pink_E, BRT_Pink_W",BRT,4,0.285244
512087,2,2,0.002615,0.051128,0.000683,0.0,161138.8194,618882.0324,"RedN, RedS",LRT,5,0.285236
525236,2,2,0.002992,0.082419,0.000706,0.0,183252.5162,669778.6284,"Yelw-N, Yelw-S",BRT,4,0.285061
511128,2,2,0.00553,0.056187,0.000565,0.0,187807.6012,692460.7231,"LRT131, LRT132",LRT,5,0.284894
515065,2,2,0.002546,0.083028,0.000699,0.0,185463.4019,653007.2402,"BRT1-1, BRT1-2",BRT,4,0.284627
44072,2,2,0.017275,0.067712,0.000721,0.0,214888.1624,747684.3833,"brt011, brt012",BRT,4,0.284604
36441,6,1,0.002264,0.069899,0.000439,0.000394,200109.5839,746445.1082,m0810a,BRT,4,0.284535
525509,3,2,0.002357,0.066415,0.000797,0.0,195086.421,668555.4286,"BRT-1, BRT-2",BRT,4,0.284528
525511,3,2,0.003839,0.068395,0.000747,0.0,194222.6856,668191.2337,"BRT-1, BRT-2",BRT,4,0.284493
36018,2,3,0.000696,0.071504,0.000756,0.000419,200992.7498,744555.5595,"m0810a, m0910a, m0920a",BRT,4,0.284488
500064,2,4,0.020793,0.041273,0.000791,0.0,172373.4585,617207.7558,"BRT_Blue_E, BRT_Blue_W, BRT_Pink_E, BRT_Pink_W",BRT,4,0.284351
36858,3,2,0.000183,0.068558,0.000792,0.0,214374.0745,747550.3234,"brt011, brt012",BRT,4,0.28418
525317,2,2,0.007818,0.076601,0.000713,0.0,183533.922,674583.6066,"Hz-KS1, Hz-KS2",BRT,4,0.28391
1030,4,4,0.003178,0.061181,0.000283,0.035267,196353.6089,744376.4439,"R322-1, R322-2, R324-1, R324-2",BRT,4,0.283755
34069,2,2,0.000378,0.04907,0.000726,0.0,217331.2456,755410.1882,"lrt05, lrt06",LRT,5,0.283538
525510,3,2,0.003095,0.067272,0.000763,0.0,194649.2024,668551.7158,"BRT-1, BRT-2",BRT,4,0.283403
32004,5,2,0.003666,0.064815,0.000977,3e-06,202899.5876,742138.4094,"c001, c002",Cable Line,3,0.282513
512164,2,2,0.007549,0.048682,0.000623,0.0,158979.4417,617899.5243,"Orange_N, Orange_S",LRT,5,0.282485
512155,2,2,0.001931,0.050727,0.000669,0.0,160668.7175,618962.4002,"RedN, RedS",LRT,5,0.282426
514033,2,2,0.002374,0.08105,0.000706,0.0,183649.094,670171.92,"Yelw-N, Yelw-S",BRT,4,0.282344
36051,2,3,0.002157,0.062658,0.000845,0.0,201745.9493,743221.3116,"m0810a, m0910a, m0920a",BRT,4,0.282311
36030,2,3,0.003007,0.065544,0.000788,2.9e-05,201751.6652,743899.0864,"m0810a, m0910a, m0920a",BRT,4,0.281954
515004,2,2,0.001203,0.081279,0.000714,0.0,185190.0439,649738.1857,"BRT2-1, BRT2-2",BRT,4,0.281854
49021,2,2,0.000125,0.071871,0.000864,0.0,213192.8442,747760.1828,"brt011, brt012",BRT,4,0.28154
44070,2,2,0.017001,0.066327,0.000713,0.0,215345.035,747697.1552,"brt011, brt012",BRT,4,0.281503
525316,2,2,0.007184,0.075704,0.00071,0.0,183943.9377,674576.7202,"Hz-KS1, Hz-KS2",BRT,4,0.28149
36385,3,2,0.000754,0.056936,0.000925,2e-06,197572.6826,743448.7381,"m0710a, m0720a",BRT,4,0.281341
512214,2,2,0.003007,0.049175,0.000661,0.0,158636.3992,619252.4272,"RedN, RedS",LRT,5,0.280825
521079,3,2,0.001967,0.079051,0.000579,0.0,190013.5272,652532.3715,"Yelw-N, Yelw-S",BRT,4,0.280817
467199,3,4,0.000407,0.021564,0.000686,0.0,181151.6352,574446.0112,"4.1_Arad-BS, 4.1_BS-Arad, 4.2_LRT_BRS-Shoket, 4.2_LRT_Shoket-BRS",LRT,5,0.280584
512213,2,2,0.003749,0.049639,0.000641,0.0,159167.5473,619156.6225,"RedN, RedS",LRT,5,0.280494
36517,3,2,0.002087,0.06963,0.000711,3e-06,206505.402,748894.563,"m0310a, m0320a",BRT,4,0.280402
525492,2,1,0.012036,0.077512,0.000739,0.0,182016.6989,641126.9538,RH-GY1,BRT,4,0.280393
512279,2,2,0.002267,0.048955,0.000667,0.0,158624.96,618993.347,"RedN, RedS",LRT,5,0.280073
515064,2,2,0.001995,0.080667,0.000693,0.0,186097.3886,652113.6554,"BRT1-1, BRT1-2",BRT,4,0.28002
36519,3,2,0.002062,0.069548,0.000708,3e-06,206619.8766,749182.8615,"m0310a, m0320a",BRT,4,0.279971
515041,3,2,0.001366,0.078951,0.00058,0.0,187521.8818,648649.8381,"BRT2-1, BRT2-2",BRT,4,0.279958
36903,3,4,0.005107,0.03825,0.000858,0.0,227195.046,752319.2534,"brt011, brt012, brt021, brt022",BRT,4,0.279911
36709,4,2,0.001782,0.063582,0.000652,1e-06,202738.2963,742315.9752,"m0910a, m0920a",BRT,4,0.279894
514034,2,2,0.001764,0.079621,0.000707,0.0,184048.768,670629.882,"Yelw-N, Yelw-S",BRT,4,0.27956
36526,3,2,0.00202,0.069333,0.000707,0.0,207025.146,749948.381,"m0310a, m0320a",BRT,4,0.279478
525300,2,2,0.006834,0.074746,0.000705,0.0,188957.3341,678202.4143,"Hz-KS1, Hz-KS2",BRT,4,0.279176
36050,2,3,0.00233,0.063657,0.000796,0.0,202038.7092,743440.2026,"m0810a, m0910a, m0920a",BRT,4,0.279142
30003,3,4,0.005457,0.038354,0.000844,0.0,227114.5867,752337.0128,"brt011, brt012, brt021, brt022",BRT,4,0.279117
36031,2,3,0.002669,0.064411,0.000779,3e-06,201943.2728,743639.2665,"m0810a, m0910a, m0920a",BRT,4,0.278996
512178,2,2,0.000768,0.054105,0.0006,0.0,161916.4105,621616.4808,"RedN, RedS",LRT,5,0.278921
44071,2,2,0.016725,0.064975,0.00071,0.0,215792.0195,747812.9796,"brt011, brt012",BRT,4,0.27891
467825,2,4,0.000384,0.018397,0.000862,0.0,177596.0416,573578.1885,"4.1_Arad-BS, 4.1_BS-Arad, 4.3_Ofakim-TelSheva, 4.3_TelSheva-Ofakim",LRT,5,0.278908
515117,2,2,0.001537,0.071369,0.000823,0.0,191391.9491,655205.8018,"BRT2-1, BRT2-2",BRT,4,0.278779
525323,2,2,0.00077,0.077649,0.00074,0.0,181119.7194,674478.43,"Hz-KS1, Hz-KS2",BRT,4,0.278595
525479,3,1,0.006557,0.073615,0.000706,0.0,168628.4324,636447.3708,RH-GY1,BRT,4,0.278563
512156,2,2,0.001253,0.05029,0.000644,0.0,160137.6006,618967.1186,"RedN, RedS",LRT,5,0.27844
525315,2,2,0.006556,0.074322,0.000708,0.0,184588.6286,674449.339,"Hz-KS1, Hz-KS2",BRT,4,0.278417
500222,2,4,0.007605,0.035662,0.000993,0.0,178977.3649,612406.3237,"BRT_Blue_E, BRT_Blue_W, BRT_Pink_E, BRT_Pink_W",BRT,4,0.278378
512276,2,2,0.00019,0.05381,0.000605,0.0,162261.2289,621483.9477,"RedN, RedS",LRT,5,0.278226
36431,3,2,0.002003,0.070891,0.000665,0.001228,200299.332,746181.779,"m0310a, m0510a",BRT,4,0.278116
34051,4,1,0.000636,0.062939,0.000304,1e-06,208844.7053,751690.6898,lrt07,LRT,5,0.278052
467829,2,4,0.00067,0.020468,0.000819,0.0,180658.2315,575703.8483,"4.4_Bee'rSheva-Rahat_Main, 4.4_Rahat-Bee'rSheva_Main, 4.5_Bee'rSheva-Rahat, 4.5_Rahat-Bee'rSheva",LRT,5,0.278047
36221,2,2,0.000754,0.071798,0.00082,0.0,211056.702,746513.643,"m0210a, m0220a",BRT,4,0.278031
512280,2,2,0.001531,0.048538,0.000658,0.0,158429.0226,618535.0417,"RedN, RedS",LRT,5,0.277667
525294,2,2,0.0061,0.074007,0.00071,0.0,192039.7871,676908.8245,"Hz-KS1, Hz-KS2",BRT,4,0.277617
515116,2,2,0.002303,0.076488,0.000725,0.0,190964.787,653191.2072,"BRT2-1, BRT2-2",BRT,4,0.277565
36906,3,4,0.004402,0.037741,0.000851,0.0,227568.3097,752161.7311,"brt011, brt012, brt021, brt022",BRT,4,0.277557
36529,3,2,0.001845,0.06796,0.000708,0.0,207314.148,750285.554,"m0310a, m0320a",BRT,4,0.27734
34089,3,2,0.000768,0.061015,0.000314,0.004654,196366.9223,744361.7665,"lrt04, lrt08",LRT,5,0.277251
521046,2,2,0.004024,0.079917,0.000648,0.0,186423.3431,649174.5272,"Yelw-N, Yelw-S",BRT,4,0.277235
525301,2,2,0.006179,0.07392,0.000705,0.0,188576.7836,678178.4215,"Hz-KS1, Hz-KS2",BRT,4,0.277119
514035,2,2,0.001175,0.078115,0.000709,0.0,184398.6778,671225.8407,"Yelw-N, Yelw-S",BRT,4,0.2768
36143,5,2,0.001134,0.063044,0.000491,1e-06,208826.1171,751690.261,"m0120a, m0320a",BRT,4,0.276752
511205,2,2,0.001182,0.05699,0.000529,0.0,187251.8166,691028.8624,"LRT151, LRT152",LRT,5,0.276694
512163,2,2,0.006808,0.048265,0.000579,0.0,158539.3434,617652.5872,"Orange_N, Orange_S",LRT,5,0.27658
36710,2,3,0.000532,0.062486,0.000808,0.0,202702.701,742868.3117,"m0810a, m0910a, m0920a",BRT,4,0.276267
512179,2,2,0.001345,0.05445,0.000559,0.0,162044.6429,622022.8943,"RedN, RedS",LRT,5,0.276174
525314,2,2,0.005938,0.07338,0.000707,0.0,184890.5497,674807.403,"Hz-KS1, Hz-KS2",BRT,4,0.27617
467824,2,4,0.000431,0.01943,0.000818,0.0,178372.6147,573274.8688,"4.1_Arad-BS, 4.1_BS-Arad, 4.3_Ofakim-TelSheva, 4.3_TelSheva-Ofakim",LRT,5,0.276141
521069,2,2,0.001221,0.076314,0.000727,0.0,188651.5618,672483.8594,"Yelw-N, Yelw-S",BRT,4,0.276025
511259,2,2,0.001519,0.056956,0.000516,0.0,188424.7541,691938.3205,"LRT141, LRT142","BRT, LRT",5,0.275814
15901,5,1,0.000606,0.061169,0.000648,2.3e-05,196994.6141,748365.9708,m0610a,BRT,4,0.275713
511260,2,2,0.002035,0.057129,0.000505,0.0,188396.0758,691667.1121,"LRT141, LRT142","BRT, LRT",5,0.275653
36706,5,1,5.4e-05,0.071174,0.00037,0.029793,201547.3389,744803.0435,m0810a,BRT,4,0.275283
15663,5,1,0.000331,0.059883,0.000666,2.3e-05,196633.6915,748020.0438,m0610a,BRT,4,0.275283
525288,2,2,0.001537,0.066136,0.000864,0.0,195188.3127,676319.9603,"Hz-KS1, Hz-KS2",BRT,4,0.275233
515063,2,2,0.00152,0.078396,0.000683,0.0,186706.8634,651006.1884,"BRT1-1, BRT1-2",BRT,4,0.27516
36639,4,3,9e-05,0.066085,0.000456,6.7e-05,198994.9407,748495.4195,"m0210a, m0220a, m0910a",BRT,4,0.275088
511243,2,2,0.000149,0.060248,0.000479,0.0,187514.1561,688665.0856,"LRT141, LRT142","BRT, LRT",5,0.275082
525302,2,2,0.005539,0.07293,0.000705,0.0,188357.1292,677752.1866,"Hz-KS1, Hz-KS2",BRT,4,0.274847
515046,2,2,0.000806,0.078478,0.000688,0.0,185809.0651,648399.0298,"BRT2-1, BRT2-2",BRT,4,0.274801
36870,2,2,0.016447,0.062425,0.000707,0.0,216656.6017,748122.9852,"brt011, brt012",BRT,4,0.274634
36012,5,1,0.004297,0.070125,0.000422,0.007156,201901.9118,744550.6926,m0810a,BRT,4,0.274601
525297,2,2,0.002357,0.075508,0.000706,0.0,190082.2638,677602.8011,"Hz-KS1, Hz-KS2",BRT,4,0.274339
525293,2,2,0.005345,0.07214,0.000713,0.0,192789.0367,676699.1145,"Hz-KS1, Hz-KS2",BRT,4,0.27423
36909,3,4,0.003688,0.036969,0.000838,0.0,228162.9263,751983.468,"brt011, brt012, brt021, brt022",BRT,4,0.274187
467249,2,4,0.000475,0.01933,0.000798,0.0,183414.3666,574017.4547,"4.1_Arad-BS, 4.1_BS-Arad, 4.2_LRT_BRS-Shoket, 4.2_LRT_Shoket-BRS",LRT,5,0.274088
36640,3,2,0.002272,0.072112,0.000567,0.00893,200559.3066,745937.9569,"m0310a, m0510a",BRT,4,0.274076
525491,2,1,0.011639,0.074334,0.000725,0.0,180451.5398,639400.0042,RH-GY1,BRT,4,0.27398
51120,1,4,0.0,0.052921,0.000457,0.0,217243.0284,627421.8661,"LRT41, LRT42, LRT61, LRT62",LRT,5,0.273952
513032,1,1,0.0,0.092572,0.000275,0.0,185960.297,664279.921,Mgt1-W,LRT,5,0.273918
525313,2,2,0.005345,0.072348,0.000706,0.0,185405.0882,674996.0861,"Hz-KS1, Hz-KS2",BRT,4,0.273817
36907,3,4,0.004046,0.037294,0.000824,0.0,227896.4717,752007.3849,"brt011, brt012, brt021, brt022",BRT,4,0.273775
525296,2,2,0.002298,0.075075,0.000707,0.0,190711.5172,677358.6837,"Hz-KS1, Hz-KS2",BRT,4,0.273727
15660,5,1,0.000194,0.058459,0.000671,1.9e-05,196300.5038,747535.409,m0610a,BRT,4,0.273515
512281,2,2,0.0008,0.048005,0.000633,0.0,157897.1154,618146.9126,"RedN, RedS",LRT,5,0.273479
515115,2,2,0.003066,0.078601,0.000641,0.0,191098.0494,652428.6302,"BRT2-1, BRT2-2",BRT,4,0.27337
51272,2,1,0.0,0.080728,0.000295,0.0,222310.632,632308.854,LRT10,LRT,5,0.273193
525507,3,2,0.00077,0.063709,0.000742,0.0,196473.4578,668148.4975,"BRT-1, BRT-2",BRT,4,0.273134
521035,5,1,0.000349,0.081421,0.000328,0.0,189377.3772,649585.2272,Yelw-S,BRT,4,0.27311
467192,2,4,0.000431,0.016994,0.000822,0.0,185010.679,575447.1948,"4.1_Arad-BS, 4.1_BS-Arad, 4.2_LRT_BRS-Shoket, 4.2_LRT_Shoket-BRS",LRT,5,0.273098
51212,2,1,0.000942,0.057404,0.000621,0.0,221677.974,637831.0482,LRT10,LRT,5,0.27289
525303,2,2,0.004973,0.071904,0.000705,0.0,187775.3696,677730.1267,"Hz-KS1, Hz-KS2",BRT,4,0.272624
525298,2,2,0.001094,0.075506,0.000705,0.0,189355.7964,677635.7056,"Hz-KS1, Hz-KS2",BRT,4,0.272603
525485,3,1,0.010329,0.065914,0.000706,0.0,174785.058,636621.8764,RH-GY1,BRT,4,0.272599
36630,3,2,0.00153,0.0753,0.000555,3.2e-05,206139.456,746716.5333,"m0310a, m0320a",BRT,4,0.272491
516000,1,1,0.0,0.090394,0.000292,0.0,176497.7637,654359.248,ART1-2,LRT,5,0.272473
503064,1,1,0.0,0.090324,0.000292,0.0,174878.8513,656109.9786,ART2-2,LRT,5,0.272374
51213,2,1,0.000813,0.054211,0.000663,0.0,221839.1809,638373.5803,LRT10,LRT,5,0.27229
515061,2,2,0.001439,0.077546,0.000667,0.0,187531.7801,649554.0586,"BRT1-1, BRT1-2",BRT,4,0.272191
515003,2,2,0.000636,0.077846,0.000669,0.0,186475.5615,648305.4926,"BRT2-1, BRT2-2",BRT,4,0.271765
521068,2,2,0.000769,0.074382,0.000717,0.0,187337.4847,672657.003,"Yelw-N, Yelw-S",BRT,4,0.271728
525292,2,2,0.004587,0.070562,0.000721,0.0,193465.0875,676570.4208,"Hz-KS1, Hz-KS2",BRT,4,0.271717
1012,4,2,0.00102,0.070061,0.000484,2.1e-05,206498.825,748976.2029,"R323-1, R323-2",BRT,4,0.271691
525312,2,2,0.004772,0.071374,0.000706,0.0,185957.119,674956.1604,"Hz-KS1, Hz-KS2",BRT,4,0.27164
467907,2,4,6.1e-05,0.017893,0.000799,0.0,178251.4954,571851.6665,"4.4_Bee'rSheva-Rahat_Main, 4.4_Rahat-Bee'rSheva_Main, 4.5_Bee'rSheva-Rahat, 4.5_Rahat-Bee'rSheva",LRT,5,0.271604
521067,2,2,0.000762,0.074617,0.000712,0.0,186324.3613,672814.9079,"Yelw-N, Yelw-S",BRT,4,0.271525
36534,3,2,0.001225,0.064259,0.000711,0.0,207829.2116,751303.217,"m0310a, m0320a",BRT,4,0.271523
36872,2,2,0.016167,0.060544,0.000707,0.0,217315.2793,748418.6122,"brt011, brt012",BRT,4,0.271494
525289,2,2,0.002303,0.067627,0.000792,0.0,194530.441,675998.4401,"Hz-KS1, Hz-KS2",BRT,4,0.271397
36912,3,4,0.002966,0.036621,0.000823,0.0,228451.1408,751965.3161,"brt011, brt012, brt021, brt022",BRT,4,0.271281
36964,4,4,0.0,0.033904,0.000757,1e-06,228321.9967,733419.2467,"brt031, brt032, brt041, brt042",BRT,4,0.271258
467248,2,4,0.000365,0.020416,0.000753,0.0,182379.3839,573614.0194,"4.1_Arad-BS, 4.1_BS-Arad, 4.2_LRT_BRS-Shoket, 4.2_LRT_Shoket-BRS",LRT,5,0.271099
525304,2,2,0.00448,0.071297,0.000705,0.0,187370.9632,677742.2795,"Hz-KS1, Hz-KS2",BRT,4,0.271098
51216,2,1,0.000683,0.051601,0.000689,0.0,221568.1315,638801.832,LRT10,LRT,5,0.270883
467950,2,4,0.000703,0.021201,0.000734,0.0,180740.4533,575014.6586,"4.4_Bee'rSheva-Rahat_Main, 4.4_Rahat-Bee'rSheva_Main, 4.5_Bee'rSheva-Rahat, 4.5_Rahat-Bee'rSheva",LRT,5,0.27083
525093,2,1,0.0,0.096562,0.000526,0.0,181110.263,659563.3442,BluRT2,BRT,4,0.27078
36854,2,2,0.000375,0.072521,0.00074,0.0,213008.574,747676.1223,"brt011, brt012",BRT,4,0.270739
36179,5,2,6e-06,0.061184,0.000471,2.7e-05,197019.1549,748357.3019,"m0110a, m0710a",BRT,4,0.270728
36144,5,2,0.000997,0.066444,0.000378,0.000138,198869.3532,748448.1122,"m0210a, m0920a",BRT,4,0.270502
36537,3,2,0.000776,0.063066,0.000722,0.0,208140.0365,751819.4788,"m0310a, m0320a",BRT,4,0.270335
36152,5,1,0.007533,0.060767,0.000502,0.000142,196844.9924,744015.0946,m0610a,BRT,4,0.270218
525291,2,2,0.003828,0.069429,0.000732,0.0,193707.4408,676119.749,"Hz-KS1, Hz-KS2",BRT,4,0.270136
525290,2,2,0.003066,0.068539,0.000755,0.0,194097.4916,675984.1291,"Hz-KS1, Hz-KS2",BRT,4,0.270108
525311,2,2,0.004202,0.070807,0.000705,0.0,186285.2766,674998.6059,"Hz-KS1, Hz-KS2",BRT,4,0.270042
515114,2,2,0.00179,0.077818,0.000635,0.0,187582.5694,649358.638,"BRT1-1, BRT1-2",BRT,4,0.269966
51117,1,4,0.0,0.05454,0.000392,0.0,214078.3694,630241.3179,"LRT11, LRT12, LRT81, LRT82",LRT,5,0.269943
36900,2,4,0.005805,0.039101,0.00088,0.0,226536.9767,752266.9043,"brt011, brt012, brt021, brt022",BRT,4,0.269872
511127,2,2,0.004803,0.055685,0.000427,0.0,187373.3199,692624.3669,"LRT131, LRT132",LRT,5,0.269739
51211,2,1,0.001069,0.059921,0.000549,0.0,221729.6307,637424.3495,LRT10,LRT,5,0.269703
525305,2,2,0.004,0.07072,0.000705,0.0,186972.1279,677787.0657,"Hz-KS1, Hz-KS2",BRT,4,0.269632
515002,2,2,0.000778,0.0782,0.000636,0.0,187270.9564,648249.2303,"BRT2-1, BRT2-2",BRT,4,0.269297
44102,2,2,0.015885,0.059321,0.000706,0.0,217766.524,748611.1485,"brt011, brt012",BRT,4,0.269272
36513,2,2,0.002243,0.070885,0.000723,3e-06,206224.8364,748087.9574,"m0310a, m0320a",BRT,4,0.269242
511059,3,1,0.001013,0.06553,0.000316,0.0,168373.26,631417.6946,L2-N,LRT,5,0.269145
513060,1,2,0.0,0.077237,0.000316,0.0,191564.8597,659355.0756,"Mgt2-W, Mgt3-W",LRT,5,0.268946
51220,2,1,0.00055,0.048859,0.00071,0.0,221246.8344,639286.7353,LRT10,LRT,5,0.268918
500098,2,2,0.025098,0.051845,0.000684,0.0,162297.8451,620995.1231,"BRT_Blue_E, BRT_Blue_W",BRT,4,0.268795
51225,2,1,0.000141,0.041983,0.000813,0.0,220581.1381,640820.7411,LRT10,LRT,5,0.268577
51218,2,1,0.000416,0.047322,0.000731,0.0,221120.5442,639613.5473,LRT10,LRT,5,0.268546
467197,2,4,0.000381,0.020933,0.000717,0.0,181887.3474,574400.3369,"4.1_Arad-BS, 4.1_BS-Arad, 4.2_LRT_BRS-Shoket, 4.2_LRT_Shoket-BRS",LRT,5,0.268394
525310,2,2,0.003684,0.070131,0.000705,0.0,186330.471,675444.5839,"Hz-KS1, Hz-KS2",BRT,4,0.268379
511050,3,1,0.000124,0.066332,0.000308,0.0,168455.8502,631513.7929,L1-N,LRT,5,0.268371
525306,2,2,0.003534,0.070195,0.000705,0.0,186594.8217,677728.4528,"Hz-KS1, Hz-KS2",BRT,4,0.268259
525482,2,1,0.01059,0.072599,0.000706,0.0,170135.6257,637459.0783,RH-GY1,BRT,4,0.268176
515069,2,2,0.000769,0.076474,0.000648,0.0,189223.2363,652557.8529,"BRT1-1, BRT1-2",BRT,4,0.267924
36539,4,2,0.000797,0.06298,0.000552,1e-06,208493.7941,751794.3693,"m0310a, m0320a",BRT,4,0.267895
51238,1,1,0.0,0.082213,0.000362,0.0,219472.2991,631283.5896,LRT9,LRT,5,0.26756
467884,2,4,0.00012,0.018884,0.000741,0.0,178628.3617,572410.3541,"4.4_Bee'rSheva-Rahat_Main, 4.4_Rahat-Bee'rSheva_Main, 4.5_Bee'rSheva-Rahat, 4.5_Rahat-Bee'rSheva",LRT,5,0.267471
500072,3,2,0.023061,0.049792,0.000581,0.0,162858.4411,619683.2931,"BRT_Blue_E, BRT_Blue_W",BRT,4,0.267371
512282,2,2,6.9e-05,0.04771,0.000583,0.0,158063.3579,617816.8603,"RedN, RedS",LRT,5,0.267204
525309,2,2,0.003296,0.069534,0.000705,0.0,186239.1084,675923.631,"Hz-KS1, Hz-KS2",BRT,4,0.267
525307,2,2,0.0031,0.069472,0.000705,0.0,186505.5507,677168.4873,"Hz-KS1, Hz-KS2",BRT,4,0.266646
525490,2,1,0.011273,0.070185,0.000715,0.0,178676.8759,636417.222,RH-GY1,BRT,4,0.266587
36514,2,2,0.002102,0.06969,0.000715,1e-06,206394.6773,748616.4046,"m0310a, m0320a",BRT,4,0.266552
515060,2,2,0.002253,0.078718,0.00058,0.0,187820.2914,648862.3154,"BRT1-1, BRT1-2",BRT,4,0.266479
51221,2,1,0.000279,0.043747,0.000764,0.0,220579.7418,640329.1651,LRT10,LRT,5,0.26646
44103,2,2,0.015601,0.05751,0.000705,0.0,218525.3046,748590.6365,"brt011, brt012",BRT,4,0.266278
525308,2,2,0.00302,0.069057,0.000705,0.0,186350.411,676527.1095,"Hz-KS1, Hz-KS2",BRT,4,0.265947
512228,1,1,0.0,0.084224,0.000314,0.0,174704.957,639360.387,Turquoise_N,LRT,5,0.265722
1001,2,2,5.7e-05,0.0734,0.000678,0.0,211813.8012,747425.0177,"R1002-1, R1002-2",BRT,4,0.265575
51276,2,1,0.001193,0.065538,0.000422,0.0,221663.342,636612.9988,LRT10,LRT,5,0.265508
36637,3,2,0.004368,0.065298,0.00059,0.000125,203857.0475,742759.2141,"m0510a, m0520a",BRT,4,0.265466
500099,2,2,0.024406,0.051296,0.000667,0.0,162797.9903,621039.3104,"BRT_Blue_E, BRT_Blue_W",BRT,4,0.265427
31503,7,2,0.001227,0.068302,0.000977,0.000302,199905.594,746507.661,"s0110a, s0120a",Funicular,2,0.265319
36222,2,2,0.000378,0.070272,0.000716,0.0,211145.95,746198.9,"m0210a, m0220a",BRT,4,0.265216
15443,5,1,0.000728,0.057647,0.00059,6e-05,196561.0536,745395.2037,m0610a,BRT,4,0.265212
525489,2,1,0.010937,0.069741,0.000712,0.0,178457.6416,636017.0719,RH-GY1,BRT,4,0.265149
36638,3,2,0.004719,0.066722,0.000553,0.000954,203577.8277,743016.4775,"m0510a, m0520a",BRT,4,0.264751
521070,2,2,0.001887,0.079247,0.000558,0.0,189857.6068,672295.5681,"Yelw-N, Yelw-S",BRT,4,0.264628
525470,3,1,0.003586,0.062279,0.000769,0.0,171021.1324,632074.0353,RH-GY1,BRT,4,0.264491
515118,2,2,0.00077,0.069263,0.000717,0.0,192161.8823,654678.1462,"BRT2-1, BRT2-2",BRT,4,0.264342
515010,3,1,0.007478,0.089264,0.000316,0.0,185119.385,652886.2747,BRT2-2,BRT,4,0.264085
525483,2,1,0.009962,0.070309,0.000705,0.0,171324.6092,637616.9238,RH-GY1,BRT,4,0.264049
525488,2,1,0.010604,0.069262,0.000708,0.0,178158.0249,635616.3042,RH-GY1,BRT,4,0.263672
44407,2,2,0.015314,0.055676,0.000705,0.0,219210.3876,748151.5288,"brt011, brt012",BRT,4,0.263215
525477,2,1,0.006925,0.072168,0.000708,0.0,168060.6392,636190.0648,RH-GY1,BRT,4,0.262907
36636,3,2,0.004013,0.063925,0.000587,1.7e-05,204135.2417,742503.7095,"m0510a, m0520a",BRT,4,0.26271
525590,2,2,0.001537,0.060432,0.000818,0.0,197334.855,669424.021,"RG-RH1, RH-RG1",BRT,4,0.262643
467827,2,4,0.000335,0.016489,0.000723,0.0,176167.4985,574573.3407,"4.1_Arad-BS, 4.1_BS-Arad, 4.3_Ofakim-TelSheva, 4.3_TelSheva-Ofakim",LRT,5,0.262533
51032,1,4,0.0,0.045063,0.000454,0.0,222844.862,638689.0426,"LRT11, LRT12, LRT51, LRT52",LRT,5,0.26241
1014,3,2,0.001112,0.080823,0.000376,2.7e-05,207154.8736,745961.0239,"R331-1, R331-2",BRT,4,0.262346
161460,3,1,0.006734,0.079193,0.000454,0.0,183071.7437,642362.9374,RH-GY1,BRT,4,0.262141
525595,2,2,0.001537,0.059941,0.000818,0.0,197373.3302,666496.7945,"RG-RH2, RH-RG2",BRT,4,0.261941
36642,5,1,0.009538,0.060965,0.000382,0.000658,196837.3462,744031.3912,m0410a,BRT,4,0.261729
467791,2,4,0.000231,0.011831,0.000779,0.0,190543.7303,579526.9982,"4.1_Arad-BS, 4.1_BS-Arad, 4.2_LRT_BRS-Shoket, 4.2_LRT_Shoket-BRS",LRT,5,0.261196
525287,2,2,0.00077,0.065125,0.00074,0.0,195653.7336,676539.028,"Hz-KS1, Hz-KS2",BRT,4,0.260697
500100,2,2,0.023718,0.050751,0.000636,0.0,163099.5413,620623.9154,"BRT_Blue_E, BRT_Blue_W",BRT,4,0.26068
525476,2,1,0.006173,0.070885,0.000712,0.0,167966.0438,635637.0312,RH-GY1,BRT,4,0.260418
525484,2,1,0.009382,0.068211,0.000706,0.0,172295.3758,636821.4684,RH-GY1,BRT,4,0.260322
36987,5,2,0.009174,0.033802,0.00064,1e-06,228296.5929,733132.1364,"brt031, brt032",BRT,4,0.260266
15138,4,1,0.000956,0.062636,0.000608,2.5e-05,197535.6024,748481.9809,m0610a,BRT,4,0.260165
525487,2,1,0.010275,0.067129,0.000707,0.0,175821.3279,635556.2722,RH-GY1,BRT,4,0.260106
36162,3,2,0.000377,0.065271,0.00059,0.000125,203856.4291,742748.9387,"m0610a, m0620a",BRT,4,0.260092
525469,2,1,0.001101,0.061469,0.000916,0.0,171502.6995,631892.5201,RH-GY2,BRT,4,0.260073
36742,3,2,0.0,0.062597,0.000634,0.0,203032.9194,742541.2873,"m0910a, m0920a",BRT,4,0.260059
36531,2,2,0.001513,0.066085,0.000709,0.0,207680.939,750722.749,"m0310a, m0320a",BRT,4,0.260014
500094,3,2,0.005835,0.051851,0.000708,0.0,160764.7257,620362.4476,"BRT_Blue_E, BRT_Blue_W",BRT,4,0.259689
36164,3,2,0.000728,0.066698,0.000553,0.000954,203577.7345,743008.3271,"m0610a, m0620a",BRT,4,0.259381
260147,2,1,0.000564,0.061418,0.000916,0.0,171540.5928,631912.6709,RH-GY2,BRT,4,0.259281
15878,5,1,0.001547,0.065218,0.000401,0.000138,198424.8565,748380.6351,m0610a,BRT,4,0.258777
525475,2,1,0.005419,0.070051,0.000715,0.0,167938.2208,635263.3127,RH-GY1,BRT,4,0.258573
500093,3,2,0.00508,0.051499,0.000712,0.0,160473.6521,620396.4906,"BRT_Blue_E, BRT_Blue_W",BRT,4,0.258569
36879,2,2,0.015026,0.052352,0.000704,0.0,220637.4807,748893.0354,"brt011, brt012",BRT,4,0.258039
500092,3,2,0.004587,0.050853,0.00072,0.0,159983.279,620718.2959,"BRT_Blue_E, BRT_Blue_W",BRT,4,0.257782
36160,3,2,2.2e-05,0.0639,0.000587,1.7e-05,204133.201,742492.4533,"m0610a, m0620a",BRT,4,0.25734
1013,3,2,0.003364,0.072745,0.000411,0.000176,205865.0178,747718.8571,"R323-1, R323-2",BRT,4,0.257306
525474,2,1,0.004665,0.06898,0.000725,0.0,168355.6513,634999.4755,RH-GY1,BRT,4,0.257006
36656,4,1,0.006836,0.063622,0.000478,1e-06,209236.9558,751519.8116,m0820a,BRT,4,0.256676
36090,2,2,0.003688,0.053213,0.000833,0.0,197427.7366,741494.9773,"m0610a, m0620a",BRT,4,0.256616
1011,3,2,0.000998,0.069884,0.000478,3e-06,206763.5771,749612.0008,"R323-1, R323-2",BRT,4,0.256579
36008,4,1,0.003966,0.069803,0.000413,0.002124,201982.478,744550.4357,m0810a,BRT,4,0.256302
525099,2,1,0.001376,0.0982,0.000334,0.0,178959.1235,660947.1801,BluRT2,BRT,4,0.256197
36536,2,2,0.000934,0.063445,0.000715,0.0,207861.8117,751582.2668,"m0310a, m0320a",BRT,4,0.256084
36278,3,4,0.000556,0.013635,0.001036,0.0,196631.7217,706198.6299,"brt051, brt052, brt061, brt062",BRT,4,0.256014
512065,1,1,0.0,0.0772,0.000313,0.0,185542.222,669410.353,Grn1-S,LRT,5,0.255576
500109,3,2,0.004772,0.051247,0.000686,0.0,161699.9824,618793.9471,"BRT_Pink_E, BRT_Pink_W",BRT,4,0.255238
525589,2,2,0.002303,0.061327,0.000718,0.0,196806.7968,669377.0722,"RG-RH1, RH-RG1",BRT,4,0.255147
525594,2,2,0.002303,0.061026,0.000718,0.0,197443.1289,667144.5909,"RG-RH2, RH-RG2",BRT,4,0.254716
15685,4,2,0.0,0.066025,0.000378,6.7e-05,199006.4001,748506.2894,"m0910a, m0920a",BRT,4,0.254253
17328,5,1,0.000627,0.062675,0.000395,1e-06,202253.6517,742751.2623,m0810a,BRT,4,0.253222
17308,5,1,0.001067,0.063221,0.000379,1e-06,202905.2719,742388.3671,m0810a,BRT,4,0.253048
500096,3,2,0.000657,0.052491,0.0007,0.0,161488.4664,620690.4945,"BRT_Blue_E, BRT_Blue_W",BRT,4,0.252896
36881,2,2,0.014736,0.049042,0.000703,0.0,222415.9248,748579.4997,"brt011, brt012",BRT,4,0.252816
36091,2,2,0.004046,0.054259,0.000773,0.0,197149.0716,741797.6517,"m0610a, m0620a",BRT,4,0.252755
36097,2,2,0.004756,0.05792,0.000708,6e-06,196915.2315,743061.7686,"m0610a, m0620a",BRT,4,0.252667
500095,3,2,0.000354,0.052174,0.000704,0.0,161195.7345,620471.739,"BRT_Blue_E, BRT_Blue_W",BRT,4,0.252426
1000,3,2,0.000121,0.073457,0.000395,0.0,212713.4102,747546.4682,"R1002-1, R1002-2",BRT,4,0.252333
36743,5,1,0.000223,0.062884,0.000386,1e-06,202232.3444,742750.8947,m0910a,BRT,4,0.252155
500193,3,2,0.002356,0.049025,0.000717,0.0,159437.532,617805.757,"BRT_Pink_E, BRT_Pink_W",BRT,4,0.251907
36178,5,1,0.00038,0.059868,0.000426,2.3e-05,196642.9376,747994.9773,m0620a,BRT,4,0.251906
36737,3,2,0.000472,0.062332,0.000548,0.0,202433.2145,742879.1675,"m0810a, m0910a",BRT,4,0.251904
43364,2,2,0.014444,0.048701,0.000702,0.0,222589.5134,748676.0097,"brt011, brt012",BRT,4,0.2518
36924,2,4,0.000754,0.031847,0.000867,0.0,232737.4065,751893.0891,"brt011, brt012, brt021, brt022",BRT,4,0.251523
36913,2,4,0.002603,0.035968,0.000776,0.0,228974.9159,751785.7556,"brt011, brt012, brt021, brt022",BRT,4,0.250984
36211,2,2,3e-05,0.074199,0.000517,3e-06,210206.9172,746473.8996,"m0210a, m0220a",BRT,4,0.250939
36093,2,2,0.004402,0.055144,0.000734,1e-06,196941.5525,742064.3231,"m0610a, m0620a",BRT,4,0.250718
525591,2,2,0.00077,0.059577,0.000714,0.0,197847.1417,669332.4599,"RG-RH1, RH-RG1",BRT,4,0.250243
500088,2,2,0.001537,0.048497,0.000863,0.0,158303.7441,621213.8609,"BRT_Blue_E, BRT_Blue_W",BRT,4,0.250022
36273,3,4,0.000329,0.013007,0.000981,0.0,195730.2441,705952.354,"brt051, brt052, brt061, brt062",BRT,4,0.249442
50115,1,2,0.0,0.055211,0.000438,0.0,222200.434,627700.4723,"LRT31, LRT32",LRT,5,0.249423
525596,2,2,0.00077,0.058966,0.000714,0.0,197903.4455,666207.0597,"RG-RH2, RH-RG2",BRT,4,0.249369
36180,5,1,0.000663,0.061137,0.000376,2.6e-05,197000.7984,748340.5705,m0620a,BRT,4,0.249213
51109,1,2,0.0,0.054256,0.000449,0.0,217993.1609,636813.2111,"LRT61, LRT62",LRT,5,0.249127
525471,2,1,0.003985,0.062977,0.000739,0.0,170546.3153,632251.0566,RH-GY1,BRT,4,0.248861
525588,2,2,0.003066,0.062353,0.000627,0.0,196811.2788,668786.1931,"RG-RH1, RH-RG1",BRT,4,0.2488
51233,1,1,0.0,0.073669,0.000293,0.0,222219.455,631286.8532,LRT9,LRT,5,0.248661
525593,2,2,0.003066,0.061988,0.000627,0.0,197217.2011,667656.8793,"RG-RH2, RH-RG2",BRT,4,0.248278
525472,2,1,0.00077,0.060314,0.000816,0.0,171628.9108,633045.5369,RH-GY1,BRT,4,0.248273
36886,2,2,0.01415,0.046686,0.000699,0.0,223707.8473,749175.9891,"brt011, brt012",BRT,4,0.248223
36236,3,4,7.8e-05,0.009875,0.001018,0.0,191882.3717,705024.9536,"brt051, brt052, brt061, brt062",BRT,4,0.248192
36915,2,4,0.002237,0.035547,0.000756,0.0,229340.4028,751797.2128,"brt011, brt012, brt021, brt022",BRT,4,0.247919
1009,3,2,0.000661,0.068067,0.00041,0.0,207326.988,750295.6784,"R323-1, R323-2",BRT,4,0.246895
36921,2,4,0.001127,0.032741,0.000798,0.0,231870.4899,751550.1621,"brt011, brt012, brt021, brt022",BRT,4,0.246559
32003,2,2,0.00382,0.069492,0.000977,1.8e-05,203142.303,743132.402,"c001, c002",Cable Line,3,0.246551
36917,2,4,0.001869,0.035123,0.000751,0.0,229713.86,751769.1228,"brt011, brt012, brt021, brt022",BRT,4,0.246372
36387,2,2,0.000378,0.052732,0.000777,0.0,197810.9621,741953.5621,"m0710a, m0720a",BRT,4,0.246097
36888,2,2,0.013854,0.045315,0.000694,0.0,224544.1433,749478.3216,"brt011, brt012",BRT,4,0.245393
36263,3,4,0.000287,0.012061,0.000951,0.0,194363.2313,705545.3076,"brt051, brt052, brt061, brt062",BRT,4,0.245043
500089,2,2,0.002303,0.048994,0.000792,0.0,158656.114,621508.8941,"BRT_Blue_E, BRT_Blue_W",BRT,4,0.244763
36175,5,1,7.4e-05,0.058394,0.000377,2e-05,196322.5392,747512.1971,m0620a,BRT,4,0.244655
36243,3,4,0.000148,0.010364,0.000968,0.0,192508.0329,704859.3273,"brt051, brt052, brt061, brt062",BRT,4,0.24411
36920,2,4,0.001499,0.032891,0.000766,0.0,231806.9381,751411.9879,"brt011, brt012, brt021, brt022",BRT,4,0.244101
500206,2,2,2.1e-05,0.045642,0.000863,0.0,158110.4477,616258.3167,"BRT_Pink_E, BRT_Pink_W",BRT,4,0.243892
36261,3,4,0.000263,0.011858,0.000941,0.0,194084.9975,705508.0854,"brt051, brt052, brt061, brt062",BRT,4,0.243752
36250,3,4,0.000179,0.010932,0.000948,0.0,193217.6447,704637.064,"brt051, brt052, brt061, brt062",BRT,4,0.243033
36890,2,2,0.013556,0.044574,0.000684,0.0,224908.0152,749821.44,"brt011, brt012",BRT,4,0.242999
500090,2,2,0.003066,0.049419,0.000755,0.0,159041.0904,621540.6369,"BRT_Blue_E, BRT_Blue_W",BRT,4,0.242768
500091,2,2,0.003828,0.05025,0.000731,0.0,159647.9686,621119.3661,"BRT_Blue_E, BRT_Blue_W",BRT,4,0.242703
36088,2,2,0.003328,0.051892,0.000705,0.0,197760.9666,741069.9616,"m0610a, m0620a",BRT,4,0.241771
15139,3,1,0.001227,0.064089,0.000535,2.9e-05,198068.0195,748462.4126,m0610a,BRT,4,0.241162
36958,3,2,0.001127,0.029681,0.000905,0.0,229041.1595,758542.0689,"brt021, brt022",BRT,4,0.240908
15548,3,1,0.000293,0.056091,0.000662,9e-06,196286.6233,746521.9102,m0610a,BRT,4,0.240828
36953,4,2,1e-05,0.029964,0.000767,0.0,228615.1584,758679.4134,"brt021, brt022",BRT,4,0.240665
36951,4,2,0.002966,0.030431,0.000716,0.0,228705.7295,758514.3708,"brt021, brt022",BRT,4,0.240254
467818,2,2,6.1e-05,0.015476,0.000779,0.0,184140.2546,570407.378,"4.2_LRT_BRS-Shoket, 4.2_LRT_Shoket-BRS",LRT,5,0.240253
525015,3,1,0.0,0.079173,0.000316,0.0,183112.4137,642110.4345,BluRT1,BRT,4,0.239679
15541,3,1,0.000198,0.056966,0.000638,1.5e-05,196441.631,745715.1641,m0610a,BRT,4,0.239675
190170,3,1,0.0,0.078853,0.000316,0.0,189766.9396,666969.587,BRT-2,BRT,4,0.239258
12017,3,1,0.000919,0.073433,0.00038,7e-06,206129.9862,747205.1143,m0320a,BRT,4,0.238975
36374,3,1,0.000754,0.047167,0.000765,0.0,197927.2417,739717.7767,m0620a,BRT,4,0.238719
36078,2,1,0.005457,0.059104,0.000666,0.0,209386.3305,752922.7643,m0820a,BRT,4,0.23819
36075,2,1,0.005107,0.058115,0.000684,0.0,209419.6263,753255.5269,m0820a,BRT,4,0.238027
500212,3,2,0.001344,0.049509,0.000581,0.0,162963.879,619414.9341,"BRT_Pink_E, BRT_Pink_W",BRT,4,0.237968
36660,3,1,0.0,0.073393,0.00038,7e-06,206137.2119,747215.1768,m0310a,BRT,4,0.237689
36892,2,2,0.013256,0.042218,0.000668,0.0,225560.4403,751386.0729,"brt011, brt012",BRT,4,0.237646
36926,2,4,0.000378,0.030916,0.000742,0.0,233752.6313,751771.3464,"brt011, brt012, brt021, brt022",BRT,4,0.23747
36073,2,1,0.005805,0.060312,0.000635,0.0,209346.3132,752529.1641,m0820a,BRT,4,0.237338
32002,2,2,0.004151,0.074393,0.000805,0.000156,202983.3351,743986.6469,"c001, c002",Cable Line,3,0.237245
500049,2,2,0.001514,0.048529,0.00073,0.0,159486.7301,617349.877,"BRT_Pink_E, BRT_Pink_W",BRT,4,0.23698
35023,4,2,0.012954,0.034084,0.000488,1e-06,228487.9591,733335.4969,"brt032, brt042",BRT,4,0.236608
500207,2,2,8e-06,0.045404,0.000791,0.0,157934.2532,615704.4327,"BRT_Pink_E, BRT_Pink_W",BRT,4,0.236512
500087,2,2,0.00077,0.048079,0.00074,0.0,158078.8105,620892.2355,"BRT_Blue_E, BRT_Blue_W",BRT,4,0.236337
467807,2,2,6.1e-05,0.015015,0.000745,0.0,187089.8316,572889.6363,"4.3_Ofakim-TelSheva, 4.3_TelSheva-Ofakim",LRT,5,0.236259
467944,2,2,0.00012,0.016807,0.000712,0.0,182977.6641,570587.1916,"4.2_LRT_BRS-Shoket, 4.2_LRT_Shoket-BRS",LRT,5,0.23572
500208,2,2,0.000755,0.046632,0.000754,0.0,159228.6572,615514.0093,"BRT_Pink_E, BRT_Pink_W",BRT,4,0.235616
36080,2,1,0.004756,0.056022,0.000693,0.0,209409.4307,753997.9911,m0820a,BRT,4,0.235496
36072,2,1,0.006151,0.062442,0.000579,0.0,209280.5077,751867.8989,m0820a,BRT,4,0.235346
500211,2,2,0.002705,0.050396,0.000668,0.0,162493.8459,618694.609,"BRT_Pink_E, BRT_Pink_W",BRT,4,0.235267
512286,1,1,0.0,0.069196,0.00022,0.0,166003.9396,633428.4834,Orange_S,LRT,5,0.235149
36149,4,1,0.000371,0.058425,0.000416,0.0,205276.4401,741309.3428,m0610a,BRT,4,0.234541
500210,2,2,0.000723,0.049677,0.000698,0.0,161077.7072,617509.0189,"BRT_Pink_E, BRT_Pink_W",BRT,4,0.234522
14871,2,1,0.001982,0.068351,0.000536,4.6e-05,199694.4671,746728.4609,m0810a,BRT,4,0.23407
36083,2,1,0.004402,0.054794,0.000699,0.0,209349.8559,754453.1425,m0820a,BRT,4,0.23382
500205,2,2,0.000785,0.046187,0.00074,0.0,157586.5976,616478.4642,"BRT_Pink_E, BRT_Pink_W",BRT,4,0.233638
36147,4,1,4e-06,0.055914,0.000448,0.0,205758.2257,740610.3662,m0610a,BRT,4,0.233596
500209,2,2,3.9e-05,0.049042,0.000706,0.0,160436.8564,617513.42,"BRT_Pink_E, BRT_Pink_W",BRT,4,0.23348
36894,2,2,0.012954,0.041369,0.000638,0.0,225011.888,751742.5036,"brt011, brt012",BRT,4,0.233075
500027,3,2,0.000771,0.034263,0.000762,0.0,179825.1187,610765.3768,"BRT_Blue_E, BRT_Blue_W",BRT,4,0.233061
36955,3,2,0.001499,0.029858,0.000816,0.0,228839.8066,758626.2519,"brt021, brt022",BRT,4,0.233026
36850,3,1,0.00063,0.07347,0.000316,0.0,212730.345,747634.3815,brt012,BRT,4,0.232371
467934,2,2,6.1e-05,0.008433,0.0008,0.0,163796.5822,581011.667,"4.3_Ofakim-TelSheva, 4.3_TelSheva-Ofakim",LRT,5,0.232266
511117,1,2,0.0,0.051143,0.000316,0.0,187775.9331,695840.3456,"LRT121, LRT151",LRT,5,0.231672
36081,2,1,0.004046,0.05309,0.000702,0.0,209237.5196,755112.4915,m0820a,BRT,4,0.231188
467819,2,2,0.000176,0.017888,0.000645,0.0,182149.1891,570801.4259,"4.2_LRT_BRS-Shoket, 4.2_LRT_Shoket-BRS",LRT,5,0.230717
500073,2,2,0.002021,0.049681,0.000636,0.0,162824.194,619312.4684,"BRT_Pink_E, BRT_Pink_W",BRT,4,0.230198
36814,3,2,0.005805,0.030969,0.000705,0.0,226283.8006,732269.9414,"brt031, brt032",BRT,4,0.229514
467808,2,2,0.00012,0.015831,0.000659,0.0,186300.6734,572912.0509,"4.3_Ofakim-TelSheva, 4.3_TelSheva-Ofakim",LRT,5,0.229153
36961,3,2,0.000378,0.028846,0.000806,0.0,230071.4054,758788.4174,"brt021, brt022",BRT,4,0.22905
36746,2,1,0.000378,0.046971,0.000814,0.0,197979.3692,739637.1326,m0620a,BRT,4,0.228431
36817,3,2,0.005107,0.030771,0.000705,0.0,226125.3649,732088.2243,"brt031, brt032",BRT,4,0.228316
13148,2,1,0.001744,0.067608,0.000491,8e-06,199504.8269,746928.7657,m0810a,BRT,4,0.228296
525571,1,2,0.0,0.081955,0.000316,0.0,186203.6869,667454.2289,"RG-RH1, RG-RH2",BRT,4,0.22807
467933,2,2,0.00012,0.008706,0.000745,0.0,163931.1907,580167.8069,"4.3_Ofakim-TelSheva, 4.3_TelSheva-Ofakim",LRT,5,0.22729
36896,2,2,0.01265,0.041149,0.000585,0.0,225022.876,751914.8567,"brt011, brt012",BRT,4,0.227166
36085,2,1,0.003688,0.050425,0.000704,0.0,208970.2053,756210.672,m0820a,BRT,4,0.227114
467943,2,2,0.000231,0.020033,0.000558,0.0,180893.0032,571576.5501,"4.2_LRT_BRS-Shoket, 4.2_LRT_Shoket-BRS",LRT,5,0.225388
36087,2,1,0.003328,0.049338,0.000705,0.0,208831.2522,756684.2907,m0820a,BRT,4,0.225171
467764,2,2,0.000185,0.010671,0.000685,0.0,178100.0926,589095.1236,"4.4_Bee'rSheva-Rahat_Main, 4.4_Rahat-Bee'rSheva_Main",LRT,5,0.224362
36384,3,1,0.001124,0.058364,0.000448,7e-06,197105.4007,743446.532,m0720a,BRT,4,0.224322
467922,2,2,6.1e-05,0.004772,0.00077,0.0,218802.3475,573002.7679,"4.1_Arad-BS, 4.1_BS-Arad",LRT,5,0.2241
467928,2,2,0.000135,0.010405,0.000686,0.0,178722.2372,588949.2034,"4.4_Bee'rSheva-Rahat_Main, 4.4_Rahat-Bee'rSheva_Main",LRT,5,0.224032
512285,1,2,0.0,0.04518,0.000324,0.0,158536.3153,615647.9996,"Orange_N, RedN",LRT,5,0.223904
36714,3,2,0.000744,0.030201,0.000724,0.0,228518.4713,758719.5175,"brt021, brt022",BRT,4,0.223513
467927,2,2,8.2e-05,0.009823,0.000689,0.0,179391.4602,587654.751,"4.4_Bee'rSheva-Rahat_Main, 4.4_Rahat-Bee'rSheva_Main",LRT,5,0.223399
467932,2,2,0.000176,0.008931,0.000699,0.0,163965.3517,579480.602,"4.3_Ofakim-TelSheva, 4.3_TelSheva-Ofakim",LRT,5,0.223198
467761,2,2,0.000369,0.011307,0.00066,0.0,177001.4823,588428.9159,"4.5_Bee'rSheva-Rahat, 4.5_Rahat-Bee'rSheva",LRT,5,0.223038
36383,3,1,0.0,0.058446,0.000448,7e-06,197079.2595,743446.5912,m0710a,BRT,4,0.222935
36373,2,1,0.001127,0.047916,0.000732,0.0,197567.4568,739707.2637,m0620a,BRT,4,0.22284
467941,2,2,0.00026,0.020639,0.000515,0.0,179724.9353,573942.1513,"4.1_Arad-BS, 4.1_BS-Arad",LRT,5,0.222084
525486,2,1,0.000673,0.064007,0.000495,0.0,174602.8774,636448.4589,RH-GY2,BRT,4,0.222082
36372,2,1,0.001499,0.048249,0.000713,0.0,197567.6215,739864.8896,m0620a,BRT,4,0.221926
36173,2,1,0.001869,0.049145,0.000693,0.0,197591.1301,740279.0579,m0620a,BRT,4,0.221758
467925,2,2,2.7e-05,0.009163,0.000678,0.0,180756.912,586470.4044,"4.4_Bee'rSheva-Rahat_Main, 4.4_Rahat-Bee'rSheva_Main",LRT,5,0.221328
467906,1,4,0.0,0.016842,0.000446,0.0,177597.1397,571435.1287,"4.4_Bee'rSheva-Rahat_Main, 4.4_Rahat-Bee'rSheva_Main, 4.5_Bee'rSheva-Rahat, 4.5_Rahat-Bee'rSheva",LRT,5,0.221267
15948,4,1,0.000215,0.06086,0.000243,0.000194,196829.2993,744032.0122,m0120a,BRT,4,0.221015
265017,2,1,0.001661,0.062123,0.000495,0.0,171039.4211,632096.7653,RH-GY2,BRT,4,0.22071
36370,2,1,0.002237,0.049556,0.000671,0.0,197447.6623,740398.3417,m0620a,BRT,4,0.220693
36066,2,1,0.002966,0.046387,0.000707,0.0,208088.3555,757927.0309,m0820a,BRT,4,0.220649
467836,2,2,0.000176,0.016789,0.000557,0.0,185443.4264,572881.5236,"4.3_Ofakim-TelSheva, 4.3_TelSheva-Ofakim",LRT,5,0.220601
467765,2,2,0.00041,0.011757,0.000627,0.0,177052.7861,587310.1427,"4.5_Bee'rSheva-Rahat, 4.5_Rahat-Bee'rSheva",LRT,5,0.220585
36658,2,1,0.00703,0.068258,0.000327,0.000369,201059.5999,743889.371,m0410a,BRT,4,0.220393
36993,2,2,0.008185,0.033068,0.000694,0.0,227823.6932,732728.075,"brt031, brt032",BRT,4,0.220292
36650,2,1,0.000378,0.041061,0.000816,0.0,208497.6618,760900.7176,m0820a,BRT,4,0.220235
36991,2,2,0.008516,0.03321,0.000685,0.0,227938.4177,732618.8368,"brt031, brt032",BRT,4,0.220097
19226,2,2,0.007851,0.032865,0.000699,0.0,227776.7635,732949.9816,"brt031, brt032",BRT,4,0.220083
36598,4,2,0.000148,0.008702,0.000865,0.0,194726.2493,713821.073,"brt061, brt062",BRT,4,0.220053
467948,2,2,0.000246,0.020327,0.000497,0.0,179443.3127,573300.4579,"4.1_Arad-BS, 4.1_BS-Arad",LRT,5,0.219912
467920,2,2,0.00012,0.006534,0.000699,0.0,205874.3258,574297.8847,"4.1_Arad-BS, 4.1_BS-Arad",LRT,5,0.219755
467867,2,2,0.000365,0.020631,0.000489,0.0,181380.6129,572631.2177,"4.3_Ofakim-TelSheva, 4.3_TelSheva-Ofakim",LRT,5,0.21973
467926,2,2,2e-05,0.00894,0.000665,0.0,180023.7562,586741.8018,"4.4_Bee'rSheva-Rahat_Main, 4.4_Rahat-Bee'rSheva_Main",LRT,5,0.219675
36997,2,2,0.007515,0.032606,0.000702,0.0,227722.9705,733237.4112,"brt031, brt032",BRT,4,0.219507
36990,2,2,0.008846,0.033611,0.000668,0.0,228255.7773,732927.3036,"brt031, brt032",BRT,4,0.21949
467949,2,2,0.000231,0.009281,0.000654,0.0,164924.8012,579073.7395,"4.3_Ofakim-TelSheva, 4.3_TelSheva-Ofakim",LRT,5,0.219381
500044,2,2,0.011287,0.036239,0.00059,0.0,178536.1191,613302.7774,"BRT_Blue_E, BRT_Blue_W",BRT,4,0.21888
36999,2,2,0.007177,0.032292,0.000703,0.0,227367.9083,733287.0357,"brt031, brt032",BRT,4,0.218786
467940,2,2,0.000357,0.020258,0.000485,0.0,182095.5811,572690.3032,"4.3_Ofakim-TelSheva, 4.3_TelSheva-Ofakim",LRT,5,0.218745
36371,2,1,0.002603,0.050142,0.000635,0.0,197440.9123,740660.3679,m0620a,BRT,4,0.218531
36979,2,2,0.000754,0.027311,0.000861,0.0,227511.8769,725474.3064,"brt041, brt042",BRT,4,0.218496
467756,2,2,6.1e-05,0.010363,0.00063,0.0,175243.1156,588459.371,"4.4_Bee'rSheva-Rahat_Main, 4.4_Rahat-Bee'rSheva_Main",LRT,5,0.218439
36653,2,1,0.002603,0.045074,0.000708,0.0,208072.4211,758628.3673,m0820a,BRT,4,0.218385
511164,2,1,0.0,0.078249,0.000257,0.0,189619.3848,675535.5257,LRT141,BRT,4,0.218344
36807,2,2,0.006837,0.032077,0.000704,0.0,227129.1638,733219.3636,"brt031, brt032",BRT,4,0.218088
467794,2,2,0.000176,0.010492,0.000622,0.0,192602.9642,577843.4011,"4.1_Arad-BS, 4.1_BS-Arad",LRT,5,0.217996
500225,3,2,0.000771,0.0345,0.000604,0.0,179877.239,611055.4867,"BRT_Pink_E, BRT_Pink_W",BRT,4,0.217982
31502,5,2,0.000131,0.067943,0.000805,0.000292,200132.355,746754.533,"s0110a, s0120a",Funicular,2,0.217953
500045,2,2,0.012024,0.036482,0.000567,0.0,178228.6961,613588.1366,"BRT_Blue_E, BRT_Blue_W",BRT,4,0.217937
467909,2,2,0.000282,0.021085,0.000465,0.0,180216.8785,574189.337,"4.1_Arad-BS, 4.1_BS-Arad",LRT,5,0.217909
36841,2,2,0.000754,0.026664,0.000864,0.0,222541.2355,729746.2564,"brt031, brt032",BRT,4,0.217779
170132,2,1,1e-06,0.07526,0.00029,0.0,188865.3434,652849.673,BRT1-1,BRT,4,0.217265
36932,2,2,0.006151,0.036566,0.000638,0.0,224487.7721,754979.2339,"brt021, brt022",BRT,4,0.21712
36809,2,2,0.006495,0.031674,0.000705,0.0,226800.0273,732882.4525,"brt031, brt032",BRT,4,0.217119
36649,2,1,0.000754,0.041642,0.000769,0.0,208362.7226,760558.9475,m0820a,BRT,4,0.216927
36930,2,2,0.006495,0.039691,0.000585,0.0,225156.7775,752524.3949,"brt021, brt022",BRT,4,0.216857
36040,2,1,0.002237,0.043963,0.000712,0.0,208144.9038,759246.7785,m0820a,BRT,4,0.216672
500043,2,2,0.01055,0.036098,0.000575,0.0,178661.9339,613091.4627,"BRT_Blue_E, BRT_Blue_W",BRT,4,0.216209
467767,2,2,0.000449,0.012239,0.000574,0.0,176413.0335,586338.4446,"4.5_Bee'rSheva-Rahat, 4.5_Rahat-Bee'rSheva",LRT,5,0.216145
500224,2,2,0.001531,0.034735,0.000718,0.0,179850.5588,611488.98,"BRT_Pink_E, BRT_Pink_W",BRT,4,0.216124
36812,2,2,0.006151,0.031243,0.000705,0.0,226376.5273,732589.6863,"brt031, brt032",BRT,4,0.216058
500035,2,2,0.001531,0.034635,0.000716,0.0,179174.588,611001.6326,"BRT_Blue_E, BRT_Blue_W",BRT,4,0.215832
36056,2,1,0.001127,0.042369,0.000739,0.0,208204.8236,760140.0181,m0820a,BRT,4,0.215589
36655,2,1,0.001869,0.043286,0.000715,0.0,208029.733,759622.1819,m0820a,BRT,4,0.215573
521080,2,1,0.0,0.075379,0.00027,0.0,188679.0952,652736.7345,Yelw-N,BRT,4,0.215512
36940,2,2,0.005107,0.032546,0.000694,0.0,227324.6351,757052.4241,"brt021, brt022",BRT,4,0.215478
36938,2,2,0.005457,0.032849,0.000684,0.0,227014.595,757161.7204,"brt021, brt022",BRT,4,0.215429
36646,2,1,0.001499,0.042745,0.000725,0.0,208111.0075,759933.2179,m0820a,BRT,4,0.215282
36935,2,2,0.005805,0.033281,0.000668,0.0,226593.3271,757350.3012,"brt021, brt022",BRT,4,0.21492
36942,2,2,0.004756,0.032077,0.000699,0.0,227841.1874,757103.7021,"brt021, brt022",BRT,4,0.214834
51224,1,1,0.0,0.039061,0.000452,0.0,221462.5977,640997.1936,LRT10,LRT,5,0.214717
36230,2,4,4e-05,0.00943,0.000828,0.0,191305.2664,705179.2716,"brt051, brt052, brt061, brt062",BRT,4,0.214663
18907,3,1,0.0,0.057733,0.000373,0.0,205419.3849,741130.6601,m0520a,BRT,4,0.214617
36815,2,2,0.005457,0.030847,0.000705,0.0,226195.0343,732150.8486,"brt031, brt032",BRT,4,0.214593
15667,2,1,0.001706,0.066024,0.000371,4e-06,198804.6312,747349.7775,m0810a,BRT,4,0.214307
36376,2,1,0.002966,0.050917,0.000575,0.0,197779.6896,740655.9704,m0620a,BRT,4,0.214292
36944,2,2,0.004402,0.031701,0.000703,0.0,228250.4339,757213.5912,"brt021, brt022",BRT,4,0.21417
10309,3,1,0.0,0.055958,0.000394,0.0,205760.3175,740630.1415,m0620a,BRT,4,0.214082
467947,2,2,0.000284,0.009731,0.000587,0.0,166118.5069,579521.8888,"4.3_Ofakim-TelSheva, 4.3_TelSheva-Ofakim",LRT,5,0.213634
467755,2,2,0.0001,0.010658,0.000575,0.0,174422.3619,588026.9965,"4.4_Bee'rSheva-Rahat_Main, 4.4_Rahat-Bee'rSheva_Main",LRT,5,0.213516
36946,2,2,0.004046,0.0314,0.000705,0.0,228539.3008,757403.4358,"brt021, brt022",BRT,4,0.213478
32005,2,2,0.000378,0.061173,0.000805,0.0,202156.9144,742080.5957,"c001, c002",Cable Line,3,0.213242
36819,2,2,0.004756,0.030313,0.000705,0.0,225623.8784,731824.665,"brt031, brt032",BRT,4,0.212911
500034,2,2,0.002292,0.034908,0.000671,0.0,178909.1506,611424.035,"BRT_Blue_E, BRT_Blue_W",BRT,4,0.212866
36948,2,2,0.003688,0.031037,0.000707,0.0,228685.0575,757800.7636,"brt021, brt022",BRT,4,0.212722
36978,2,2,0.001127,0.027739,0.000788,0.0,227549.6219,726087.981,"brt041, brt042",BRT,4,0.212445
36950,2,2,0.003328,0.030848,0.00071,0.0,228738.7571,758017.0747,"brt021, brt022",BRT,4,0.212267
36840,2,2,0.001127,0.027075,0.000792,0.0,222912.3046,730239.9549,"brt031, brt032",BRT,4,0.211874
36822,2,2,0.004402,0.029896,0.000706,0.0,225122.2775,731656.4729,"brt031, brt032",BRT,4,0.21187
500217,2,2,0.001507,0.035686,0.000659,0.0,177157.8734,612939.3947,"BRT_Pink_E, BRT_Pink_W",BRT,4,0.211755
500218,2,2,0.00077,0.035426,0.000666,0.0,177238.1111,612478.957,"BRT_Pink_E, BRT_Pink_W",BRT,4,0.211076
36976,2,2,0.001499,0.028985,0.000749,0.0,227674.1031,727776.5999,"brt041, brt042",BRT,4,0.210872
19000,2,2,0.004046,0.029472,0.000706,0.0,224832.6571,731189.4273,"brt031, brt032",BRT,4,0.210807
500216,2,2,0.002257,0.03598,0.000634,0.0,177045.8504,613441.6632,"BRT_Pink_E, BRT_Pink_W",BRT,4,0.210717
17111,3,1,0.0,0.063195,0.000253,0.0,202227.34,742530.1983,m0810a,BRT,4,0.210678
34071,1,1,0.0,0.04564,0.000312,0.0,216672.145,757360.4903,lrt06,LRT,5,0.210443
36716,2,2,0.000378,0.03012,0.00074,0.0,228474.244,758808.1747,"brt021, brt022",BRT,4,0.210124
500223,2,2,0.002292,0.035056,0.000637,0.0,179987.5131,612055.281,"BRT_Pink_E, BRT_Pink_W",BRT,4,0.209714
36838,2,2,0.001499,0.027651,0.000755,0.0,222849.2722,731078.4908,"brt031, brt032",BRT,4,0.209581
36825,2,2,0.003688,0.028816,0.000707,0.0,223974.8647,731007.6336,"brt031, brt032",BRT,4,0.209479
500219,2,2,3.3e-05,0.0352,0.000662,0.0,177355.4753,612082.315,"BRT_Pink_E, BRT_Pink_W",BRT,4,0.209318
36974,2,2,0.001869,0.029377,0.00072,0.0,227712.5946,728280.916,"brt041, brt042",BRT,4,0.209135
500032,2,2,0.003053,0.035199,0.000617,0.0,178943.7614,611945.723,"BRT_Blue_E, BRT_Blue_W",BRT,4,0.209013
36827,2,2,0.003328,0.028697,0.000708,0.0,223845.7753,731106.667,"brt031, brt032",BRT,4,0.208903
36972,2,2,0.002237,0.029998,0.0007,0.0,227770.1327,729058.21,"brt041, brt042",BRT,4,0.208598
36829,2,2,0.002966,0.02835,0.00071,0.0,223514.0826,731452.375,"brt031, brt032",BRT,4,0.208181
36835,2,2,0.001869,0.027775,0.000732,0.0,222912.0988,731245.1754,"brt031, brt032",BRT,4,0.207992
21099,2,2,0.002237,0.027874,0.000721,0.0,222920.5924,731385.4529,"brt031, brt032",BRT,4,0.207572
36831,2,2,0.002603,0.028003,0.000713,0.0,223032.6896,731531.0779,"brt031, brt032",BRT,4,0.207491
500215,2,2,0.003017,0.036255,0.000586,0.0,177508.103,613497.4146,"BRT_Pink_E, BRT_Pink_W",BRT,4,0.207387
36255,3,3,0.000203,0.011231,0.000708,0.0,193424.588,704975.0992,"brt051, brt052, brt061",BRT,4,0.207078
500220,2,2,4.5e-05,0.035135,0.000639,0.0,177717.1015,612176.6902,"BRT_Pink_E, BRT_Pink_W",BRT,4,0.20705
21062,2,2,0.002603,0.030207,0.000676,0.0,227769.0768,729314.1261,"brt041, brt042",BRT,4,0.206991
525324,1,1,0.0,0.0762,0.000316,0.0,180974.7237,673963.4193,Hz-KS1,BRT,4,0.206858
36967,2,2,0.002966,0.031836,0.000643,0.0,227655.3788,731202.2954,"brt041, brt042",BRT,4,0.206634
360268,2,2,0.000378,0.027141,0.000738,0.0,227496.725,725226.843,"brt041, brt042",BRT,4,0.205758
36594,3,2,0.000237,0.009113,0.000853,0.0,195588.8625,713712.4707,"brt061, brt062",BRT,4,0.20525
36843,2,2,0.000378,0.026357,0.00074,0.0,222254.21,729369.9595,"brt031, brt032",BRT,4,0.204772
500221,2,2,0.000805,0.035559,0.000596,0.0,178454.9009,612316.9488,"BRT_Pink_E, BRT_Pink_W",BRT,4,0.204456
500238,2,2,3e-06,0.033868,0.000623,0.0,180565.3357,610644.7037,"BRT_Blue_E, BRT_Blue_W",BRT,4,0.203608
36592,3,2,0.000263,0.009398,0.000826,0.0,195755.6703,713127.0792,"brt061, brt062",BRT,4,0.203057
390513,3,2,0.000309,0.010791,0.000785,0.0,196057.676,710189.065,"brt061, brt062",BRT,4,0.201098
32001,3,1,0.004487,0.077904,0.000334,0.001347,203419.5955,744319.1954,c001,Cable Line,3,0.19858
525473,1,1,0.0,0.059804,0.000454,0.0,171500.0736,633326.1549,RH-GY1,BRT,4,0.196861
525327,2,2,2.4e-05,0.012068,0.000864,0.0,196172.3842,662171.6523,"BBEld1, BBEld2",BRT,4,0.195991
49768,1,1,0.0,0.06853,0.000309,0.0,211360.855,745874.605,m0220a,BRT,4,0.195227
500033,2,2,0.0,0.03833,0.00047,0.0,176068.106,615610.9348,"BRT_Blue_E, BRT_Blue_W",BRT,4,0.195095
515120,1,1,0.0,0.068286,0.00031,0.0,192003.4193,655100.6919,BRT2-1,BRT,4,0.194935
500214,2,2,0.0,0.036857,0.00049,0.0,178204.8217,614377.6797,"BRT_Pink_E, BRT_Pink_W",BRT,4,0.194882
36608,2,2,7.8e-05,0.008189,0.000903,0.0,193735.3313,713773.8153,"brt061, brt062",BRT,4,0.194342
525337,2,2,2.4e-05,0.010512,0.000864,0.0,191275.3546,664711.8438,"BBEld1, BBEld2",BRT,4,0.193769
36375,2,1,0.0,0.046945,0.000453,0.0,197991.5994,739635.1583,m0620a,BRT,4,0.192667
467811,1,2,0.0,0.014293,0.000438,0.0,185313.0207,570209.8092,"4.2_LRT_BRS-Shoket, 4.2_LRT_Shoket-BRS",LRT,5,0.190893
525328,2,2,3.3e-05,0.01302,0.000792,0.0,195812.201,662076.1858,"BBEld1, BBEld2",BRT,4,0.190388
525286,1,1,0.0,0.06437,0.000316,0.0,196009.4164,676706.8294,Hz-KS2,BRT,4,0.189953
36606,2,2,0.000114,0.00829,0.000856,0.0,193930.9439,713783.9242,"brt061, brt062",BRT,4,0.18995
31504,2,2,0.000754,0.065565,0.000977,4.6e-05,199678.955,746264.879,"s0110a, s0120a",Funicular,2,0.189234
467805,1,2,0.0,0.013939,0.000423,0.0,188150.013,573317.5185,"4.3_Ofakim-TelSheva, 4.3_TelSheva-Ofakim",LRT,5,0.188902
525336,2,2,3.3e-05,0.011608,0.000792,0.0,191662.8229,664318.6503,"BBEld1, BBEld2",BRT,4,0.18837
525329,2,2,4e-05,0.014055,0.000756,0.0,195371.1299,662150.4079,"BBEld1, BBEld2",BRT,4,0.188351
525331,2,2,4.8e-05,0.016018,0.000726,0.0,194618.0878,662853.2443,"BBEld1, BBEld2",BRT,4,0.188186
525333,2,2,4.8e-05,0.015942,0.000726,0.0,193910.9119,663286.3733,"BBEld1, BBEld2",BRT,4,0.188076
525332,2,2,4.9e-05,0.016221,0.000721,0.0,194506.871,663269.4867,"BBEld1, BBEld2",BRT,4,0.188012
525330,2,2,4.5e-05,0.015214,0.000734,0.0,194783.0884,662267.3749,"BBEld1, BBEld2",BRT,4,0.187827
525334,2,2,4.5e-05,0.015078,0.000734,0.0,193500.3275,663807.2727,"BBEld1, BBEld2",BRT,4,0.187632
400684,2,2,7.8e-05,0.006133,0.000863,0.0,203726.654,702041.605,"brt051, brt052",BRT,4,0.187519
500233,2,2,3e-06,0.034115,0.000453,0.0,180582.835,611191.8454,"BRT_Blue_E, BRT_Pink_W",BRT,4,0.187365
525335,2,2,4e-05,0.012951,0.000756,0.0,192324.355,664071.7761,"BBEld1, BBEld2",BRT,4,0.186772
467893,1,2,0.0,0.008026,0.000447,0.0,162469.9066,580835.7216,"4.3_Ofakim-TelSheva, 4.3_TelSheva-Ofakim",LRT,5,0.182824
36588,2,2,0.000329,0.011152,0.000737,0.0,196474.4904,709612.1373,"brt061, brt062",BRT,4,0.182682
525326,2,2,1.3e-05,0.011066,0.00074,0.0,196544.1025,662236.2896,"BBEld1, BBEld2",BRT,4,0.18245
195251,1,1,0.0,0.058295,0.000316,0.0,199658.2163,668084.5561,BRT-1,BRT,4,0.181308
467758,1,2,0.0,0.010664,0.000391,0.0,176722.654,589539.4152,"4.4_Bee'rSheva-Rahat_Main, 4.4_Rahat-Bee'rSheva_Main",LRT,5,0.181184
525592,1,1,0.0,0.058701,0.000309,0.0,198394.4599,669342.8554,RH-RG1,BRT,4,0.181154
36504,2,2,0.000114,0.006476,0.000792,0.0,204558.1991,702822.2985,"brt051, brt052",BRT,4,0.181061
500188,2,1,0.001549,0.046528,0.000316,0.0,157240.5857,616525.8344,BRT_Pink_E,BRT,4,0.180808
467759,1,2,0.0,0.010237,0.000391,0.0,176515.1151,590464.1271,"4.5_Bee'rSheva-Rahat, 4.5_Rahat-Bee'rSheva",LRT,5,0.180573
525597,1,1,0.0,0.057935,0.000309,0.0,198460.8201,665854.6657,RH-RG2,BRT,4,0.180059
525338,2,2,1.3e-05,0.009375,0.00074,0.0,191539.4518,665228.4806,"BBEld1, BBEld2",BRT,4,0.180034
36580,2,2,0.000347,0.011789,0.0007,0.0,197741.6821,709778.6071,"brt061, brt062",BRT,4,0.180014
36621,2,2,4e-05,0.007631,0.000762,0.0,192695.3078,713368.709,"brt061, brt062",BRT,4,0.179759
467251,2,1,0.0,0.014237,0.000302,0.0,187570.1239,577284.123,4.2_LRT_BRS-Shoket,LRT,5,0.178869
36904,3,1,0.0,0.038209,0.000287,0.0,227224.1795,752306.1612,brt021,BRT,4,0.178357
36496,2,2,0.000148,0.006753,0.000754,0.0,203866.3968,703369.8325,"brt051, brt052",BRT,4,0.177862
36575,2,2,0.000363,0.012148,0.000661,0.0,198118.405,709139.4126,"brt061, brt062",BRT,4,0.176775
467873,1,2,0.0,0.004614,0.000434,0.0,220154.2697,573852.4078,"4.1_Arad-BS, 4.1_BS-Arad",LRT,5,0.176692
30025,2,2,0.000309,0.010015,0.000689,0.0,203424.7927,708721.681,"brt051, brt052",BRT,4,0.176338
36287,2,2,0.000329,0.010991,0.000674,0.0,201321.1724,708662.6695,"brt051, brt052",BRT,4,0.176286
380050,2,2,0.000263,0.008899,0.000705,0.0,204733.5995,707010.1075,"brt051, brt052",BRT,4,0.17623
30034,3,1,0.0,0.036942,0.000282,0.0,228178.429,751968.3741,brt022,BRT,4,0.176041
36495,2,2,0.000179,0.007031,0.000731,0.0,203235.4787,703967.7906,"brt051, brt052",BRT,4,0.176007
36482,2,2,0.000287,0.009104,0.000698,0.0,205092.6186,707359.6226,"brt051, brt052",BRT,4,0.175876
511231,1,1,0.0,0.0558,0.000296,0.0,184976.7067,686402.4875,LRT141,BRT,4,0.175806
36493,2,2,0.000209,0.007335,0.000719,0.0,202726.7599,704747.5873,"brt051, brt052",BRT,4,0.175346
400169,2,2,0.000237,0.007867,0.00071,0.0,202165.8746,706208.1705,"brt051, brt052",BRT,4,0.175266
36285,2,2,0.000347,0.011837,0.000648,0.0,199730.597,708021.0046,"brt051, brt052",BRT,4,0.17498
400681,2,2,4e-05,0.005783,0.00074,0.0,202496.3082,702056.5246,"brt051, brt052",BRT,4,0.174914
36959,2,1,0.0,0.029007,0.000526,0.0,229873.859,758718.921,brt021,BRT,4,0.174239
36389,1,1,0.0,0.051922,0.000326,0.0,197852.7584,741637.9573,m0710a,BRT,4,0.173099
36563,2,2,0.000377,0.012773,0.000607,0.0,197318.8228,708031.7667,"brt061, brt062",BRT,4,0.172392
36283,2,2,0.000363,0.012314,0.000601,0.0,199044.7167,707336.9637,"brt051, brt052",BRT,4,0.171152
11239,1,1,0.0,0.052843,0.000271,0.0,206496.2594,739766.1712,m0520a,BRT,4,0.169098
42202,1,1,0.0,0.040056,0.000454,0.0,208680.5829,761531.8631,m0820a,BRT,4,0.168639
31505,2,2,0.000378,0.062482,0.000805,7e-06,199496.002,745901.521,"s0110a, s0120a",Funicular,2,0.167497
500086,1,1,0.0,0.047844,0.000316,0.0,157974.6614,620694.7745,BRT_Blue_W,BRT,4,0.166336
390202,3,1,3.5e-05,0.008714,0.000501,0.0,194753.2738,713706.2933,brt062,BRT,4,0.157077
36927,1,2,0.0,0.029594,0.000316,0.0,235305.6932,751819.168,"brt011, brt021",BRT,4,0.153298
36596,2,1,5e-06,0.008703,0.000502,0.0,194739.2174,713725.0736,brt062,BRT,4,0.142855
36253,3,1,0.0,0.011186,0.000306,0.0,193344.5027,704993.6354,brt062,BRT,4,0.1416
36963,1,1,0.0,0.028255,0.000334,0.0,230814.7262,759025.368,brt022,BRT,4,0.140117
390287,2,1,0.0,0.009398,0.000448,0.0,195900.808,713102.153,brt062,BRT,4,0.138562
36985,1,1,0.0,0.026832,0.000316,0.0,227952.7018,725246.4542,brt041,BRT,4,0.136278
31501,3,1,0.000379,0.070353,0.000334,0.000875,200352.829,747022.63,s0110a,Funicular,2,0.13447
36847,1,1,0.0,0.024807,0.000316,0.0,219965.5144,728247.1296,brt031,BRT,4,0.133415
32006,1,1,0.0,0.056314,0.000334,0.0,201925.831,740966.506,c002,Cable Line,3,0.132566
36264,2,1,0.0,0.012087,0.000311,0.0,194402.5564,705548.1811,brt062,BRT,4,0.129044
36239,2,1,0.0,0.010126,0.000317,0.0,192204.5492,704950.5168,brt062,BRT,4,0.126799
400343,1,2,0.0,0.009047,0.00034,0.0,190827.895,704944.479,"brt051, brt062",BRT,4,0.126253
525325,1,1,0.0,0.009938,0.000316,0.0,196977.7299,662284.733,BBEld2,BRT,4,0.112173
525339,1,1,0.0,0.008402,0.000316,0.0,191151.9169,665583.5253,BBEld1,BRT,4,0.109978
36629,1,1,0.0,0.007261,0.000322,0.0,192805.3872,712584.9432,brt061,BRT,4,0.108952
400644,1,1,0.0,0.005351,0.000316,0.0,200854.3122,702268.6767,brt052,BRT,4,0.105609
31506,1,1,0.0,0.059868,0.000334,1e-06,199217.59,745649.141,s0120a,Funicular,2,0.090027
