тоегд1,node,LINE_ID,X,Y,geometry
0,150274,BRT1-2,179974.8108,652760.5982,POINT (179974.81078870702 652760.5982261581)
1,150620,BRT1-1,180311.7489,652543.0021,POINT (180311.74892856105 652543.002076203)
2,150620,BRT1-2,180311.7489,652543.0021,POINT (180311.74892856105 652543.002076203)
3,161460,RH-GY1,183071.7437,642362.9374,POINT (183071.743723271 642362.937445159)
4,170132,BRT1-1,188865.3434,652849.673,POINT (188865.343434065 652849.6730260181)
5,190170,BRT-2,189766.9396,666969.587,POINT (189766.939602372 666969.5870440588)
6,195251,BRT-1,199658.2163,668084.5561,POINT (199658.216266296 668084.556149933)
7,230777,RG-RH1,189700.5987,667054.8364,POINT (189700.598722075 667054.8364385611)
8,230777,RG-RH2,189700.5987,667054.8364,POINT (189700.598722075 667054.8364385611)
9,230777,RH-RG1,189700.5987,667054.8364,POINT (189700.598722075 667054.8364385611)
10,230777,RH-RG2,189700.5987,667054.8364,POINT (189700.598722075 667054.8364385611)
11,260147,RH-GY2,171540.5928,631912.6709,POINT (171540.59282966706 631912.6708573431)
12,265017,RH-GY2,171039.4211,632096.7653,POINT (171039.42105211096 632096.7652712)
13,503064,ART2-2,174878.8513,656109.9786,POINT (174878.85134891202 656109.9785696669)
14,511001,Red-S,189471.314,666887.999,POINT (189471.314 666887.999)
15,511002,Red-N,189158.707,666825.164,POINT (189158.707 666825.164)
16,511002,Red-S,189158.707,666825.164,POINT (189158.707 666825.164)
17,511003,Red-N,188744.721,666668.166,POINT (188744.721 666668.1660000001)
18,511003,Red-S,188744.721,666668.166,POINT (188744.721 666668.1660000001)
19,511004,Red-N,188048.661,666473.113,POINT (188048.661 666473.113)
20,511004,Red-S,188048.661,666473.113,POINT (188048.661 666473.113)
21,511005,Red-N,187573.701,666547.164,POINT (187573.701 666547.164)
22,511005,Red-S,187573.701,666547.164,POINT (187573.701 666547.164)
23,511006,Red-N,186613.694,666658.156,POINT (186613.694 666658.1560000001)
24,511006,Red-S,186613.694,666658.156,POINT (186613.694 666658.1560000001)
25,511007,Red-N,186380.707,666685.164,POINT (186380.707 666685.163999999)
26,511007,Red-S,186380.707,666685.164,POINT (186380.707 666685.163999999)
27,511008,Red-N,184970.063,666692.183,POINT (184970.063 666692.1829999988)
28,511008,Red-S,184970.063,666692.183,POINT (184970.063 666692.1829999988)
29,511008,Red2-N,184970.063,666692.183,POINT (184970.063 666692.1829999988)
30,511008,Red2-S,184970.063,666692.183,POINT (184970.063 666692.1829999988)
31,511008,Shut-N,184970.063,666692.183,POINT (184970.063 666692.1829999988)
32,511008,Shut-S,184970.063,666692.183,POINT (184970.063 666692.1829999988)
33,511009,Red-N,183523.0489,666448.6737,POINT (183523.048883495 666448.6737434679)
34,511009,Red-S,183523.0489,666448.6737,POINT (183523.048883495 666448.6737434679)
35,511009,Red2-N,183523.0489,666448.6737,POINT (183523.048883495 666448.6737434679)
36,511009,Red2-S,183523.0489,666448.6737,POINT (183523.048883495 666448.6737434679)
37,511009,Shut-N,183523.0489,666448.6737,POINT (183523.048883495 666448.6737434679)
38,511009,Shut-S,183523.0489,666448.6737,POINT (183523.048883495 666448.6737434679)
39,511010,Red-N,182285.706,665861.174,POINT (182285.706 665861.1739999988)
40,511010,Red-S,182285.706,665861.174,POINT (182285.706 665861.1739999988)
41,511010,Red2-N,182285.706,665861.174,POINT (182285.706 665861.1739999988)
42,511010,Red2-S,182285.706,665861.174,POINT (182285.706 665861.1739999988)
43,511010,Shut-N,182285.706,665861.174,POINT (182285.706 665861.1739999988)
44,511010,Shut-S,182285.706,665861.174,POINT (182285.706 665861.1739999988)
45,511011,Red-N,181469.726,665603.5416,POINT (181469.72598957104 665603.5415673262)
46,511011,Red-S,181469.726,665603.5416,POINT (181469.72598957104 665603.5415673262)
47,511011,Red2-N,181469.726,665603.5416,POINT (181469.72598957104 665603.5415673262)
48,511011,Red2-S,181469.726,665603.5416,POINT (181469.72598957104 665603.5415673262)
49,511011,Shut-N,181469.726,665603.5416,POINT (181469.72598957104 665603.5415673262)
50,511011,Shut-S,181469.726,665603.5416,POINT (181469.72598957104 665603.5415673262)
51,511012,Red-N,181114.701,665511.168,POINT (181114.701 665511.1680000001)
52,511012,Red-S,181114.701,665511.168,POINT (181114.701 665511.1680000001)
53,511012,Red2-N,181114.701,665511.168,POINT (181114.701 665511.1680000001)
54,511012,Red2-S,181114.701,665511.168,POINT (181114.701 665511.1680000001)
55,511012,Shut-N,181114.701,665511.168,POINT (181114.701 665511.1680000001)
56,511012,Shut-S,181114.701,665511.168,POINT (181114.701 665511.1680000001)
57,511013,Red-N,180528.702,664934.157,POINT (180528.702 664934.157)
58,511013,Red-S,180528.702,664934.157,POINT (180528.702 664934.157)
59,511013,Red2-N,180528.702,664934.157,POINT (180528.702 664934.157)
60,511013,Red2-S,180528.702,664934.157,POINT (180528.702 664934.157)
61,511013,Shut-N,180528.702,664934.157,POINT (180528.702 664934.157)
62,511013,Shut-S,180528.702,664934.157,POINT (180528.702 664934.157)
63,511014,Red-N,180270.096,664258.956,POINT (180270.096 664258.9560000001)
64,511014,Red-S,180270.096,664258.956,POINT (180270.096 664258.9560000001)
65,511014,Red2-N,180270.096,664258.956,POINT (180270.096 664258.9560000001)
66,511014,Red2-S,180270.096,664258.956,POINT (180270.096 664258.9560000001)
67,511014,Shut-N,180270.096,664258.956,POINT (180270.096 664258.9560000001)
68,511014,Shut-S,180270.096,664258.956,POINT (180270.096 664258.9560000001)
69,511015,Red-N,179798.646,663787.322,POINT (179798.646 663787.322)
70,511015,Red-S,179798.646,663787.322,POINT (179798.646 663787.322)
71,511015,Red2-N,179798.646,663787.322,POINT (179798.646 663787.322)
72,511015,Red2-S,179798.646,663787.322,POINT (179798.646 663787.322)
73,511015,Shut-N,179798.646,663787.322,POINT (179798.646 663787.322)
74,511015,Shut-S,179798.646,663787.322,POINT (179798.646 663787.322)
75,511016,Red-N,178897.706,663326.155,POINT (178897.706 663326.155)
76,511016,Red-S,178897.706,663326.155,POINT (178897.706 663326.155)
77,511016,Red2-N,178897.706,663326.155,POINT (178897.706 663326.155)
78,511016,Red2-S,178897.706,663326.155,POINT (178897.706 663326.155)
79,511016,Shut-N,178897.706,663326.155,POINT (178897.706 663326.155)
80,511016,Shut-S,178897.706,663326.155,POINT (178897.706 663326.155)
81,511017,Red-N,177902.711,662910.17,POINT (177902.711 662910.170000001)
82,511017,Red-S,177902.711,662910.17,POINT (177902.711 662910.170000001)
83,511017,Red2-N,177902.711,662910.17,POINT (177902.711 662910.170000001)
84,511017,Red2-S,177902.711,662910.17,POINT (177902.711 662910.170000001)
85,511017,Shut-N,177902.711,662910.17,POINT (177902.711 662910.170000001)
86,511018,Red-N,177524.712,662650.161,POINT (177524.71200000003 662650.1610000011)
87,511018,Red-S,177524.712,662650.161,POINT (177524.71200000003 662650.1610000011)
88,511018,Red2-N,177524.712,662650.161,POINT (177524.71200000003 662650.1610000011)
89,511018,Red2-S,177524.712,662650.161,POINT (177524.71200000003 662650.1610000011)
90,511019,Red-N,177465.707,662072.158,POINT (177465.70700000002 662072.158)
91,511019,Red-S,177465.707,662072.158,POINT (177465.70700000002 662072.158)
92,511019,Red2-N,177465.707,662072.158,POINT (177465.70700000002 662072.158)
93,511019,Red2-S,177465.707,662072.158,POINT (177465.70700000002 662072.158)
94,511020,Red-N,177367.707,661481.154,POINT (177367.70700000002 661481.1539999989)
95,511020,Red-S,177367.707,661481.154,POINT (177367.70700000002 661481.1539999989)
96,511020,Red2-N,177367.707,661481.154,POINT (177367.70700000002 661481.1539999989)
97,511020,Red2-S,177367.707,661481.154,POINT (177367.70700000002 661481.1539999989)
98,511021,Red-N,177247.704,661051.162,POINT (177247.703999999 661051.162)
99,511021,Red-S,177247.704,661051.162,POINT (177247.703999999 661051.162)
100,511021,Red2-N,177247.704,661051.162,POINT (177247.703999999 661051.162)
101,511021,Red2-S,177247.704,661051.162,POINT (177247.703999999 661051.162)
102,511022,Red-N,177129.7,660677.169,POINT (177129.7 660677.169)
103,511022,Red-S,177129.7,660677.169,POINT (177129.7 660677.169)
104,511022,Red2-N,177129.7,660677.169,POINT (177129.7 660677.169)
105,511022,Red2-S,177129.7,660677.169,POINT (177129.7 660677.169)
106,511023,Red-N,176766.701,660220.168,POINT (176766.701 660220.1680000001)
107,511023,Red-S,176766.701,660220.168,POINT (176766.701 660220.1680000001)
108,511023,Red2-N,176766.701,660220.168,POINT (176766.701 660220.1680000001)
109,511023,Red2-S,176766.701,660220.168,POINT (176766.701 660220.1680000001)
110,511024,Red-N,176537.705,659623.168,POINT (176537.70500000002 659623.1680000001)
111,511024,Red-S,176537.705,659623.168,POINT (176537.70500000002 659623.1680000001)
112,511024,Red2-N,176537.705,659623.168,POINT (176537.70500000002 659623.1680000001)
113,511024,Red2-S,176537.705,659623.168,POINT (176537.70500000002 659623.1680000001)
114,511025,Red-N,175939.706,659408.156,POINT (175939.706 659408.1560000001)
115,511025,Red-S,175939.706,659408.156,POINT (175939.706 659408.1560000001)
116,511025,Red2-N,175939.706,659408.156,POINT (175939.706 659408.1560000001)
117,511025,Red2-S,175939.706,659408.156,POINT (175939.706 659408.1560000001)
118,511026,Red-N,175953.713,658809.157,POINT (175953.71300000002 658809.157)
119,511026,Red-S,175953.713,658809.157,POINT (175953.71300000002 658809.157)
120,511026,Red2-N,175953.713,658809.157,POINT (175953.71300000002 658809.157)
121,511026,Red2-S,175953.713,658809.157,POINT (175953.71300000002 658809.157)
122,511027,Red-N,176148.8008,658356.3537,POINT (176148.800817789 658356.3536636871)
123,511027,Red-S,176148.8008,658356.3537,POINT (176148.800817789 658356.3536636871)
124,511027,Red2-N,176148.8008,658356.3537,POINT (176148.800817789 658356.3536636871)
125,511027,Red2-S,176148.8008,658356.3537,POINT (176148.800817789 658356.3536636871)
126,511028,Red-N,176504.7264,658262.5066,POINT (176504.72637096804 658262.5066045232)
127,511028,Red-S,176504.7264,658262.5066,POINT (176504.72637096804 658262.5066045232)
128,511028,Red2-N,176504.7264,658262.5066,POINT (176504.72637096804 658262.5066045232)
129,511028,Red2-S,176504.7264,658262.5066,POINT (176504.72637096804 658262.5066045232)
130,511029,Red-N,176802.9861,658156.1224,POINT (176802.98611767995 658156.1224397769)
131,511029,Red-S,176802.9861,658156.1224,POINT (176802.98611767995 658156.1224397769)
132,511029,Red2-N,176802.9861,658156.1224,POINT (176802.98611767995 658156.1224397769)
133,511029,Red2-S,176802.9861,658156.1224,POINT (176802.98611767995 658156.1224397769)
134,511030,Red-N,176759.3956,657682.5679,POINT (176759.395551031 657682.56789265)
135,511030,Red-S,176759.3956,657682.5679,POINT (176759.395551031 657682.56789265)
136,511030,Red2-N,176759.3956,657682.5679,POINT (176759.395551031 657682.56789265)
137,511030,Red2-S,176759.3956,657682.5679,POINT (176759.395551031 657682.56789265)
138,511031,Red-N,176465.5056,657032.3969,POINT (176465.50561294198 657032.3968758421)
139,511031,Red-S,176465.5056,657032.3969,POINT (176465.50561294198 657032.3968758421)
140,511031,Red2-N,176465.5056,657032.3969,POINT (176465.50561294198 657032.3968758421)
141,511031,Red2-S,176465.5056,657032.3969,POINT (176465.50561294198 657032.3968758421)
142,511032,Red-N,176273.6836,656676.5949,POINT (176273.683554997 656676.594905208)
143,511032,Red-S,176273.6836,656676.5949,POINT (176273.683554997 656676.594905208)
144,511032,Red2-N,176273.6836,656676.5949,POINT (176273.683554997 656676.594905208)
145,511032,Red2-S,176273.6836,656676.5949,POINT (176273.683554997 656676.594905208)
146,511033,Red-N,176009.6665,656232.4482,POINT (176009.666528651 656232.448215382)
147,511033,Red-S,176009.6665,656232.4482,POINT (176009.666528651 656232.448215382)
148,511033,Red2-N,176009.6665,656232.4482,POINT (176009.666528651 656232.448215382)
149,511033,Red2-S,176009.6665,656232.4482,POINT (176009.666528651 656232.448215382)
150,511034,Red-N,175854.3455,655791.7548,POINT (175854.34554358502 655791.75482286)
151,511034,Red-S,175854.3455,655791.7548,POINT (175854.34554358502 655791.75482286)
152,511034,Red2-N,175854.3455,655791.7548,POINT (175854.34554358502 655791.75482286)
153,511034,Red2-S,175854.3455,655791.7548,POINT (175854.34554358502 655791.75482286)
154,511035,L1-S,181498.3442,646303.6858,POINT (181498.344176863 646303.685788126)
155,511036,Red-N,176632.4499,655373.968,POINT (176632.44994870902 655373.9680091331)
156,511036,Red-S,176632.4499,655373.968,POINT (176632.44994870902 655373.9680091331)
157,511036,Red2-N,176632.4499,655373.968,POINT (176632.44994870902 655373.9680091331)
158,511036,Red2-S,176632.4499,655373.968,POINT (176632.44994870902 655373.9680091331)
159,511037,Red-N,177182.782,655287.0318,POINT (177182.78200202898 655287.031762279)
160,511037,Red2-N,177182.782,655287.0318,POINT (177182.78200202898 655287.031762279)
161,511038,Red2-S,187197.1079,668208.1821,POINT (187197.107922144 668208.182056256)
162,511038,Shut-S,187197.1079,668208.1821,POINT (187197.107922144 668208.182056256)
163,511039,Red2-N,185771.8767,667548.3312,POINT (185771.87672523 667548.3311840452)
164,511039,Red2-S,185771.8767,667548.3312,POINT (185771.87672523 667548.3311840452)
165,511039,Shut-N,185771.8767,667548.3312,POINT (185771.87672523 667548.3311840452)
166,511039,Shut-S,185771.8767,667548.3312,POINT (185771.87672523 667548.3311840452)
167,511040,L1-N,180375.2796,644543.9857,POINT (180375.279647199 644543.985715307)
168,511040,L1-S,180375.2796,644543.9857,POINT (180375.279647199 644543.985715307)
169,511043,L1-N,172965.1603,639846.435,POINT (172965.16029793 639846.435015717)
170,511043,L1-S,172965.1603,639846.435,POINT (172965.16029793 639846.435015717)
171,511043,L2-N,172965.1603,639846.435,POINT (172965.16029793 639846.435015717)
172,511043,L2-S,172965.1603,639846.435,POINT (172965.16029793 639846.435015717)
173,511044,L1-N,170242.3765,639913.5946,POINT (170242.37646713597 639913.5945697909)
174,511044,L1-S,170242.3765,639913.5946,POINT (170242.37646713597 639913.5945697909)
175,511044,L2-N,170242.3765,639913.5946,POINT (170242.37646713597 639913.5945697909)
176,511044,L2-S,170242.3765,639913.5946,POINT (170242.37646713597 639913.5945697909)
177,511045,L1-N,170221.4927,637917.2766,POINT (170221.492719922 637917.2765597638)
178,511045,L1-S,170221.4927,637917.2766,POINT (170221.492719922 637917.2765597638)
179,511045,L2-N,170221.4927,637917.2766,POINT (170221.492719922 637917.2765597638)
180,511045,L2-S,170221.4927,637917.2766,POINT (170221.492719922 637917.2765597638)
181,511046,L1-N,168996.4743,637419.2035,POINT (168996.47432649598 637419.203516195)
182,511046,L1-S,168996.4743,637419.2035,POINT (168996.47432649598 637419.203516195)
183,511046,L2-N,168996.4743,637419.2035,POINT (168996.47432649598 637419.203516195)
184,511046,L2-S,168996.4743,637419.2035,POINT (168996.47432649598 637419.203516195)
185,511047,L1-N,167943.1245,637214.2168,POINT (167943.12453430798 637214.2167542011)
186,511047,L1-S,167943.1245,637214.2168,POINT (167943.12453430798 637214.2167542011)
187,511047,L2-N,167943.1245,637214.2168,POINT (167943.12453430798 637214.2167542011)
188,511047,L2-S,167943.1245,637214.2168,POINT (167943.12453430798 637214.2167542011)
189,511048,L1-N,166106.8119,633143.9628,POINT (166106.81191206997 633143.962771839)
190,511048,L1-S,166106.8119,633143.9628,POINT (166106.81191206997 633143.962771839)
191,511048,L2-N,166106.8119,633143.9628,POINT (166106.81191206997 633143.962771839)
192,511048,L2-S,166106.8119,633143.9628,POINT (166106.81191206997 633143.962771839)
193,511049,L1-N,168251.6029,631890.6357,POINT (168251.60287969402 631890.635712543)
194,511049,L1-S,168251.6029,631890.6357,POINT (168251.60287969402 631890.635712543)
195,511050,L1-N,168455.8502,631513.7929,POINT (168455.85015031 631513.7928754669)
196,511051,L2-N,176186.2229,641890.5415,POINT (176186.22287081205 641890.5414848162)
197,511051,L2-S,176186.2229,641890.5415,POINT (176186.22287081205 641890.5414848162)
198,511051,LRT-L1,176186.2229,641890.5415,POINT (176186.22287081205 641890.5414848162)
199,511051,LRT-L2,176186.2229,641890.5415,POINT (176186.22287081205 641890.5414848162)
200,511053,L2-N,175034.6407,644058.951,POINT (175034.64070685703 644058.951018075)
201,511053,L2-S,175034.6407,644058.951,POINT (175034.64070685703 644058.951018075)
202,511054,L2-S,174625.3417,644157.0414,POINT (174625.34173600498 644157.0414321291)
203,511055,L2-N,175737.7894,640972.9208,POINT (175737.78942424897 640972.9208315611)
204,511055,L2-S,175737.7894,640972.9208,POINT (175737.78942424897 640972.9208315611)
205,511056,L2-N,165201.3723,631729.1967,POINT (165201.372314578 631729.1966842951)
206,511056,L2-S,165201.3723,631729.1967,POINT (165201.372314578 631729.1966842951)
207,511058,L2-N,167236.2224,631955.7329,POINT (167236.222431336 631955.7328740619)
208,511058,L2-S,167236.2224,631955.7329,POINT (167236.222431336 631955.7328740619)
209,511059,L2-N,168373.26,631417.6946,POINT (168373.26004190304 631417.694644238)
210,511066,L1-N,180570.9645,645901.7356,POINT (180570.964470706 645901.7355672669)
211,511066,L1-S,180570.9645,645901.7356,POINT (180570.964470706 645901.7355672669)
212,511067,L1-N,177129.9617,642177.6508,POINT (177129.961699267 642177.650780882)
213,511067,L1-S,177129.9617,642177.6508,POINT (177129.961699267 642177.650780882)
214,511068,L1-N,179291.6713,644123.2962,POINT (179291.67133375202 644123.296214725)
215,511068,L1-S,179291.6713,644123.2962,POINT (179291.67133375202 644123.296214725)
216,511069,L1-N,166812.613,634610.1862,POINT (166812.61300346302 634610.1861582969)
217,511069,L1-S,166812.613,634610.1862,POINT (166812.61300346302 634610.1861582969)
218,511069,L2-N,166812.613,634610.1862,POINT (166812.61300346302 634610.1861582969)
219,511069,L2-S,166812.613,634610.1862,POINT (166812.61300346302 634610.1861582969)
220,511070,L1-N,167374.704,635701.2971,POINT (167374.70395888205 635701.2971291959)
221,511070,L1-S,167374.704,635701.2971,POINT (167374.70395888205 635701.2971291959)
222,511070,L2-N,167374.704,635701.2971,POINT (167374.70395888205 635701.2971291959)
223,511070,L2-S,167374.704,635701.2971,POINT (167374.70395888205 635701.2971291959)
224,511071,L1-N,167123.2436,632559.0114,POINT (167123.24355076003 632559.0114012001)
225,511071,L1-S,167123.2436,632559.0114,POINT (167123.24355076003 632559.0114012001)
226,511072,L1-N,180385.4603,645492.6684,POINT (180385.46028637097 645492.668399631)
227,511072,L1-S,180385.4603,645492.6684,POINT (180385.46028637097 645492.668399631)
228,511073,L1-N,180376.6475,645002.9486,POINT (180376.647531949 645002.9485534391)
229,511073,L1-S,180376.6475,645002.9486,POINT (180376.647531949 645002.9485534391)
230,511074,L1-N,179768.7488,644310.2054,POINT (179768.74875770602 644310.205426255)
231,511074,L1-S,179768.7488,644310.2054,POINT (179768.74875770602 644310.205426255)
232,511075,L1-N,178979.508,643841.9733,POINT (178979.508018253 643841.973255354)
233,511075,L1-S,178979.508,643841.9733,POINT (178979.508018253 643841.973255354)
234,511076,L1-N,175123.2638,639831.98,POINT (175123.26378998204 639831.9799597788)
235,511076,L1-S,175123.2638,639831.98,POINT (175123.26378998204 639831.9799597788)
236,511076,L2-N,175123.2638,639831.98,POINT (175123.26378998204 639831.9799597788)
237,511076,L2-S,175123.2638,639831.98,POINT (175123.26378998204 639831.9799597788)
238,511077,L1-N,174120.9508,639466.8967,POINT (174120.95084638998 639466.89667991)
239,511077,L1-S,174120.9508,639466.8967,POINT (174120.95084638998 639466.89667991)
240,511077,L2-N,174120.9508,639466.8967,POINT (174120.95084638998 639466.89667991)
241,511077,L2-S,174120.9508,639466.8967,POINT (174120.95084638998 639466.89667991)
242,511078,L1-N,173433.1145,639934.3115,POINT (173433.11446514097 639934.3114978591)
243,511078,L1-S,173433.1145,639934.3115,POINT (173433.11446514097 639934.3114978591)
244,511078,L2-N,173433.1145,639934.3115,POINT (173433.11446514097 639934.3114978591)
245,511078,L2-S,173433.1145,639934.3115,POINT (173433.11446514097 639934.3114978591)
246,511079,L1-N,172401.6213,639860.3351,POINT (172401.62134016005 639860.335136865)
247,511079,L1-S,172401.6213,639860.3351,POINT (172401.62134016005 639860.335136865)
248,511079,L2-N,172401.6213,639860.3351,POINT (172401.62134016005 639860.335136865)
249,511079,L2-S,172401.6213,639860.3351,POINT (172401.62134016005 639860.335136865)
250,511080,L1-N,171942.715,639871.6544,POINT (171942.71502913104 639871.6544134311)
251,511080,L1-S,171942.715,639871.6544,POINT (171942.71502913104 639871.6544134311)
252,511080,L2-N,171942.715,639871.6544,POINT (171942.71502913104 639871.6544134311)
253,511080,L2-S,171942.715,639871.6544,POINT (171942.71502913104 639871.6544134311)
254,511081,L1-N,171380.1295,639885.531,POINT (171380.12945785798 639885.5310185689)
255,511081,L1-S,171380.1295,639885.531,POINT (171380.12945785798 639885.5310185689)
256,511081,L2-N,171380.1295,639885.531,POINT (171380.12945785798 639885.5310185689)
257,511081,L2-S,171380.1295,639885.531,POINT (171380.12945785798 639885.5310185689)
258,511082,L1-N,170230.4202,638770.6716,POINT (170230.42019829596 638770.6715792968)
259,511082,L1-S,170230.4202,638770.6716,POINT (170230.42019829596 638770.6715792968)
260,511082,L2-N,170230.4202,638770.6716,POINT (170230.42019829596 638770.6715792968)
261,511082,L2-S,170230.4202,638770.6716,POINT (170230.42019829596 638770.6715792968)
262,511083,L1-N,169830.5264,637921.9408,POINT (169830.526350322 637921.9408063531)
263,511083,L1-S,169830.5264,637921.9408,POINT (169830.526350322 637921.9408063531)
264,511083,L2-N,169830.5264,637921.9408,POINT (169830.526350322 637921.9408063531)
265,511083,L2-S,169830.5264,637921.9408,POINT (169830.526350322 637921.9408063531)
266,511084,L1-N,169173.0703,637911.0024,POINT (169173.07026891803 637911.002400347)
267,511084,L1-S,169173.0703,637911.0024,POINT (169173.07026891803 637911.002400347)
268,511084,L2-N,169173.0703,637911.0024,POINT (169173.07026891803 637911.002400347)
269,511084,L2-S,169173.0703,637911.0024,POINT (169173.07026891803 637911.002400347)
270,511085,L1-N,168302.6723,637426.8203,POINT (168302.67230178605 637426.8203308481)
271,511085,L1-S,168302.6723,637426.8203,POINT (168302.67230178605 637426.8203308481)
272,511085,L2-N,168302.6723,637426.8203,POINT (168302.67230178605 637426.8203308481)
273,511085,L2-S,168302.6723,637426.8203,POINT (168302.67230178605 637426.8203308481)
274,511086,L1-N,167973.8066,636729.3125,POINT (167973.806585187 636729.3125192799)
275,511086,L1-S,167973.8066,636729.3125,POINT (167973.806585187 636729.3125192799)
276,511086,L2-N,167973.8066,636729.3125,POINT (167973.806585187 636729.3125192799)
277,511086,L2-S,167973.8066,636729.3125,POINT (167973.806585187 636729.3125192799)
278,511087,L1-N,167772.8988,636295.5702,POINT (167772.89876329197 636295.5701997738)
279,511087,L1-S,167772.8988,636295.5702,POINT (167772.89876329197 636295.5701997738)
280,511087,L2-N,167772.8988,636295.5702,POINT (167772.89876329197 636295.5701997738)
281,511087,L2-S,167772.8988,636295.5702,POINT (167772.89876329197 636295.5701997738)
282,511088,L1-N,167489.6303,635868.6426,POINT (167489.63025865704 635868.642552639)
283,511088,L1-S,167489.6303,635868.6426,POINT (167489.63025865704 635868.642552639)
284,511088,L2-N,167489.6303,635868.6426,POINT (167489.63025865704 635868.642552639)
285,511088,L2-S,167489.6303,635868.6426,POINT (167489.63025865704 635868.642552639)
286,511089,L1-N,167210.2023,635487.8335,POINT (167210.20226752502 635487.8335173631)
287,511089,L1-S,167210.2023,635487.8335,POINT (167210.20226752502 635487.8335173631)
288,511089,L2-N,167210.2023,635487.8335,POINT (167210.20226752502 635487.8335173631)
289,511089,L2-S,167210.2023,635487.8335,POINT (167210.20226752502 635487.8335173631)
290,511090,L1-N,167022.4291,635073.3388,POINT (167022.429091268 635073.3388437341)
291,511090,L1-S,167022.4291,635073.3388,POINT (167022.429091268 635073.3388437341)
292,511090,L2-N,167022.4291,635073.3388,POINT (167022.429091268 635073.3388437341)
293,511090,L2-S,167022.4291,635073.3388,POINT (167022.429091268 635073.3388437341)
294,511091,L1-N,166579.3327,634207.7964,POINT (166579.332742796 634207.79643545)
295,511091,L1-S,166579.3327,634207.7964,POINT (166579.332742796 634207.79643545)
296,511091,L2-N,166579.3327,634207.7964,POINT (166579.332742796 634207.79643545)
297,511091,L2-S,166579.3327,634207.7964,POINT (166579.332742796 634207.79643545)
298,511092,L1-N,166272.4105,633689.4273,POINT (166272.410506792 633689.427273024)
299,511092,L1-S,166272.4105,633689.4273,POINT (166272.410506792 633689.427273024)
300,511092,L2-N,166272.4105,633689.4273,POINT (166272.410506792 633689.427273024)
301,511092,L2-S,166272.4105,633689.4273,POINT (166272.410506792 633689.427273024)
302,511093,L1-N,166670.9978,632815.1981,POINT (166670.997752408 632815.1981121738)
303,511093,L1-S,166670.9978,632815.1981,POINT (166670.997752408 632815.1981121738)
304,511094,L1-N,167535.6171,632316.369,POINT (167535.61712602002 632316.3690278422)
305,511094,L1-S,167535.6171,632316.369,POINT (167535.61712602002 632316.3690278422)
306,511095,L2-N,174897.9672,643266.2702,POINT (174897.967183325 643266.2702347189)
307,511095,L2-S,174897.9672,643266.2702,POINT (174897.967183325 643266.2702347189)
308,511096,L2-N,175078.3705,642645.9582,POINT (175078.37050206098 642645.9581843531)
309,511096,L2-S,175078.3705,642645.9582,POINT (175078.37050206098 642645.9581843531)
310,511097,L2-N,175546.2206,642416.258,POINT (175546.220587183 642416.2580081889)
311,511097,L2-S,175546.2206,642416.258,POINT (175546.220587183 642416.2580081889)
312,511098,L2-N,175758.3289,642149.2876,POINT (175758.328859116 642149.287627717)
313,511098,L2-S,175758.3289,642149.2876,POINT (175758.328859116 642149.287627717)
314,511099,L2-N,176067.9026,641648.4249,POINT (176067.902554852 641648.424920014)
315,511099,L2-S,176067.9026,641648.4249,POINT (176067.902554852 641648.424920014)
316,511100,L2-N,175886.0834,641276.3719,POINT (175886.083369131 641276.3718511462)
317,511100,L2-S,175886.0834,641276.3719,POINT (175886.083369131 641276.3718511462)
318,511100,LRT-L1,175886.0834,641276.3719,POINT (175886.083369131 641276.3718511462)
319,511100,LRT-L2,175886.0834,641276.3719,POINT (175886.083369131 641276.3718511462)
320,511101,L2-N,165831.242,632713.3798,POINT (165831.24204358706 632713.37976469)
321,511101,L2-S,165831.242,632713.3798,POINT (165831.24204358706 632713.37976469)
322,511102,L2-N,165518.0613,632224.0291,POINT (165518.06134051603 632224.0291341189)
323,511102,L2-S,165518.0613,632224.0291,POINT (165518.06134051603 632224.0291341189)
324,511103,L2-N,165561.131,631513.1464,POINT (165561.13095246602 631513.1463679401)
325,511103,L2-S,165561.131,631513.1464,POINT (165561.13095246602 631513.1463679401)
326,511104,L2-N,165876.2707,631323.8916,POINT (165876.27072146104 631323.891574262)
327,511104,L2-S,165876.2707,631323.8916,POINT (165876.27072146104 631323.891574262)
328,511105,L2-N,166341.5336,631044.4815,POINT (166341.533647536 631044.481459312)
329,511105,L2-S,166341.5336,631044.4815,POINT (166341.533647536 631044.481459312)
330,511106,L2-N,166719.1597,631227.1167,POINT (166719.15966782896 631227.1167132)
331,511106,L2-S,166719.1597,631227.1167,POINT (166719.15966782896 631227.1167132)
332,511107,L2-N,166972.0899,631583.43,POINT (166972.089869414 631583.429993806)
333,511107,L2-S,166972.0899,631583.43,POINT (166972.089869414 631583.429993806)
334,511108,L2-N,167562.5072,631801.3372,POINT (167562.50724606705 631801.3371860881)
335,511108,L2-S,167562.5072,631801.3372,POINT (167562.50724606705 631801.3371860881)
336,511109,L2-N,168036.0183,631577.2751,POINT (168036.01834666505 631577.275051291)
337,511109,L2-S,168036.0183,631577.2751,POINT (168036.01834666505 631577.275051291)
338,511110,L1-N,175583.599,640617.0944,POINT (175583.59903525398 640617.094406068)
339,511110,L1-S,175583.599,640617.0944,POINT (175583.59903525398 640617.094406068)
340,511110,L2-N,175583.599,640617.0944,POINT (175583.59903525398 640617.094406068)
341,511110,L2-S,175583.599,640617.0944,POINT (175583.59903525398 640617.094406068)
342,511110,LRT-L2,175583.599,640617.0944,POINT (175583.59903525398 640617.094406068)
343,511117,LRT121,187775.9331,695840.3456,POINT (187775.933058073 695840.3455882081)
344,511117,LRT151,187775.9331,695840.3456,POINT (187775.933058073 695840.3455882081)
345,511118,LRT121,187298.3815,695632.3385,POINT (187298.38147203092 695632.3385170362)
346,511118,LRT122,187298.3815,695632.3385,POINT (187298.38147203092 695632.3385170362)
347,511118,LRT151,187298.3815,695632.3385,POINT (187298.38147203092 695632.3385170362)
348,511118,LRT152,187298.3815,695632.3385,POINT (187298.38147203092 695632.3385170362)
349,511119,LRT121,186832.3142,695416.5833,POINT (186832.314195811 695416.5833448749)
350,511119,LRT122,186832.3142,695416.5833,POINT (186832.314195811 695416.5833448749)
351,511119,LRT151,186832.3142,695416.5833,POINT (186832.314195811 695416.5833448749)
352,511119,LRT152,186832.3142,695416.5833,POINT (186832.314195811 695416.5833448749)
353,511120,LRT121,186577.2883,695042.878,POINT (186577.288297842 695042.878024272)
354,511120,LRT122,186577.2883,695042.878,POINT (186577.288297842 695042.878024272)
355,511120,LRT151,186577.2883,695042.878,POINT (186577.288297842 695042.878024272)
356,511120,LRT152,186577.2883,695042.878,POINT (186577.288297842 695042.878024272)
357,511121,LRT121,186444.444,694567.139,POINT (186444.444045476 694567.139038786)
358,511121,LRT122,186444.444,694567.139,POINT (186444.444045476 694567.139038786)
359,511121,LRT151,186444.444,694567.139,POINT (186444.444045476 694567.139038786)
360,511121,LRT152,186444.444,694567.139,POINT (186444.444045476 694567.139038786)
361,511122,LRT121,186762.9014,694304.4952,POINT (186762.90141539497 694304.4952386619)
362,511122,LRT122,186762.9014,694304.4952,POINT (186762.90141539497 694304.4952386619)
363,511122,LRT151,186762.9014,694304.4952,POINT (186762.90141539497 694304.4952386619)
364,511122,LRT152,186762.9014,694304.4952,POINT (186762.90141539497 694304.4952386619)
365,511123,LRT121,187088.1613,694159.7273,POINT (187088.161269881 694159.7273047669)
366,511123,LRT122,187088.1613,694159.7273,POINT (187088.161269881 694159.7273047669)
367,511123,LRT151,187088.1613,694159.7273,POINT (187088.161269881 694159.7273047669)
368,511123,LRT152,187088.1613,694159.7273,POINT (187088.161269881 694159.7273047669)
369,511124,LRT121,187026.6515,693660.3917,POINT (187026.651499082 693660.391701362)
370,511124,LRT122,187026.6515,693660.3917,POINT (187026.651499082 693660.391701362)
371,511124,LRT151,187026.6515,693660.3917,POINT (187026.651499082 693660.391701362)
372,511124,LRT152,187026.6515,693660.3917,POINT (187026.651499082 693660.391701362)
373,511125,LRT121,186980.7631,693177.9738,POINT (186980.763107374 693177.9737583569)
374,511125,LRT122,186980.7631,693177.9738,POINT (186980.763107374 693177.9737583569)
375,511125,LRT151,186980.7631,693177.9738,POINT (186980.763107374 693177.9737583569)
376,511125,LRT152,186980.7631,693177.9738,POINT (186980.763107374 693177.9737583569)
377,511126,LRT121,186920.3961,692821.9107,POINT (186920.39608788097 692821.9106676201)
378,511126,LRT122,186920.3961,692821.9107,POINT (186920.39608788097 692821.9106676201)
379,511126,LRT131,186920.3961,692821.9107,POINT (186920.39608788097 692821.9106676201)
380,511126,LRT151,186920.3961,692821.9107,POINT (186920.39608788097 692821.9106676201)
381,511126,LRT152,186920.3961,692821.9107,POINT (186920.39608788097 692821.9106676201)
382,511127,LRT131,187373.3199,692624.3669,POINT (187373.31988697295 692624.3668971392)
383,511127,LRT132,187373.3199,692624.3669,POINT (187373.31988697295 692624.3668971392)
384,511128,LRT131,187807.6012,692460.7231,POINT (187807.601224409 692460.723131728)
385,511128,LRT132,187807.6012,692460.7231,POINT (187807.601224409 692460.723131728)
386,511129,LRT131,188457.3834,692385.0077,POINT (188457.383440474 692385.007653089)
387,511129,LRT132,188457.3834,692385.0077,POINT (188457.383440474 692385.007653089)
388,511129,LRT141,188457.3834,692385.0077,POINT (188457.383440474 692385.007653089)
389,511129,LRT142,188457.3834,692385.0077,POINT (188457.383440474 692385.007653089)
390,511130,LRT131,188923.3588,692318.9651,POINT (188923.35883062 692318.9651227561)
391,511130,LRT132,188923.3588,692318.9651,POINT (188923.35883062 692318.9651227561)
392,511130,LRT141,188923.3588,692318.9651,POINT (188923.35883062 692318.9651227561)
393,511130,LRT142,188923.3588,692318.9651,POINT (188923.35883062 692318.9651227561)
394,511132,LRT141,190759.7702,692343.1419,POINT (190759.77017376805 692343.1418927432)
395,511132,LRT142,190759.7702,692343.1419,POINT (190759.77017376805 692343.1418927432)
396,511133,LRT141,193381.5963,692027.6401,POINT (193381.596273886 692027.640067734)
397,511133,LRT142,193381.5963,692027.6401,POINT (193381.596273886 692027.640067734)
398,511135,LRT141,194378.8125,691901.887,POINT (194378.812455079 691901.886971818)
399,511135,LRT142,194378.8125,691901.887,POINT (194378.812455079 691901.886971818)
400,511138,LRT141,196817.4566,691230.7654,POINT (196817.456624689 691230.7653862231)
401,511138,LRT142,196817.4566,691230.7654,POINT (196817.456624689 691230.7653862231)
402,511139,LRT141,198889.1491,691047.899,POINT (198889.149062932 691047.89901668)
403,511139,LRT142,198889.1491,691047.899,POINT (198889.149062932 691047.89901668)
404,511142,LRT141,198546.5354,687665.5096,POINT (198546.535407385 687665.509562593)
405,511142,LRT142,198546.5354,687665.5096,POINT (198546.535407385 687665.509562593)
406,511143,LRT141,199464.4605,686942.9804,POINT (199464.460531889 686942.9804128461)
407,511143,LRT142,199464.4605,686942.9804,POINT (199464.460531889 686942.9804128461)
408,511144,LRT141,200490.6641,686478.9498,POINT (200490.66406961004 686478.94978349)
409,511144,LRT142,200490.6641,686478.9498,POINT (200490.66406961004 686478.94978349)
410,511146,LRT141,200125.8678,685326.0721,POINT (200125.86776350703 685326.072133043)
411,511146,LRT142,200125.8678,685326.0721,POINT (200125.86776350703 685326.072133043)
412,511148,LRT141,199185.3725,683046.332,POINT (199185.37250546805 683046.3319970372)
413,511148,LRT142,199185.3725,683046.332,POINT (199185.37250546805 683046.3319970372)
414,511152,LRT141,195372.2991,681849.7469,POINT (195372.29910812704 681849.7468836282)
415,511152,LRT142,195372.2991,681849.7469,POINT (195372.29910812704 681849.7468836282)
416,511153,LRT141,194199.7766,680813.9975,POINT (194199.776584496 680813.9975453849)
417,511153,LRT142,194199.7766,680813.9975,POINT (194199.776584496 680813.9975453849)
418,511155,LRT141,192304.8551,678512.3099,POINT (192304.855051268 678512.309930932)
419,511155,LRT142,192304.8551,678512.3099,POINT (192304.855051268 678512.309930932)
420,511159,LRT141,191176.3308,677147.5987,POINT (191176.33076791 677147.5987128769)
421,511159,LRT142,191176.3308,677147.5987,POINT (191176.33076791 677147.5987128769)
422,511162,LRT142,190307.7888,676225.5681,POINT (190307.788767954 676225.568141161)
423,511163,LRT-L1,191277.4018,692281.1019,POINT (191277.40183489895 692281.1019290719)
424,511163,LRT141,191277.4018,692281.1019,POINT (191277.40183489895 692281.1019290719)
425,511164,LRT141,189619.3848,675535.5257,POINT (189619.384767662 675535.525704058)
426,511165,LRT-L1,189371.152,675486.8677,POINT (189371.15198757095 675486.867669734)
427,511165,LRT-L2,189371.152,675486.8677,POINT (189371.15198757095 675486.867669734)
428,511165,LRT142,189371.152,675486.8677,POINT (189371.15198757095 675486.867669734)
429,511165,LRT152,189371.152,675486.8677,POINT (189371.15198757095 675486.867669734)
430,511166,LRT-L1,189630.8478,675953.8298,POINT (189630.84779486703 675953.8297825)
431,511166,LRT-L2,189630.8478,675953.8298,POINT (189630.84779486703 675953.8297825)
432,511166,LRT151,189630.8478,675953.8298,POINT (189630.84779486703 675953.8297825)
433,511166,LRT152,189630.8478,675953.8298,POINT (189630.84779486703 675953.8297825)
434,511167,LRT151,189786.713,676843.0795,POINT (189786.713006898 676843.0794893618)
435,511167,LRT152,189786.713,676843.0795,POINT (189786.713006898 676843.0794893618)
436,511168,LRT-L1,189746.2445,677427.4451,POINT (189746.24453920705 677427.4451001639)
437,511168,LRT-L2,189746.2445,677427.4451,POINT (189746.24453920705 677427.4451001639)
438,511168,LRT151,189746.2445,677427.4451,POINT (189746.24453920705 677427.4451001639)
439,511168,LRT152,189746.2445,677427.4451,POINT (189746.24453920705 677427.4451001639)
440,511169,LRT151,189322.2617,678333.1823,POINT (189322.261724103 678333.182285773)
441,511169,LRT152,189322.2617,678333.1823,POINT (189322.261724103 678333.182285773)
442,511171,LRT-L1,190960.7134,690237.0157,POINT (190960.71341299 690237.015696914)
443,511171,LRT-L2,190960.7134,690237.0157,POINT (190960.71341299 690237.015696914)
444,511172,LRT-L1,189281.3868,678834.9526,POINT (189281.38679133097 678834.9525506361)
445,511172,LRT-L2,189281.3868,678834.9526,POINT (189281.38679133097 678834.9525506361)
446,511172,LRT151,189281.3868,678834.9526,POINT (189281.38679133097 678834.9525506361)
447,511172,LRT152,189281.3868,678834.9526,POINT (189281.38679133097 678834.9525506361)
448,511173,LRT-L1,189226.937,679681.3185,POINT (189226.936978751 679681.3185453261)
449,511173,LRT-L2,189226.937,679681.3185,POINT (189226.936978751 679681.3185453261)
450,511173,LRT151,189226.937,679681.3185,POINT (189226.936978751 679681.3185453261)
451,511173,LRT152,189226.937,679681.3185,POINT (189226.936978751 679681.3185453261)
452,511174,LRT151,189192.8671,680398.1843,POINT (189192.86707221 680398.1843020439)
453,511174,LRT152,189192.8671,680398.1843,POINT (189192.86707221 680398.1843020439)
454,511175,LRT151,189342.8338,682294.7463,POINT (189342.833760333 682294.746259376)
455,511175,LRT152,189342.8338,682294.7463,POINT (189342.833760333 682294.746259376)
456,511176,LRT-L1,189988.3338,684678.5628,POINT (189988.333766646 684678.562771463)
457,511176,LRT-L2,189988.3338,684678.5628,POINT (189988.333766646 684678.562771463)
458,511176,LRT151,189988.3338,684678.5628,POINT (189988.333766646 684678.562771463)
459,511176,LRT152,189988.3338,684678.5628,POINT (189988.333766646 684678.562771463)
460,511177,LRT151,190751.185,684980.5162,POINT (190751.184966976 684980.5161851061)
461,511177,LRT152,190751.185,684980.5162,POINT (190751.184966976 684980.5161851061)
462,511178,LRT151,192307.1711,685380.0182,POINT (192307.171130276 685380.0181774619)
463,511178,LRT152,192307.1711,685380.0182,POINT (192307.171130276 685380.0181774619)
464,511179,LRT151,192605.9958,685937.1267,POINT (192605.99575811205 685937.1266511711)
465,511179,LRT152,192605.9958,685937.1267,POINT (192605.99575811205 685937.1266511711)
466,511180,LRT151,192956.6815,686599.8954,POINT (192956.68147196 686599.8954082819)
467,511180,LRT152,192956.6815,686599.8954,POINT (192956.68147196 686599.8954082819)
468,511181,LRT151,192619.5877,686807.615,POINT (192619.587682365 686807.614993188)
469,511181,LRT152,192619.5877,686807.615,POINT (192619.587682365 686807.614993188)
470,511182,LRT151,192266.4275,687025.7429,POINT (192266.427508298 687025.742929538)
471,511182,LRT152,192266.4275,687025.7429,POINT (192266.427508298 687025.742929538)
472,511183,LRT151,191906.5568,687018.9999,POINT (191906.556751447 687018.9999351569)
473,511183,LRT152,191906.5568,687018.9999,POINT (191906.556751447 687018.9999351569)
474,511184,LRT151,191893.3948,687352.6924,POINT (191893.394843856 687352.6923884809)
475,511184,LRT152,191893.3948,687352.6924,POINT (191893.394843856 687352.6923884809)
476,511185,LRT151,191945.3667,687599.2907,POINT (191945.36665027097 687599.2906603519)
477,511185,LRT152,191945.3667,687599.2907,POINT (191945.36665027097 687599.2906603519)
478,511186,LRT151,191340.3926,687821.6243,POINT (191340.392632704 687821.6242594919)
479,511186,LRT152,191340.3926,687821.6243,POINT (191340.392632704 687821.6242594919)
480,511187,LRT151,190518.4048,687839.3584,POINT (190518.40476001296 687839.3583801201)
481,511187,LRT152,190518.4048,687839.3584,POINT (190518.40476001296 687839.3583801201)
482,511188,LRT151,190051.4764,687903.1771,POINT (190051.47636591905 687903.1771060249)
483,511188,LRT152,190051.4764,687903.1771,POINT (190051.47636591905 687903.1771060249)
484,511189,LRT151,189995.8071,687590.2236,POINT (189995.807065447 687590.223628035)
485,511189,LRT152,189995.8071,687590.2236,POINT (189995.807065447 687590.223628035)
486,511190,LRT151,189815.1193,687221.9586,POINT (189815.11930169203 687221.9586018482)
487,511190,LRT152,189815.1193,687221.9586,POINT (189815.11930169203 687221.9586018482)
488,511191,LRT151,189372.9735,687504.2185,POINT (189372.973514142 687504.218469821)
489,511191,LRT152,189372.9735,687504.2185,POINT (189372.973514142 687504.218469821)
490,511192,LRT151,188792.3022,687632.8786,POINT (188792.302183174 687632.8786124031)
491,511192,LRT152,188792.3022,687632.8786,POINT (188792.302183174 687632.8786124031)
492,511193,LRT151,188217.4341,687606.315,POINT (188217.434078259 687606.3150346511)
493,511193,LRT152,188217.4341,687606.315,POINT (188217.434078259 687606.3150346511)
494,511194,LRT131,188168.2085,688226.0389,POINT (188168.208499936 688226.0388645851)
495,511194,LRT132,188168.2085,688226.0389,POINT (188168.208499936 688226.0388645851)
496,511194,LRT151,188168.2085,688226.0389,POINT (188168.208499936 688226.0388645851)
497,511194,LRT152,188168.2085,688226.0389,POINT (188168.208499936 688226.0388645851)
498,511195,LRT131,188435.17,688446.765,POINT (188435.169955442 688446.764953076)
499,511195,LRT132,188435.17,688446.765,POINT (188435.169955442 688446.764953076)
500,511196,LRT131,188396.6853,688870.7555,POINT (188396.68525388505 688870.755498544)
501,511196,LRT132,188396.6853,688870.7555,POINT (188396.68525388505 688870.755498544)
502,511197,LRT131,188362.1584,689188.0205,POINT (188362.15837736003 689188.02051341)
503,511197,LRT132,188362.1584,689188.0205,POINT (188362.15837736003 689188.02051341)
504,511198,LRT131,188414.4585,690056.4453,POINT (188414.458533212 690056.4453369211)
505,511198,LRT132,188414.4585,690056.4453,POINT (188414.458533212 690056.4453369211)
506,511199,LRT131,188471.8019,690462.516,POINT (188471.801937602 690462.516048826)
507,511199,LRT132,188471.8019,690462.516,POINT (188471.801937602 690462.516048826)
508,511200,LRT131,188617.5903,690893.3899,POINT (188617.59031516203 690893.389905506)
509,511200,LRT132,188617.5903,690893.3899,POINT (188617.59031516203 690893.389905506)
510,511201,LRT131,188803.2816,691218.5788,POINT (188803.281583348 691218.578813189)
511,511201,LRT132,188803.2816,691218.5788,POINT (188803.281583348 691218.578813189)
512,511202,LRT131,189133.6406,691615.785,POINT (189133.64062403305 691615.7849820538)
513,511202,LRT132,189133.6406,691615.785,POINT (189133.64062403305 691615.7849820538)
514,511203,LRT131,189224.912,692159.7748,POINT (189224.91197295705 692159.7748080229)
515,511203,LRT132,189224.912,692159.7748,POINT (189224.91197295705 692159.7748080229)
516,511204,LRT141,188053.3634,691042.7619,POINT (188053.36336849097 691042.7618833921)
517,511204,LRT142,188053.3634,691042.7619,POINT (188053.36336849097 691042.7618833921)
518,511204,LRT151,188053.3634,691042.7619,POINT (188053.36336849097 691042.7618833921)
519,511204,LRT152,188053.3634,691042.7619,POINT (188053.36336849097 691042.7618833921)
520,511205,LRT151,187251.8166,691028.8624,POINT (187251.816578235 691028.862373597)
521,511205,LRT152,187251.8166,691028.8624,POINT (187251.816578235 691028.862373597)
522,511206,LRT151,186729.7655,691051.3328,POINT (186729.76547843803 691051.332811575)
523,511206,LRT152,186729.7655,691051.3328,POINT (186729.76547843803 691051.332811575)
524,511207,LRT121,186740.4403,692282.2598,POINT (186740.44032335305 692282.2598490549)
525,511207,LRT122,186740.4403,692282.2598,POINT (186740.44032335305 692282.2598490549)
526,511207,LRT151,186740.4403,692282.2598,POINT (186740.44032335305 692282.2598490549)
527,511207,LRT152,186740.4403,692282.2598,POINT (186740.44032335305 692282.2598490549)
528,511208,LRT121,186690.6573,692034.1755,POINT (186690.65725983205 692034.1755370789)
529,511208,LRT122,186690.6573,692034.1755,POINT (186690.65725983205 692034.1755370789)
530,511208,LRT151,186690.6573,692034.1755,POINT (186690.65725983205 692034.1755370789)
531,511208,LRT152,186690.6573,692034.1755,POINT (186690.65725983205 692034.1755370789)
532,511209,LRT121,186615.2424,691688.3765,POINT (186615.24240988804 691688.3764833821)
533,511209,LRT122,186615.2424,691688.3765,POINT (186615.24240988804 691688.3764833821)
534,511209,LRT151,186615.2424,691688.3765,POINT (186615.24240988804 691688.3764833821)
535,511209,LRT152,186615.2424,691688.3765,POINT (186615.24240988804 691688.3764833821)
536,511210,LRT121,186546.1862,691079.6578,POINT (186546.18624190305 691079.657797982)
537,511210,LRT122,186546.1862,691079.6578,POINT (186546.18624190305 691079.657797982)
538,511210,LRT151,186546.1862,691079.6578,POINT (186546.18624190305 691079.657797982)
539,511210,LRT152,186546.1862,691079.6578,POINT (186546.18624190305 691079.657797982)
540,511212,LRT121,186599.0956,690774.5926,POINT (186599.095611372 690774.5926395619)
541,511212,LRT122,186599.0956,690774.5926,POINT (186599.095611372 690774.5926395619)
542,511213,LRT121,186549.6856,689939.7037,POINT (186549.68564525305 689939.7037177989)
543,511213,LRT122,186549.6856,689939.7037,POINT (186549.68564525305 689939.7037177989)
544,511215,LRT121,186466.547,689513.6037,POINT (186466.54696095 689513.603712943)
545,511215,LRT122,186466.547,689513.6037,POINT (186466.54696095 689513.603712943)
546,511217,LRT121,186389.9757,689071.3197,POINT (186389.975667116 689071.319695364)
547,511217,LRT122,186389.9757,689071.3197,POINT (186389.975667116 689071.319695364)
548,511219,LRT121,186635.6362,688327.7392,POINT (186635.636188364 688327.739223407)
549,511219,LRT122,186635.6362,688327.7392,POINT (186635.636188364 688327.739223407)
550,511221,LRT121,187336.4932,688166.413,POINT (187336.493153986 688166.4129595539)
551,511221,LRT122,187336.4932,688166.413,POINT (187336.493153986 688166.4129595539)
552,511221,LRT141,187336.4932,688166.413,POINT (187336.493153986 688166.4129595539)
553,511221,LRT142,187336.4932,688166.413,POINT (187336.493153986 688166.4129595539)
554,511222,LRT121,187784.4449,688133.1472,POINT (187784.444859773 688133.147156842)
555,511222,LRT122,187784.4449,688133.1472,POINT (187784.444859773 688133.147156842)
556,511222,LRT131,187784.4449,688133.1472,POINT (187784.444859773 688133.147156842)
557,511222,LRT132,187784.4449,688133.1472,POINT (187784.444859773 688133.147156842)
558,511224,LRT141,187174.1808,687507.0234,POINT (187174.18080389095 687507.023447457)
559,511224,LRT142,187174.1808,687507.0234,POINT (187174.18080389095 687507.023447457)
560,511225,LRT141,187095.5668,687232.6946,POINT (187095.566800993 687232.6946360989)
561,511225,LRT142,187095.5668,687232.6946,POINT (187095.566800993 687232.6946360989)
562,511226,LRT141,186988.8496,686913.2204,POINT (186988.849557647 686913.2204260231)
563,511226,LRT142,186988.8496,686913.2204,POINT (186988.849557647 686913.2204260231)
564,511227,LRT141,186806.2811,686639.5071,POINT (186806.281131885 686639.5071087718)
565,511227,LRT142,186806.2811,686639.5071,POINT (186806.281131885 686639.5071087718)
566,511228,LRT141,186691.275,686695.7129,POINT (186691.27499173203 686695.712856094)
567,511228,LRT142,186691.275,686695.7129,POINT (186691.27499173203 686695.712856094)
568,511229,LRT141,186334.5722,686971.8512,POINT (186334.57224593303 686971.8512117631)
569,511229,LRT142,186334.5722,686971.8512,POINT (186334.57224593303 686971.8512117631)
570,511230,LRT141,186120.459,687250.0358,POINT (186120.459009698 687250.0357990789)
571,511230,LRT142,186120.459,687250.0358,POINT (186120.459009698 687250.0357990789)
572,511231,LRT141,184976.7067,686402.4875,POINT (184976.706731923 686402.4874856351)
573,511232,LRT141,185142.638,686683.7903,POINT (185142.63803912705 686683.7902553569)
574,511232,LRT142,185142.638,686683.7903,POINT (185142.63803912705 686683.7902553569)
575,511237,LRT141,188034.4964,690827.3789,POINT (188034.496386807 690827.3788841761)
576,511237,LRT142,188034.4964,690827.3789,POINT (188034.496386807 690827.3788841761)
577,511237,LRT151,188034.4964,690827.3789,POINT (188034.496386807 690827.3788841761)
578,511237,LRT152,188034.4964,690827.3789,POINT (188034.496386807 690827.3788841761)
579,511238,LRT141,188003.8049,690345.295,POINT (188003.804900792 690345.2949699218)
580,511238,LRT142,188003.8049,690345.295,POINT (188003.804900792 690345.2949699218)
581,511238,LRT151,188003.8049,690345.295,POINT (188003.804900792 690345.2949699218)
582,511238,LRT152,188003.8049,690345.295,POINT (188003.804900792 690345.2949699218)
583,511239,LRT141,187981.4771,689738.2506,POINT (187981.477095206 689738.250574781)
584,511239,LRT142,187981.4771,689738.2506,POINT (187981.477095206 689738.250574781)
585,511239,LRT151,187981.4771,689738.2506,POINT (187981.477095206 689738.250574781)
586,511239,LRT152,187981.4771,689738.2506,POINT (187981.477095206 689738.250574781)
587,511240,LRT141,187956.1462,689105.0334,POINT (187956.14620568804 689105.033398986)
588,511240,LRT142,187956.1462,689105.0334,POINT (187956.14620568804 689105.033398986)
589,511240,LRT151,187956.1462,689105.0334,POINT (187956.14620568804 689105.033398986)
590,511240,LRT152,187956.1462,689105.0334,POINT (187956.14620568804 689105.033398986)
591,511241,LRT141,187959.1957,688894.763,POINT (187959.195699523 688894.76298319)
592,511241,LRT142,187959.1957,688894.763,POINT (187959.195699523 688894.76298319)
593,511241,LRT151,187959.1957,688894.763,POINT (187959.195699523 688894.76298319)
594,511241,LRT152,187959.1957,688894.763,POINT (187959.195699523 688894.76298319)
595,511243,LRT141,187514.1561,688665.0856,POINT (187514.15614644095 688665.085583691)
596,511243,LRT142,187514.1561,688665.0856,POINT (187514.15614644095 688665.085583691)
597,511245,LRT121,187605.7211,687429.0177,POINT (187605.721072776 687429.0177395679)
598,511245,LRT122,187605.7211,687429.0177,POINT (187605.721072776 687429.0177395679)
599,511245,LRT131,187605.7211,687429.0177,POINT (187605.721072776 687429.0177395679)
600,511245,LRT132,187605.7211,687429.0177,POINT (187605.721072776 687429.0177395679)
601,511246,LRT121,187124.8535,685544.2794,POINT (187124.85345473097 685544.2793551688)
602,511246,LRT122,187124.8535,685544.2794,POINT (187124.85345473097 685544.2793551688)
603,511246,LRT131,187124.8535,685544.2794,POINT (187124.85345473097 685544.2793551688)
604,511246,LRT132,187124.8535,685544.2794,POINT (187124.85345473097 685544.2793551688)
605,511247,LRT121,186945.0934,684866.7012,POINT (186945.093407306 684866.701184014)
606,511247,LRT122,186945.0934,684866.7012,POINT (186945.093407306 684866.701184014)
607,511247,LRT131,186945.0934,684866.7012,POINT (186945.093407306 684866.701184014)
608,511247,LRT132,186945.0934,684866.7012,POINT (186945.093407306 684866.701184014)
609,511248,LRT121,185141.0951,680239.4503,POINT (185141.09512994203 680239.450332565)
610,511248,LRT122,185141.0951,680239.4503,POINT (185141.09512994203 680239.450332565)
611,511248,LRT131,185141.0951,680239.4503,POINT (185141.09512994203 680239.450332565)
612,511248,LRT132,185141.0951,680239.4503,POINT (185141.09512994203 680239.450332565)
613,511249,LRT121,184291.034,678154.5697,POINT (184291.034033463 678154.5696844711)
614,511249,LRT122,184291.034,678154.5697,POINT (184291.034033463 678154.5696844711)
615,511249,LRT131,184291.034,678154.5697,POINT (184291.034033463 678154.5696844711)
616,511249,LRT132,184291.034,678154.5697,POINT (184291.034033463 678154.5696844711)
617,511250,LRT121,183945.0316,676740.5434,POINT (183945.031596914 676740.5433676151)
618,511250,LRT122,183945.0316,676740.5434,POINT (183945.031596914 676740.5433676151)
619,511250,LRT131,183945.0316,676740.5434,POINT (183945.031596914 676740.5433676151)
620,511250,LRT132,183945.0316,676740.5434,POINT (183945.031596914 676740.5433676151)
621,511251,LRT121,183737.7837,676282.6117,POINT (183737.78367805 676282.611720385)
622,511251,LRT122,183737.7837,676282.6117,POINT (183737.78367805 676282.611720385)
623,511251,LRT131,183737.7837,676282.6117,POINT (183737.78367805 676282.611720385)
624,511251,LRT132,183737.7837,676282.6117,POINT (183737.78367805 676282.611720385)
625,511252,LRT121,183353.3675,675412.8741,POINT (183353.36753529095 675412.874090041)
626,511252,LRT122,183353.3675,675412.8741,POINT (183353.36753529095 675412.874090041)
627,511252,LRT131,183353.3675,675412.8741,POINT (183353.36753529095 675412.874090041)
628,511252,LRT132,183353.3675,675412.8741,POINT (183353.36753529095 675412.874090041)
629,511253,LRT121,183073.6073,674713.8697,POINT (183073.607311904 674713.869714251)
630,511253,LRT122,183073.6073,674713.8697,POINT (183073.607311904 674713.869714251)
631,511253,LRT131,183073.6073,674713.8697,POINT (183073.607311904 674713.869714251)
632,511253,LRT132,183073.6073,674713.8697,POINT (183073.607311904 674713.869714251)
633,511254,LRT121,183017.2425,674573.2911,POINT (183017.24252047803 674573.291050305)
634,511254,LRT122,183017.2425,674573.2911,POINT (183017.24252047803 674573.291050305)
635,511254,LRT131,183017.2425,674573.2911,POINT (183017.24252047803 674573.291050305)
636,511254,LRT132,183017.2425,674573.2911,POINT (183017.24252047803 674573.291050305)
637,511255,LRT121,182475.7774,674797.8934,POINT (182475.77739840304 674797.8933868031)
638,511255,LRT122,182475.7774,674797.8934,POINT (182475.77739840304 674797.8933868031)
639,511255,LRT131,182475.7774,674797.8934,POINT (182475.77739840304 674797.8933868031)
640,511255,LRT132,182475.7774,674797.8934,POINT (182475.77739840304 674797.8933868031)
641,511256,Me03-R,181165.4739,674631.7671,POINT (181165.47385917505 674631.7671094199)
642,511257,LRT121,186656.8249,691047.6808,POINT (186656.824941727 691047.680751178)
643,511257,LRT122,186656.8249,691047.6808,POINT (186656.824941727 691047.680751178)
644,511257,LRT151,186656.8249,691047.6808,POINT (186656.824941727 691047.680751178)
645,511257,LRT152,186656.8249,691047.6808,POINT (186656.824941727 691047.680751178)
646,511258,LRT131,189203.7043,692300.0667,POINT (189203.70428538305 692300.0667071212)
647,511258,LRT132,189203.7043,692300.0667,POINT (189203.70428538305 692300.0667071212)
648,511258,LRT141,189203.7043,692300.0667,POINT (189203.70428538305 692300.0667071212)
649,511258,LRT142,189203.7043,692300.0667,POINT (189203.70428538305 692300.0667071212)
650,511259,LRT141,188424.7541,691938.3205,POINT (188424.754137102 691938.320545037)
651,511259,LRT142,188424.7541,691938.3205,POINT (188424.754137102 691938.320545037)
652,511260,LRT141,188396.0758,691667.1121,POINT (188396.07580905905 691667.112134227)
653,511260,LRT142,188396.0758,691667.1121,POINT (188396.07580905905 691667.112134227)
654,511262,LRT121,182227.0367,674890.346,POINT (182227.036654672 674890.3459552482)
655,511262,LRT122,182227.0367,674890.346,POINT (182227.036654672 674890.3459552482)
656,511262,LRT131,182227.0367,674890.346,POINT (182227.036654672 674890.3459552482)
657,511262,LRT132,182227.0367,674890.346,POINT (182227.036654672 674890.3459552482)
658,511263,LRT141,198764.1901,682144.5975,POINT (198764.190052988 682144.5975491198)
659,511263,LRT142,198764.1901,682144.5975,POINT (198764.190052988 682144.5975491198)
660,511264,LRT-L1,190516.4147,687589.5741,POINT (190516.414737608 687589.574085161)
661,511264,LRT-L2,190516.4147,687589.5741,POINT (190516.414737608 687589.574085161)
662,511265,LRT-L1,186420.3564,669938.717,POINT (186420.35635207896 669938.7170189829)
663,511265,LRT-L2,186420.3564,669938.717,POINT (186420.35635207896 669938.7170189829)
664,511266,LRT-L1,185794.5503,667400.4493,POINT (185794.550347642 667400.449281789)
665,511266,LRT-L2,185794.5503,667400.4493,POINT (185794.550347642 667400.449281789)
666,511267,LRT-L1,185500.2471,664874.431,POINT (185500.24705989205 664874.431008599)
667,511267,LRT-L2,185500.2471,664874.431,POINT (185500.24705989205 664874.431008599)
668,511268,LRT-L1,185149.0609,663984.1206,POINT (185149.060934394 663984.1205984819)
669,511268,LRT-L2,185149.0609,663984.1206,POINT (185149.060934394 663984.1205984819)
670,511269,LRT-L1,183689.52,659067.6602,POINT (183689.520041836 659067.660243573)
671,511269,LRT-L2,183689.52,659067.6602,POINT (183689.520041836 659067.660243573)
672,511270,LRT-L1,182671.6561,657574.0725,POINT (182671.656050831 657574.0725058189)
673,511270,LRT-L2,182671.6561,657574.0725,POINT (182671.656050831 657574.0725058189)
674,511271,LRT-L1,181746.4545,656452.6601,POINT (181746.45446053697 656452.6600535981)
675,511271,LRT-L2,181746.4545,656452.6601,POINT (181746.45446053697 656452.6600535981)
676,511272,LRT-L1,180804.3089,654617.1463,POINT (180804.30891061 654617.146337263)
677,511272,LRT-L2,180804.3089,654617.1463,POINT (180804.30891061 654617.146337263)
678,511273,LRT-L1,180046.5489,652653.9868,POINT (180046.54893261203 652653.9867712739)
679,511273,LRT-L2,180046.5489,652653.9868,POINT (180046.54893261203 652653.9867712739)
680,511274,LRT-L1,179235.2745,651520.6653,POINT (179235.274454724 651520.665315458)
681,511274,LRT-L2,179235.2745,651520.6653,POINT (179235.274454724 651520.665315458)
682,511275,LRT-L1,178440.2456,647719.2078,POINT (178440.245603081 647719.207780998)
683,511275,LRT-L2,178440.2456,647719.2078,POINT (178440.245603081 647719.207780998)
684,511276,LRT-L1,177846.8205,645719.422,POINT (177846.820544333 645719.422000239)
685,511276,LRT-L2,177846.8205,645719.422,POINT (177846.820544333 645719.422000239)
686,511277,LRT-L1,176431.9384,642338.1793,POINT (176431.938428763 642338.1793171848)
687,511277,LRT-L2,176431.9384,642338.1793,POINT (176431.938428763 642338.1793171848)
688,512003,Grn1-N,183988.0251,668284.1754,POINT (183988.025083046 668284.1753620518)
689,512003,Grn1-S,183988.0251,668284.1754,POINT (183988.025083046 668284.1753620518)
690,512005,Grn1-N,182569.9357,668135.0639,POINT (182569.93568604297 668135.0638831771)
691,512005,Grn1-S,182569.9357,668135.0639,POINT (182569.93568604297 668135.0638831771)
692,512005,Grn3-S,182569.9357,668135.0639,POINT (182569.93568604297 668135.0638831771)
693,512006,Grn1-N,181900.5206,667878.6035,POINT (181900.52056035897 667878.6035158869)
694,512006,Grn1-S,181900.5206,667878.6035,POINT (181900.52056035897 667878.6035158869)
695,512006,Grn3-N,181900.5206,667878.6035,POINT (181900.52056035897 667878.6035158869)
696,512006,Grn3-S,181900.5206,667878.6035,POINT (181900.52056035897 667878.6035158869)
697,512007,Grn1-N,181450.4606,668352.4672,POINT (181450.460621199 668352.467180174)
698,512007,Grn1-S,181450.4606,668352.4672,POINT (181450.460621199 668352.467180174)
699,512007,Grn3-N,181450.4606,668352.4672,POINT (181450.460621199 668352.467180174)
700,512007,Grn3-S,181450.4606,668352.4672,POINT (181450.460621199 668352.467180174)
701,512008,Grn1-N,181488.526,668911.589,POINT (181488.526 668911.5889999999)
702,512008,Grn1-S,181488.526,668911.589,POINT (181488.526 668911.5889999999)
703,512008,Grn3-N,181488.526,668911.589,POINT (181488.526 668911.5889999999)
704,512008,Grn3-S,181488.526,668911.589,POINT (181488.526 668911.5889999999)
705,512009,Grn1-N,181090.8203,668954.0709,POINT (181090.82031839 668954.0709487979)
706,512009,Grn1-S,181090.8203,668954.0709,POINT (181090.82031839 668954.0709487979)
707,512009,Grn3-N,181090.8203,668954.0709,POINT (181090.82031839 668954.0709487979)
708,512009,Grn3-S,181090.8203,668954.0709,POINT (181090.82031839 668954.0709487979)
709,512010,Grn1-N,180336.1305,668840.2175,POINT (180336.130468163 668840.2175486159)
710,512010,Grn1-S,180336.1305,668840.2175,POINT (180336.130468163 668840.2175486159)
711,512010,Grn3-N,180336.1305,668840.2175,POINT (180336.130468163 668840.2175486159)
712,512010,Grn3-S,180336.1305,668840.2175,POINT (180336.130468163 668840.2175486159)
713,512011,Grn1-N,179789.8384,668308.5598,POINT (179789.83844416702 668308.5598058151)
714,512011,Grn1-S,179789.8384,668308.5598,POINT (179789.83844416702 668308.5598058151)
715,512011,Grn2-N,179789.8384,668308.5598,POINT (179789.83844416702 668308.5598058151)
716,512011,Grn2-S,179789.8384,668308.5598,POINT (179789.83844416702 668308.5598058151)
717,512011,Grn3-N,179789.8384,668308.5598,POINT (179789.83844416702 668308.5598058151)
718,512011,Grn3-S,179789.8384,668308.5598,POINT (179789.83844416702 668308.5598058151)
719,512013,Grn1-N,179680.02,667490.7786,POINT (179680.019969846 667490.778613166)
720,512013,Grn1-S,179680.02,667490.7786,POINT (179680.019969846 667490.778613166)
721,512013,Grn2-N,179680.02,667490.7786,POINT (179680.019969846 667490.778613166)
722,512013,Grn2-S,179680.02,667490.7786,POINT (179680.019969846 667490.778613166)
723,512013,Grn3-N,179680.02,667490.7786,POINT (179680.019969846 667490.778613166)
724,512013,Grn3-S,179680.02,667490.7786,POINT (179680.019969846 667490.778613166)
725,512015,Grn1-N,179746.2489,666607.3432,POINT (179746.24890023805 666607.3431859491)
726,512015,Grn1-S,179746.2489,666607.3432,POINT (179746.24890023805 666607.3431859491)
727,512015,Grn2-N,179746.2489,666607.3432,POINT (179746.24890023805 666607.3431859491)
728,512015,Grn2-S,179746.2489,666607.3432,POINT (179746.24890023805 666607.3431859491)
729,512015,Grn3-N,179746.2489,666607.3432,POINT (179746.24890023805 666607.3431859491)
730,512015,Grn3-S,179746.2489,666607.3432,POINT (179746.24890023805 666607.3431859491)
731,512016,Grn1-N,179634.338,665920.3709,POINT (179634.33795538303 665920.3708543961)
732,512016,Grn1-S,179634.338,665920.3709,POINT (179634.33795538303 665920.3708543961)
733,512016,Grn2-N,179634.338,665920.3709,POINT (179634.33795538303 665920.3708543961)
734,512016,Grn2-S,179634.338,665920.3709,POINT (179634.33795538303 665920.3708543961)
735,512016,Grn3-N,179634.338,665920.3709,POINT (179634.33795538303 665920.3708543961)
736,512016,Grn3-S,179634.338,665920.3709,POINT (179634.33795538303 665920.3708543961)
737,512017,Grn1-N,179581.8434,665407.6848,POINT (179581.843384654 665407.6847906288)
738,512017,Grn1-S,179581.8434,665407.6848,POINT (179581.843384654 665407.6847906288)
739,512017,Grn2-N,179581.8434,665407.6848,POINT (179581.843384654 665407.6847906288)
740,512017,Grn2-S,179581.8434,665407.6848,POINT (179581.843384654 665407.6847906288)
741,512017,Grn3-N,179581.8434,665407.6848,POINT (179581.843384654 665407.6847906288)
742,512017,Grn3-S,179581.8434,665407.6848,POINT (179581.843384654 665407.6847906288)
743,512018,Grn1-N,179621.7743,664631.9005,POINT (179621.77434760804 664631.9005401529)
744,512018,Grn1-S,179621.7743,664631.9005,POINT (179621.77434760804 664631.9005401529)
745,512018,Grn2-N,179621.7743,664631.9005,POINT (179621.77434760804 664631.9005401529)
746,512018,Grn2-S,179621.7743,664631.9005,POINT (179621.77434760804 664631.9005401529)
747,512018,Grn3-N,179621.7743,664631.9005,POINT (179621.77434760804 664631.9005401529)
748,512018,Grn3-S,179621.7743,664631.9005,POINT (179621.77434760804 664631.9005401529)
749,512020,Grn1-N,179784.3637,663723.5648,POINT (179784.36371482396 663723.5647554101)
750,512020,Grn1-S,179784.3637,663723.5648,POINT (179784.36371482396 663723.5647554101)
751,512020,Grn2-N,179784.3637,663723.5648,POINT (179784.36371482396 663723.5647554101)
752,512020,Grn2-S,179784.3637,663723.5648,POINT (179784.36371482396 663723.5647554101)
753,512020,Grn3-N,179784.3637,663723.5648,POINT (179784.36371482396 663723.5647554101)
754,512020,Grn3-S,179784.3637,663723.5648,POINT (179784.36371482396 663723.5647554101)
755,512022,Grn1-N,179188.538,662907.714,POINT (179188.538 662907.7139999999)
756,512022,Grn1-S,179188.538,662907.714,POINT (179188.538 662907.7139999999)
757,512022,Grn2-N,179188.538,662907.714,POINT (179188.538 662907.7139999999)
758,512022,Grn2-S,179188.538,662907.714,POINT (179188.538 662907.7139999999)
759,512022,Grn3-N,179188.538,662907.714,POINT (179188.538 662907.7139999999)
760,512022,Grn3-S,179188.538,662907.714,POINT (179188.538 662907.7139999999)
761,512023,Grn1-N,178969.3747,662429.9677,POINT (178969.374700675 662429.967739022)
762,512023,Grn1-S,178969.3747,662429.9677,POINT (178969.374700675 662429.967739022)
763,512023,Grn2-N,178969.3747,662429.9677,POINT (178969.374700675 662429.967739022)
764,512023,Grn2-S,178969.3747,662429.9677,POINT (178969.374700675 662429.967739022)
765,512023,Grn3-N,178969.3747,662429.9677,POINT (178969.374700675 662429.967739022)
766,512023,Grn3-S,178969.3747,662429.9677,POINT (178969.374700675 662429.967739022)
767,512024,Grn1-N,178802.323,661907.317,POINT (178802.32299999995 661907.3170000011)
768,512024,Grn1-S,178802.323,661907.317,POINT (178802.32299999995 661907.3170000011)
769,512024,Grn2-N,178802.323,661907.317,POINT (178802.32299999995 661907.3170000011)
770,512024,Grn2-S,178802.323,661907.317,POINT (178802.32299999995 661907.3170000011)
771,512024,Grn3-N,178802.323,661907.317,POINT (178802.32299999995 661907.3170000011)
772,512024,Grn3-S,178802.323,661907.317,POINT (178802.32299999995 661907.3170000011)
773,512025,Grn1-N,178634.1559,661227.7808,POINT (178634.15592947305 661227.780845703)
774,512025,Grn1-S,178634.1559,661227.7808,POINT (178634.15592947305 661227.780845703)
775,512025,Grn2-N,178634.1559,661227.7808,POINT (178634.15592947305 661227.780845703)
776,512025,Grn2-S,178634.1559,661227.7808,POINT (178634.15592947305 661227.780845703)
777,512025,Grn3-N,178634.1559,661227.7808,POINT (178634.15592947305 661227.780845703)
778,512025,Grn3-S,178634.1559,661227.7808,POINT (178634.15592947305 661227.780845703)
779,512026,Grn1-N,179203.599,660547.149,POINT (179203.599 660547.149000001)
780,512026,Grn1-S,179203.599,660547.149,POINT (179203.599 660547.149000001)
781,512026,Grn2-N,179203.599,660547.149,POINT (179203.599 660547.149000001)
782,512026,Grn2-S,179203.599,660547.149,POINT (179203.599 660547.149000001)
783,512026,Grn3-N,179203.599,660547.149,POINT (179203.599 660547.149000001)
784,512026,Grn3-S,179203.599,660547.149,POINT (179203.599 660547.149000001)
785,512027,Grn1-N,178831.666,659366.011,POINT (178831.666 659366.011)
786,512027,Grn1-S,178831.666,659366.011,POINT (178831.666 659366.011)
787,512027,Grn2-N,178831.666,659366.011,POINT (178831.666 659366.011)
788,512027,Grn2-S,178831.666,659366.011,POINT (178831.666 659366.011)
789,512027,Grn3-N,178831.666,659366.011,POINT (178831.666 659366.011)
790,512027,Grn3-S,178831.666,659366.011,POINT (178831.666 659366.011)
791,512028,Grn1-N,179037.522,658933.547,POINT (179037.522 658933.546999999)
792,512028,Grn1-S,179037.522,658933.547,POINT (179037.522 658933.546999999)
793,512028,Grn2-N,179037.522,658933.547,POINT (179037.522 658933.546999999)
794,512028,Grn2-S,179037.522,658933.547,POINT (179037.522 658933.546999999)
795,512028,Grn3-N,179037.522,658933.547,POINT (179037.522 658933.546999999)
796,512028,Grn3-S,179037.522,658933.547,POINT (179037.522 658933.546999999)
797,512029,Grn1-N,179022.217,658377.593,POINT (179022.21700000003 658377.5929999988)
798,512029,Grn1-S,179022.217,658377.593,POINT (179022.21700000003 658377.5929999988)
799,512029,Grn3-N,179022.217,658377.593,POINT (179022.21700000003 658377.5929999988)
800,512029,Grn3-S,179022.217,658377.593,POINT (179022.21700000003 658377.5929999988)
801,512030,Grn1-N,178960.892,657889.754,POINT (178960.892 657889.754000001)
802,512030,Grn1-S,178960.892,657889.754,POINT (178960.892 657889.754000001)
803,512030,Grn3-N,178960.892,657889.754,POINT (178960.892 657889.754000001)
804,512030,Grn3-S,178960.892,657889.754,POINT (178960.892 657889.754000001)
805,512031,Grn1-N,178875.779,657406.142,POINT (178875.779 657406.142)
806,512031,Grn1-S,178875.779,657406.142,POINT (178875.779 657406.142)
807,512031,Grn3-N,178875.779,657406.142,POINT (178875.779 657406.142)
808,512031,Grn3-S,178875.779,657406.142,POINT (178875.779 657406.142)
809,512032,Grn1-N,178833.756,656965.026,POINT (178833.756 656965.0259999989)
810,512032,Grn1-S,178833.756,656965.026,POINT (178833.756 656965.0259999989)
811,512032,Grn3-N,178833.756,656965.026,POINT (178833.756 656965.0259999989)
812,512032,Grn3-S,178833.756,656965.026,POINT (178833.756 656965.0259999989)
813,512033,Grn1-N,178819.26,656549.422,POINT (178819.26 656549.422)
814,512033,Grn1-S,178819.26,656549.422,POINT (178819.26 656549.422)
815,512033,Grn3-N,178819.26,656549.422,POINT (178819.26 656549.422)
816,512033,Grn3-S,178819.26,656549.422,POINT (178819.26 656549.422)
817,512034,Grn1-N,178940.11,656234.053,POINT (178940.11000000002 656234.0530000001)
818,512034,Grn1-S,178940.11,656234.053,POINT (178940.11000000002 656234.0530000001)
819,512034,Grn3-N,178940.11,656234.053,POINT (178940.11000000002 656234.0530000001)
820,512035,Grn1-N,178967.316,655146.361,POINT (178967.316 655146.3610000001)
821,512035,Grn1-S,178967.316,655146.361,POINT (178967.316 655146.3610000001)
822,512036,Grn1-N,178635.346,654519.82,POINT (178635.346 654519.8200000011)
823,512036,Grn1-S,178635.346,654519.82,POINT (178635.346 654519.8200000011)
824,512037,Grn1-N,177875.687,654906.295,POINT (177875.687 654906.2949999999)
825,512037,Grn1-S,177875.687,654906.295,POINT (177875.687 654906.2949999999)
826,512038,Grn1-N,177340.531,655048.751,POINT (177340.531 655048.7509999989)
827,512039,Grn2-S,181973.9861,674514.2549,POINT (181973.986128984 674514.2548862481)
828,512039,LRT122,181973.9861,674514.2549,POINT (181973.986128984 674514.2548862481)
829,512039,LRT132,181973.9861,674514.2549,POINT (181973.986128984 674514.2548862481)
830,512040,Grn2-N,181602.0657,673651.0743,POINT (181602.065702635 673651.07428044)
831,512040,Grn2-S,181602.0657,673651.0743,POINT (181602.065702635 673651.07428044)
832,512041,Grn2-N,181061.8057,672200.3317,POINT (181061.805659226 672200.33174803)
833,512041,Grn2-S,181061.8057,672200.3317,POINT (181061.805659226 672200.33174803)
834,512042,Grn2-N,180566.117,670967.818,POINT (180566.11700000003 670967.8180000001)
835,512042,Grn2-S,180566.117,670967.818,POINT (180566.11700000003 670967.8180000001)
836,512043,Grn2-N,180317.261,670202.422,POINT (180317.261 670202.4220000011)
837,512043,Grn2-S,180317.261,670202.422,POINT (180317.261 670202.4220000011)
838,512044,Grn2-N,180151.9268,669541.1182,POINT (180151.926808934 669541.1181892619)
839,512044,Grn2-S,180151.9268,669541.1182,POINT (180151.926808934 669541.1181892619)
840,512045,Grn2-N,179554.856,658908.034,POINT (179554.85599999997 658908.034)
841,512045,Grn2-S,179554.856,658908.034,POINT (179554.85599999997 658908.034)
842,512046,Grn2-N,179984.009,658893.889,POINT (179984.009 658893.889000001)
843,512046,Grn2-S,179984.009,658893.889,POINT (179984.009 658893.889000001)
844,512047,Grn2-N,180167.985,658411.391,POINT (180167.985 658411.3909999989)
845,512047,Grn2-S,180167.985,658411.391,POINT (180167.985 658411.3909999989)
846,512048,Grn2-N,180516.48,657997.496,POINT (180516.48 657997.4959999989)
847,512048,Grn2-S,180516.48,657997.496,POINT (180516.48 657997.4959999989)
848,512049,Grn2-N,180817.75,657538.817,POINT (180817.75 657538.817)
849,512049,Grn2-S,180817.75,657538.817,POINT (180817.75 657538.817)
850,512050,Grn2-N,181191.071,657073.989,POINT (181191.071 657073.989)
851,512050,Grn2-S,181191.071,657073.989,POINT (181191.071 657073.989)
852,512051,Grn2-N,181502.076,656716.216,POINT (181502.076 656716.216)
853,512051,Grn2-S,181502.076,656716.216,POINT (181502.076 656716.216)
854,512052,Grn2-N,181810.7,656308.15,POINT (181810.7 656308.15)
855,512052,Grn2-S,181810.7,656308.15,POINT (181810.7 656308.15)
856,512053,Grn2-N,182486.71,655570.159,POINT (182486.71 655570.1589999989)
857,512054,Grn1-N,180633.8639,668898.432,POINT (180633.863924441 668898.4319668341)
858,512054,Grn1-S,180633.8639,668898.432,POINT (180633.863924441 668898.4319668341)
859,512054,Grn3-N,180633.8639,668898.432,POINT (180633.863924441 668898.4319668341)
860,512054,Grn3-S,180633.8639,668898.432,POINT (180633.863924441 668898.4319668341)
861,512055,Grn1-N,178924.2862,660924.6246,POINT (178924.28618387 660924.624563442)
862,512055,Grn1-S,178924.2862,660924.6246,POINT (178924.28618387 660924.624563442)
863,512055,Grn2-N,178924.2862,660924.6246,POINT (178924.28618387 660924.624563442)
864,512055,Grn2-S,178924.2862,660924.6246,POINT (178924.28618387 660924.624563442)
865,512055,Grn3-N,178924.2862,660924.6246,POINT (178924.28618387 660924.624563442)
866,512055,Grn3-S,178924.2862,660924.6246,POINT (178924.28618387 660924.624563442)
867,512056,Grn2-N,181476.4993,673270.4684,POINT (181476.49927985505 673270.4683730451)
868,512056,Grn2-S,181476.4993,673270.4684,POINT (181476.49927985505 673270.4683730451)
869,512057,Grn2-N,181271.2358,672758.3055,POINT (181271.23579833505 672758.305471493)
870,512057,Grn2-S,181271.2358,672758.3055,POINT (181271.23579833505 672758.305471493)
871,512058,Grn2-N,180768.128,671773.253,POINT (180768.128 671773.2529999989)
872,512058,Grn2-S,180768.128,671773.253,POINT (180768.128 671773.2529999989)
873,512059,Grn2-N,180658.707,671259.2,POINT (180658.707 671259.2)
874,512059,Grn2-S,180658.707,671259.2,POINT (180658.707 671259.2)
875,512060,Grn2-N,180441.682,670585.112,POINT (180441.682 670585.112000001)
876,512060,Grn2-S,180441.682,670585.112,POINT (180441.682 670585.112000001)
877,512061,Grn1-N,183472.6395,668188.2096,POINT (183472.63951842897 668188.209554211)
878,512061,Grn1-S,183472.6395,668188.2096,POINT (183472.63951842897 668188.209554211)
879,512062,Grn1-N,184557.7594,668289.2684,POINT (184557.75935731505 668289.2684039001)
880,512062,Grn1-S,184557.7594,668289.2684,POINT (184557.75935731505 668289.2684039001)
881,512063,Grn1-N,184938.325,668661.04,POINT (184938.325 668661.04)
882,512063,Grn1-S,184938.325,668661.04,POINT (184938.325 668661.04)
883,512064,Grn1-N,185202.4893,669104.4795,POINT (185202.489251268 669104.479526809)
884,512064,Grn1-S,185202.4893,669104.4795,POINT (185202.489251268 669104.479526809)
885,512065,Grn1-S,185542.222,669410.353,POINT (185542.222 669410.3530000001)
886,512067,Grn2-N,181805.6399,674075.699,POINT (181805.639922839 674075.699043416)
887,512067,Grn2-S,181805.6399,674075.699,POINT (181805.639922839 674075.699043416)
888,512068,Grn1-N,179973.5393,668900.7325,POINT (179973.539258519 668900.732534446)
889,512068,Grn1-S,179973.5393,668900.7325,POINT (179973.539258519 668900.732534446)
890,512068,Grn2-N,179973.5393,668900.7325,POINT (179973.539258519 668900.732534446)
891,512068,Grn2-S,179973.5393,668900.7325,POINT (179973.539258519 668900.732534446)
892,512068,Grn3-N,179973.5393,668900.7325,POINT (179973.539258519 668900.732534446)
893,512068,Grn3-S,179973.5393,668900.7325,POINT (179973.539258519 668900.732534446)
894,512071,Grn2-N,182198.9523,655917.4024,POINT (182198.95234658703 655917.4024195219)
895,512071,Grn2-S,182198.9523,655917.4024,POINT (182198.95234658703 655917.4024195219)
896,512072,Grn1-N,179115.1281,655688.0907,POINT (179115.128146278 655688.090707311)
897,512072,Grn1-S,179115.1281,655688.0907,POINT (179115.128146278 655688.090707311)
898,513001,Mgt1-E,180941.712,665543.166,POINT (180941.71200000003 665543.1660000001)
899,513001,Mgt2-E,180941.712,665543.166,POINT (180941.71200000003 665543.1660000001)
900,513002,Mgt1-E,178880.9137,663040.5548,POINT (178880.91371069298 663040.554784734)
901,513002,Mgt1-W,178880.9137,663040.5548,POINT (178880.91371069298 663040.554784734)
902,513002,Mgt2-E,178880.9137,663040.5548,POINT (178880.91371069298 663040.554784734)
903,513002,Mgt2-W,178880.9137,663040.5548,POINT (178880.91371069298 663040.554784734)
904,513002,Mgt3-E,178880.9137,663040.5548,POINT (178880.91371069298 663040.554784734)
905,513002,Mgt3-W,178880.9137,663040.5548,POINT (178880.91371069298 663040.554784734)
906,513003,Mgt1-E,180298.4611,665704.85,POINT (180298.46111612092 665704.8500035141)
907,513003,Mgt1-W,180298.4611,665704.85,POINT (180298.46111612092 665704.8500035141)
908,513003,Mgt2-E,180298.4611,665704.85,POINT (180298.46111612092 665704.8500035141)
909,513003,Mgt2-W,180298.4611,665704.85,POINT (180298.46111612092 665704.8500035141)
910,513004,Mgt1-E,179645.1614,665882.3048,POINT (179645.161399014 665882.3047741499)
911,513004,Mgt1-W,179645.1614,665882.3048,POINT (179645.161399014 665882.3047741499)
912,513004,Mgt2-E,179645.1614,665882.3048,POINT (179645.161399014 665882.3047741499)
913,513004,Mgt2-W,179645.1614,665882.3048,POINT (179645.161399014 665882.3047741499)
914,513005,Mgt1-E,178827.0119,666096.981,POINT (178827.01188997002 666096.9810355231)
915,513005,Mgt1-W,178827.0119,666096.981,POINT (178827.01188997002 666096.9810355231)
916,513005,Mgt2-E,178827.0119,666096.981,POINT (178827.01188997002 666096.9810355231)
917,513005,Mgt2-W,178827.0119,666096.981,POINT (178827.01188997002 666096.9810355231)
918,513006,Mgt1-E,178637.9724,665571.8392,POINT (178637.97244805502 665571.839195249)
919,513006,Mgt1-W,178637.9724,665571.8392,POINT (178637.97244805502 665571.839195249)
920,513006,Mgt2-E,178637.9724,665571.8392,POINT (178637.97244805502 665571.839195249)
921,513006,Mgt2-W,178637.9724,665571.8392,POINT (178637.97244805502 665571.839195249)
922,513007,Mgt1-E,178362.702,664958.144,POINT (178362.70200000002 664958.144000001)
923,513007,Mgt1-W,178362.702,664958.144,POINT (178362.70200000002 664958.144000001)
924,513007,Mgt2-E,178362.702,664958.144,POINT (178362.70200000002 664958.144000001)
925,513007,Mgt2-W,178362.702,664958.144,POINT (178362.70200000002 664958.144000001)
926,513008,Mgt1-E,178363.373,664626.754,POINT (178363.373 664626.754)
927,513008,Mgt1-W,178363.373,664626.754,POINT (178363.373 664626.754)
928,513008,Mgt2-E,178363.373,664626.754,POINT (178363.373 664626.754)
929,513008,Mgt2-W,178363.373,664626.754,POINT (178363.373 664626.754)
930,513009,Mgt1-E,178577.698,664245.162,POINT (178577.698 664245.161999998)
931,513009,Mgt1-W,178577.698,664245.162,POINT (178577.698 664245.161999998)
932,513009,Mgt2-E,178577.698,664245.162,POINT (178577.698 664245.161999998)
933,513009,Mgt2-W,178577.698,664245.162,POINT (178577.698 664245.161999998)
934,513009,Mgt3-E,178577.698,664245.162,POINT (178577.698 664245.161999998)
935,513010,Mgt1-E,178742.722,663761.168,POINT (178742.722 663761.1680000001)
936,513010,Mgt1-W,178742.722,663761.168,POINT (178742.722 663761.1680000001)
937,513010,Mgt2-E,178742.722,663761.168,POINT (178742.722 663761.1680000001)
938,513010,Mgt2-W,178742.722,663761.168,POINT (178742.722 663761.1680000001)
939,513010,Mgt3-E,178742.722,663761.168,POINT (178742.722 663761.1680000001)
940,513010,Mgt3-W,178742.722,663761.168,POINT (178742.722 663761.1680000001)
941,513011,Mgt1-E,178844.544,663414.046,POINT (178844.544 663414.0460000001)
942,513011,Mgt1-W,178844.544,663414.046,POINT (178844.544 663414.0460000001)
943,513011,Mgt2-E,178844.544,663414.046,POINT (178844.544 663414.0460000001)
944,513011,Mgt2-W,178844.544,663414.046,POINT (178844.544 663414.0460000001)
945,513011,Mgt3-E,178844.544,663414.046,POINT (178844.544 663414.0460000001)
946,513011,Mgt3-W,178844.544,663414.046,POINT (178844.544 663414.0460000001)
947,513012,Mgt1-E,179220.368,662865.157,POINT (179220.368 662865.156999999)
948,513012,Mgt1-W,179220.368,662865.157,POINT (179220.368 662865.156999999)
949,513012,Mgt2-E,179220.368,662865.157,POINT (179220.368 662865.156999999)
950,513012,Mgt2-W,179220.368,662865.157,POINT (179220.368 662865.156999999)
951,513012,Mgt3-E,179220.368,662865.157,POINT (179220.368 662865.156999999)
952,513012,Mgt3-W,179220.368,662865.157,POINT (179220.368 662865.156999999)
953,513013,Mgt1-E,179512.864,662711.165,POINT (179512.86399999997 662711.165)
954,513013,Mgt1-W,179512.864,662711.165,POINT (179512.86399999997 662711.165)
955,513013,Mgt2-E,179512.864,662711.165,POINT (179512.86399999997 662711.165)
956,513013,Mgt2-W,179512.864,662711.165,POINT (179512.86399999997 662711.165)
957,513013,Mgt3-E,179512.864,662711.165,POINT (179512.86399999997 662711.165)
958,513013,Mgt3-W,179512.864,662711.165,POINT (179512.86399999997 662711.165)
959,513014,Mgt1-E,179835.221,662548.522,POINT (179835.221 662548.522)
960,513014,Mgt1-W,179835.221,662548.522,POINT (179835.221 662548.522)
961,513014,Mgt2-E,179835.221,662548.522,POINT (179835.221 662548.522)
962,513014,Mgt2-W,179835.221,662548.522,POINT (179835.221 662548.522)
963,513014,Mgt3-E,179835.221,662548.522,POINT (179835.221 662548.522)
964,513014,Mgt3-W,179835.221,662548.522,POINT (179835.221 662548.522)
965,513015,Mgt1-E,180419.999,662466.155,POINT (180419.999 662466.1549999989)
966,513015,Mgt1-W,180419.999,662466.155,POINT (180419.999 662466.1549999989)
967,513015,Mgt2-E,180419.999,662466.155,POINT (180419.999 662466.1549999989)
968,513015,Mgt2-W,180419.999,662466.155,POINT (180419.999 662466.1549999989)
969,513015,Mgt3-E,180419.999,662466.155,POINT (180419.999 662466.1549999989)
970,513015,Mgt3-W,180419.999,662466.155,POINT (180419.999 662466.1549999989)
971,513016,Mgt1-E,180902.482,662426.024,POINT (180902.482 662426.024)
972,513016,Mgt1-W,180902.482,662426.024,POINT (180902.482 662426.024)
973,513016,Mgt2-E,180902.482,662426.024,POINT (180902.482 662426.024)
974,513016,Mgt2-W,180902.482,662426.024,POINT (180902.482 662426.024)
975,513016,Mgt3-E,180902.482,662426.024,POINT (180902.482 662426.024)
976,513016,Mgt3-W,180902.482,662426.024,POINT (180902.482 662426.024)
977,513017,Mgt1-E,181300.111,662403.167,POINT (181300.111 662403.166999999)
978,513017,Mgt1-W,181300.111,662403.167,POINT (181300.111 662403.166999999)
979,513017,Mgt2-E,181300.111,662403.167,POINT (181300.111 662403.166999999)
980,513017,Mgt2-W,181300.111,662403.167,POINT (181300.111 662403.166999999)
981,513017,Mgt3-E,181300.111,662403.167,POINT (181300.111 662403.166999999)
982,513017,Mgt3-W,181300.111,662403.167,POINT (181300.111 662403.166999999)
983,513018,Mgt1-E,182294.831,663024.84,POINT (182294.831 663024.8400000011)
984,513018,Mgt1-W,182294.831,663024.84,POINT (182294.831 663024.8400000011)
985,513018,Mgt2-E,182294.831,663024.84,POINT (182294.831 663024.8400000011)
986,513018,Mgt2-W,182294.831,663024.84,POINT (182294.831 663024.8400000011)
987,513018,Mgt3-E,182294.831,663024.84,POINT (182294.831 663024.8400000011)
988,513018,Mgt3-W,182294.831,663024.84,POINT (182294.831 663024.8400000011)
989,513019,Mgt1-E,181859.605,662694.655,POINT (181859.605 662694.655)
990,513019,Mgt1-W,181859.605,662694.655,POINT (181859.605 662694.655)
991,513019,Mgt2-E,181859.605,662694.655,POINT (181859.605 662694.655)
992,513019,Mgt2-W,181859.605,662694.655,POINT (181859.605 662694.655)
993,513019,Mgt3-E,181859.605,662694.655,POINT (181859.605 662694.655)
994,513019,Mgt3-W,181859.605,662694.655,POINT (181859.605 662694.655)
995,513020,Mgt1-E,182853.913,662971.511,POINT (182853.913 662971.511)
996,513020,Mgt1-W,182853.913,662971.511,POINT (182853.913 662971.511)
997,513020,Mgt2-E,182853.913,662971.511,POINT (182853.913 662971.511)
998,513020,Mgt2-W,182853.913,662971.511,POINT (182853.913 662971.511)
999,513020,Mgt3-E,182853.913,662971.511,POINT (182853.913 662971.511)
1000,513020,Mgt3-W,182853.913,662971.511,POINT (182853.913 662971.511)
1001,513021,Mgt1-E,183239.884,663054.641,POINT (183239.884 663054.6410000001)
1002,513021,Mgt1-W,183239.884,663054.641,POINT (183239.884 663054.6410000001)
1003,513021,Mgt2-E,183239.884,663054.641,POINT (183239.884 663054.6410000001)
1004,513021,Mgt2-W,183239.884,663054.641,POINT (183239.884 663054.6410000001)
1005,513021,Mgt3-E,183239.884,663054.641,POINT (183239.884 663054.6410000001)
1006,513021,Mgt3-W,183239.884,663054.641,POINT (183239.884 663054.6410000001)
1007,513022,Mgt1-E,183950.547,662986.159,POINT (183950.547 662986.159)
1008,513022,Mgt1-W,183950.547,662986.159,POINT (183950.547 662986.159)
1009,513022,Mgt2-E,183950.547,662986.159,POINT (183950.547 662986.159)
1010,513022,Mgt2-W,183950.547,662986.159,POINT (183950.547 662986.159)
1011,513022,Mgt3-E,183950.547,662986.159,POINT (183950.547 662986.159)
1012,513022,Mgt3-W,183950.547,662986.159,POINT (183950.547 662986.159)
1013,513023,LRT-L1,184599.518,662690.276,POINT (184599.518 662690.276)
1014,513023,LRT-L2,184599.518,662690.276,POINT (184599.518 662690.276)
1015,513023,Mgt1-E,184599.518,662690.276,POINT (184599.518 662690.276)
1016,513023,Mgt1-W,184599.518,662690.276,POINT (184599.518 662690.276)
1017,513023,Mgt2-E,184599.518,662690.276,POINT (184599.518 662690.276)
1018,513023,Mgt2-W,184599.518,662690.276,POINT (184599.518 662690.276)
1019,513023,Mgt3-E,184599.518,662690.276,POINT (184599.518 662690.276)
1020,513023,Mgt3-W,184599.518,662690.276,POINT (184599.518 662690.276)
1021,513024,Mgt1-E,185197.1174,662116.2539,POINT (185197.11742583904 662116.2539016361)
1022,513024,Mgt1-W,185197.1174,662116.2539,POINT (185197.11742583904 662116.2539016361)
1023,513024,Mgt2-E,185197.1174,662116.2539,POINT (185197.11742583904 662116.2539016361)
1024,513024,Mgt2-W,185197.1174,662116.2539,POINT (185197.11742583904 662116.2539016361)
1025,513024,Mgt3-E,185197.1174,662116.2539,POINT (185197.11742583904 662116.2539016361)
1026,513024,Mgt3-W,185197.1174,662116.2539,POINT (185197.11742583904 662116.2539016361)
1027,513025,Mgt2-E,185094.1998,661529.4735,POINT (185094.199781843 661529.47345685)
1028,513025,Mgt2-W,185094.1998,661529.4735,POINT (185094.199781843 661529.47345685)
1029,513025,Mgt3-E,185094.1998,661529.4735,POINT (185094.199781843 661529.47345685)
1030,513025,Mgt3-W,185094.1998,661529.4735,POINT (185094.199781843 661529.47345685)
1031,513027,Mgt2-E,190599.7167,659260.6519,POINT (190599.71667693503 659260.6518903711)
1032,513027,Mgt2-W,190599.7167,659260.6519,POINT (190599.71667693503 659260.6518903711)
1033,513027,Mgt3-E,190599.7167,659260.6519,POINT (190599.71667693503 659260.6518903711)
1034,513027,Mgt3-W,190599.7167,659260.6519,POINT (190599.71667693503 659260.6518903711)
1035,513029,Mgt1-E,185580.1938,662616.4412,POINT (185580.193830625 662616.4412020762)
1036,513029,Mgt1-W,185580.1938,662616.4412,POINT (185580.193830625 662616.4412020762)
1037,513030,Mgt1-E,185642.258,663347.884,POINT (185642.258 663347.884)
1038,513030,Mgt1-W,185642.258,663347.884,POINT (185642.258 663347.884)
1039,513031,Mgt1-E,185577.134,663896.041,POINT (185577.134 663896.0409999989)
1040,513031,Mgt1-W,185577.134,663896.041,POINT (185577.134 663896.0409999989)
1041,513032,Mgt1-W,185960.297,664279.921,POINT (185960.297 664279.9209999989)
1042,513052,Mgt2-E,184778.258,660524.0864,POINT (184778.258040454 660524.086383883)
1043,513052,Mgt2-W,184778.258,660524.0864,POINT (184778.258040454 660524.086383883)
1044,513052,Mgt3-E,184778.258,660524.0864,POINT (184778.258040454 660524.086383883)
1045,513052,Mgt3-W,184778.258,660524.0864,POINT (184778.258040454 660524.086383883)
1046,513053,Mgt2-E,185790.711,660414.992,POINT (185790.711 660414.992)
1047,513053,Mgt2-W,185790.711,660414.992,POINT (185790.711 660414.992)
1048,513053,Mgt3-E,185790.711,660414.992,POINT (185790.711 660414.992)
1049,513053,Mgt3-W,185790.711,660414.992,POINT (185790.711 660414.992)
1050,513054,Mgt2-E,186409.547,660317.641,POINT (186409.547 660317.6410000001)
1051,513054,Mgt2-W,186409.547,660317.641,POINT (186409.547 660317.6410000001)
1052,513054,Mgt3-E,186409.547,660317.641,POINT (186409.547 660317.6410000001)
1053,513054,Mgt3-W,186409.547,660317.641,POINT (186409.547 660317.6410000001)
1054,513055,Mgt2-E,186967.698,660180.754,POINT (186967.698 660180.754000001)
1055,513055,Mgt2-W,186967.698,660180.754,POINT (186967.698 660180.754000001)
1056,513055,Mgt3-E,186967.698,660180.754,POINT (186967.698 660180.754000001)
1057,513055,Mgt3-W,186967.698,660180.754,POINT (186967.698 660180.754000001)
1058,513056,Mgt2-E,187546.693,660098.327,POINT (187546.693 660098.327)
1059,513056,Mgt2-W,187546.693,660098.327,POINT (187546.693 660098.327)
1060,513056,Mgt3-E,187546.693,660098.327,POINT (187546.693 660098.327)
1061,513056,Mgt3-W,187546.693,660098.327,POINT (187546.693 660098.327)
1062,513057,Mgt2-E,188879.945,659489.577,POINT (188879.945 659489.577000001)
1063,513057,Mgt2-W,188879.945,659489.577,POINT (188879.945 659489.577000001)
1064,513057,Mgt3-E,188879.945,659489.577,POINT (188879.945 659489.577000001)
1065,513057,Mgt3-W,188879.945,659489.577,POINT (188879.945 659489.577000001)
1066,513058,Mgt2-E,189594.9552,659405.8455,POINT (189594.95519782297 659405.845508739)
1067,513058,Mgt2-W,189594.9552,659405.8455,POINT (189594.95519782297 659405.845508739)
1068,513058,Mgt3-E,189594.9552,659405.8455,POINT (189594.95519782297 659405.845508739)
1069,513058,Mgt3-W,189594.9552,659405.8455,POINT (189594.95519782297 659405.845508739)
1070,513059,Mgt2-E,189943.6694,659370.2985,POINT (189943.669377616 659370.298497998)
1071,513059,Mgt2-W,189943.6694,659370.2985,POINT (189943.669377616 659370.298497998)
1072,513059,Mgt3-E,189943.6694,659370.2985,POINT (189943.669377616 659370.298497998)
1073,513059,Mgt3-W,189943.6694,659370.2985,POINT (189943.669377616 659370.298497998)
1074,513060,Mgt2-W,191564.8597,659355.0756,POINT (191564.85968970097 659355.075601186)
1075,513060,Mgt3-W,191564.8597,659355.0756,POINT (191564.85968970097 659355.075601186)
1076,513061,Mgt2-E,188411.0469,659926.5218,POINT (188411.04694291603 659926.521767882)
1077,513061,Mgt2-W,188411.0469,659926.5218,POINT (188411.04694291603 659926.521767882)
1078,513061,Mgt3-E,188411.0469,659926.5218,POINT (188411.04694291603 659926.521767882)
1079,513061,Mgt3-W,188411.0469,659926.5218,POINT (188411.04694291603 659926.521767882)
1080,513062,Mgt2-E,185283.738,660469.3038,POINT (185283.73795103005 660469.3038061241)
1081,513062,Mgt2-W,185283.738,660469.3038,POINT (185283.73795103005 660469.3038061241)
1082,513062,Mgt3-E,185283.738,660469.3038,POINT (185283.73795103005 660469.3038061241)
1083,513062,Mgt3-W,185283.738,660469.3038,POINT (185283.73795103005 660469.3038061241)
1084,513063,Mgt2-E,184909.4261,661035.1236,POINT (184909.426116752 661035.1236024221)
1085,513063,Mgt2-W,184909.4261,661035.1236,POINT (184909.426116752 661035.1236024221)
1086,513063,Mgt3-E,184909.4261,661035.1236,POINT (184909.426116752 661035.1236024221)
1087,513063,Mgt3-W,184909.4261,661035.1236,POINT (184909.426116752 661035.1236024221)
1088,513065,Mgt2-E,187957.0868,660163.4067,POINT (187957.08676171 660163.4066755981)
1089,513065,Mgt2-W,187957.0868,660163.4067,POINT (187957.08676171 660163.4066755981)
1090,513065,Mgt3-E,187957.0868,660163.4067,POINT (187957.08676171 660163.4066755981)
1091,513065,Mgt3-W,187957.0868,660163.4067,POINT (187957.08676171 660163.4066755981)
1092,514033,Yelw-N,183649.094,670171.92,POINT (183649.094 670171.9199999989)
1093,514033,Yelw-S,183649.094,670171.92,POINT (183649.094 670171.9199999989)
1094,514034,Yelw-N,184048.768,670629.882,POINT (184048.768 670629.882)
1095,514034,Yelw-S,184048.768,670629.882,POINT (184048.768 670629.882)
1096,514035,Yelw-N,184398.6778,671225.8407,POINT (184398.67783511305 671225.8406527112)
1097,514035,Yelw-S,184398.6778,671225.8407,POINT (184398.67783511305 671225.8406527112)
1098,515002,BRT2-1,187270.9564,648249.2303,POINT (187270.956421165 648249.2303412518)
1099,515002,BRT2-2,187270.9564,648249.2303,POINT (187270.956421165 648249.2303412518)
1100,515003,BRT2-1,186475.5615,648305.4926,POINT (186475.56147075896 648305.4926103819)
1101,515003,BRT2-2,186475.5615,648305.4926,POINT (186475.56147075896 648305.4926103819)
1102,515004,BRT2-1,185190.0439,649738.1857,POINT (185190.043926088 649738.1856662261)
1103,515004,BRT2-2,185190.0439,649738.1857,POINT (185190.043926088 649738.1856662261)
1104,515005,BRT2-1,185203.5523,650370.7196,POINT (185203.552334125 650370.719606475)
1105,515005,BRT2-2,185203.5523,650370.7196,POINT (185203.552334125 650370.719606475)
1106,515006,BRT2-1,185202.4174,650741.536,POINT (185202.417402511 650741.5360245771)
1107,515006,BRT2-2,185202.4174,650741.536,POINT (185202.417402511 650741.5360245771)
1108,515007,BRT2-1,185154.9356,651412.2333,POINT (185154.935575276 651412.233277227)
1109,515007,BRT2-2,185154.9356,651412.2333,POINT (185154.935575276 651412.233277227)
1110,515008,BRT1-1,184061.4,652539.6259,POINT (184061.39999532097 652539.62594659)
1111,515008,BRT1-2,184061.4,652539.6259,POINT (184061.39999532097 652539.62594659)
1112,515010,BRT2-2,185119.385,652886.2747,POINT (185119.384975326 652886.2747133928)
1113,515013,BRT1-1,183796.9724,652018.9423,POINT (183796.97243282097 652018.942284267)
1114,515013,BRT1-2,183796.9724,652018.9423,POINT (183796.97243282097 652018.942284267)
1115,515014,BRT1-1,182898.9629,652303.9991,POINT (182898.96293723505 652303.9991113109)
1116,515014,BRT1-2,182898.9629,652303.9991,POINT (182898.96293723505 652303.9991113109)
1117,515018,BRT1-1,181584.5034,652429.2941,POINT (181584.503438355 652429.2941074399)
1118,515018,BRT1-2,181584.5034,652429.2941,POINT (181584.503438355 652429.2941074399)
1119,515019,BRT1-1,190061.7636,652533.2935,POINT (190061.763572189 652533.2935308949)
1120,515019,BRT1-2,190061.7636,652533.2935,POINT (190061.763572189 652533.2935308949)
1121,515021,BRT1-1,180670.2956,652473.551,POINT (180670.295647071 652473.550999712)
1122,515021,BRT1-2,180670.2956,652473.551,POINT (180670.295647071 652473.550999712)
1123,515022,BRT1-1,179801.8133,652688.481,POINT (179801.813334436 652688.480989141)
1124,515022,BRT1-2,179801.8133,652688.481,POINT (179801.813334436 652688.480989141)
1125,515026,BRT1-1,181260.3448,652398.1122,POINT (181260.3448472 652398.112216225)
1126,515026,BRT1-2,181260.3448,652398.1122,POINT (181260.3448472 652398.112216225)
1127,515027,BRT1-1,182416.6575,652252.8062,POINT (182416.65752199703 652252.806239453)
1128,515027,BRT1-2,182416.6575,652252.8062,POINT (182416.65752199703 652252.806239453)
1129,515037,BRT1-1,189292.1133,649395.4525,POINT (189292.11334761904 649395.4525218881)
1130,515037,BRT1-2,189292.1133,649395.4525,POINT (189292.11334761904 649395.4525218881)
1131,515037,BRT2-1,189292.1133,649395.4525,POINT (189292.11334761904 649395.4525218881)
1132,515037,BRT2-2,189292.1133,649395.4525,POINT (189292.11334761904 649395.4525218881)
1133,515038,BRT1-1,189673.983,650107.7694,POINT (189673.98299509895 650107.7693956749)
1134,515038,BRT1-2,189673.983,650107.7694,POINT (189673.98299509895 650107.7693956749)
1135,515038,BRT2-1,189673.983,650107.7694,POINT (189673.98299509895 650107.7693956749)
1136,515038,BRT2-2,189673.983,650107.7694,POINT (189673.98299509895 650107.7693956749)
1137,515041,BRT2-1,187521.8818,648649.8381,POINT (187521.88179925497 648649.838108292)
1138,515041,BRT2-2,187521.8818,648649.8381,POINT (187521.88179925497 648649.838108292)
1139,515045,BRT1-1,188649.161,648273.2337,POINT (188649.160985198 648273.2336726161)
1140,515045,BRT1-2,188649.161,648273.2337,POINT (188649.160985198 648273.2336726161)
1141,515045,BRT2-1,188649.161,648273.2337,POINT (188649.160985198 648273.2336726161)
1142,515045,BRT2-2,188649.161,648273.2337,POINT (188649.160985198 648273.2336726161)
1143,515046,BRT2-1,185809.0651,648399.0298,POINT (185809.065064958 648399.0298347321)
1144,515046,BRT2-2,185809.0651,648399.0298,POINT (185809.065064958 648399.0298347321)
1145,515048,BRT2-1,185094.9941,651876.3866,POINT (185094.994126872 651876.386561155)
1146,515048,BRT2-2,185094.9941,651876.3866,POINT (185094.994126872 651876.386561155)
1147,515049,BRT1-1,180340.092,652508.9076,POINT (180340.092045244 652508.9076365321)
1148,515049,BRT1-2,180340.092,652508.9076,POINT (180340.092045244 652508.9076365321)
1149,515060,BRT1-1,187820.2914,648862.3154,POINT (187820.291440518 648862.3154035001)
1150,515060,BRT1-2,187820.2914,648862.3154,POINT (187820.291440518 648862.3154035001)
1151,515061,BRT1-1,187531.7801,649554.0586,POINT (187531.78010931303 649554.0586152001)
1152,515061,BRT1-2,187531.7801,649554.0586,POINT (187531.78010931303 649554.0586152001)
1153,515063,BRT1-1,186706.8634,651006.1884,POINT (186706.86344494 651006.1884481779)
1154,515063,BRT1-2,186706.8634,651006.1884,POINT (186706.86344494 651006.1884481779)
1155,515064,BRT1-1,186097.3886,652113.6554,POINT (186097.388640877 652113.655354192)
1156,515064,BRT1-2,186097.3886,652113.6554,POINT (186097.388640877 652113.655354192)
1157,515065,BRT1-1,185463.4019,653007.2402,POINT (185463.401883233 653007.2401755289)
1158,515065,BRT1-2,185463.4019,653007.2402,POINT (185463.401883233 653007.2401755289)
1159,515066,BRT1-1,185152.0025,653575.296,POINT (185152.002469266 653575.295984742)
1160,515066,BRT1-2,185152.0025,653575.296,POINT (185152.002469266 653575.295984742)
1161,515067,BRT1-1,184596.5992,653295.265,POINT (184596.59920766 653295.264989191)
1162,515067,BRT1-2,184596.5992,653295.265,POINT (184596.59920766 653295.264989191)
1163,515068,BRT1-1,183853.2966,652883.3801,POINT (183853.296615246 652883.3800855811)
1164,515068,BRT1-2,183853.2966,652883.3801,POINT (183853.296615246 652883.3800855811)
1165,515069,BRT1-1,189223.2363,652557.8529,POINT (189223.23633682 652557.8529342262)
1166,515069,BRT1-2,189223.2363,652557.8529,POINT (189223.23633682 652557.8529342262)
1167,515070,BRT1-1,190691.6795,652342.3207,POINT (190691.679497214 652342.320738668)
1168,515070,BRT1-2,190691.6795,652342.3207,POINT (190691.679497214 652342.320738668)
1169,515070,BRT2-1,190691.6795,652342.3207,POINT (190691.679497214 652342.320738668)
1170,515070,BRT2-2,190691.6795,652342.3207,POINT (190691.679497214 652342.320738668)
1171,515072,BRT1-1,189449.5681,649637.9638,POINT (189449.568127378 649637.963791462)
1172,515072,BRT1-2,189449.5681,649637.9638,POINT (189449.568127378 649637.963791462)
1173,515072,BRT2-1,189449.5681,649637.9638,POINT (189449.568127378 649637.963791462)
1174,515072,BRT2-2,189449.5681,649637.9638,POINT (189449.568127378 649637.963791462)
1175,515073,BRT2-1,185261.883,649275.7955,POINT (185261.88301415 649275.7955425269)
1176,515073,BRT2-2,185261.883,649275.7955,POINT (185261.88301415 649275.7955425269)
1177,515074,BRT2-1,185255.6308,652704.1096,POINT (185255.63080994305 652704.109566308)
1178,515074,BRT2-2,185255.6308,652704.1096,POINT (185255.63080994305 652704.109566308)
1179,515075,BRT1-1,183442.9602,652150.8151,POINT (183442.960192092 652150.8150886461)
1180,515075,BRT1-2,183442.9602,652150.8151,POINT (183442.960192092 652150.8150886461)
1181,515078,BRT1-1,190618.1317,652006.1632,POINT (190618.131749074 652006.1632356871)
1182,515078,BRT1-2,190618.1317,652006.1632,POINT (190618.131749074 652006.1632356871)
1183,515078,BRT2-1,190618.1317,652006.1632,POINT (190618.131749074 652006.1632356871)
1184,515078,BRT2-2,190618.1317,652006.1632,POINT (190618.131749074 652006.1632356871)
1185,515081,BRT1-1,190100.1045,650792.4588,POINT (190100.10451746 650792.4588324962)
1186,515081,BRT1-2,190100.1045,650792.4588,POINT (190100.10451746 650792.4588324962)
1187,515081,BRT2-1,190100.1045,650792.4588,POINT (190100.10451746 650792.4588324962)
1188,515081,BRT2-2,190100.1045,650792.4588,POINT (190100.10451746 650792.4588324962)
1189,515083,BRT1-1,188943.1265,648981.5983,POINT (188943.126528445 648981.598307788)
1190,515083,BRT1-2,188943.1265,648981.5983,POINT (188943.126528445 648981.598307788)
1191,515083,BRT2-1,188943.1265,648981.5983,POINT (188943.126528445 648981.598307788)
1192,515083,BRT2-2,188943.1265,648981.5983,POINT (188943.126528445 648981.598307788)
1193,515086,BRT1-1,188136.121,648376.8072,POINT (188136.12095464 648376.807184219)
1194,515086,BRT1-2,188136.121,648376.8072,POINT (188136.12095464 648376.807184219)
1195,515086,BRT2-1,188136.121,648376.8072,POINT (188136.12095464 648376.807184219)
1196,515086,BRT2-2,188136.121,648376.8072,POINT (188136.12095464 648376.807184219)
1197,515087,East-S,186001.8729,658876.6669,POINT (186001.872894 658876.6668890001)
1198,515114,BRT1-1,187582.5694,649358.638,POINT (187582.569391824 649358.637965302)
1199,515114,BRT1-2,187582.5694,649358.638,POINT (187582.569391824 649358.637965302)
1200,515115,BRT2-1,191098.0494,652428.6302,POINT (191098.049415198 652428.6302234391)
1201,515115,BRT2-2,191098.0494,652428.6302,POINT (191098.049415198 652428.6302234391)
1202,515116,BRT2-1,190964.787,653191.2072,POINT (190964.78700942703 653191.2071628299)
1203,515116,BRT2-2,190964.787,653191.2072,POINT (190964.78700942703 653191.2071628299)
1204,515117,BRT2-1,191391.9491,655205.8018,POINT (191391.94911452 655205.8018367551)
1205,515117,BRT2-2,191391.9491,655205.8018,POINT (191391.94911452 655205.8018367551)
1206,515118,BRT2-1,192161.8823,654678.1462,POINT (192161.882295084 654678.146194179)
1207,515118,BRT2-2,192161.8823,654678.1462,POINT (192161.882295084 654678.146194179)
1208,515120,BRT2-1,192003.4193,655100.6919,POINT (192003.41932948603 655100.691917683)
1209,515801,BRT1-1,190432.3273,651797.4403,POINT (190432.32725546203 651797.4402878232)
1210,515801,BRT1-2,190432.3273,651797.4403,POINT (190432.32725546203 651797.4402878232)
1211,515801,BRT2-1,190432.3273,651797.4403,POINT (190432.32725546203 651797.4402878232)
1212,515801,BRT2-2,190432.3273,651797.4403,POINT (190432.32725546203 651797.4402878232)
1213,515802,BRT1-1,190221.62,651306.2396,POINT (190221.619964174 651306.239623794)
1214,515802,BRT1-2,190221.62,651306.2396,POINT (190221.619964174 651306.239623794)
1215,515802,BRT2-1,190221.62,651306.2396,POINT (190221.619964174 651306.239623794)
1216,515802,BRT2-2,190221.62,651306.2396,POINT (190221.619964174 651306.239623794)
1217,516000,ART1-2,176497.7637,654359.248,POINT (176497.76367837 654359.2480365371)
1218,516003,ART1-1,176286.0623,654561.8821,POINT (176286.06226514 654561.882145136)
1219,516003,ART1-2,176286.0623,654561.8821,POINT (176286.06226514 654561.882145136)
1220,516004,ART1-1,176380.8357,654954.0398,POINT (176380.835747645 654954.039840875)
1221,516004,ART1-2,176380.8357,654954.0398,POINT (176380.835747645 654954.039840875)
1222,516006,ART1-1,176553.0248,655370.8368,POINT (176553.024750768 655370.8367916011)
1223,516006,ART1-2,176553.0248,655370.8368,POINT (176553.024750768 655370.8367916011)
1224,516006,ART2-1,176553.0248,655370.8368,POINT (176553.024750768 655370.8367916011)
1225,516006,ART2-2,176553.0248,655370.8368,POINT (176553.024750768 655370.8367916011)
1226,516007,ART1-1,176871.1969,655199.6526,POINT (176871.19688586003 655199.652575445)
1227,516007,ART1-2,176871.1969,655199.6526,POINT (176871.19688586003 655199.652575445)
1228,516007,ART2-1,176871.1969,655199.6526,POINT (176871.19688586003 655199.652575445)
1229,516007,ART2-2,176871.1969,655199.6526,POINT (176871.19688586003 655199.652575445)
1230,516008,ART1-1,177163.5897,655059.9453,POINT (177163.589749575 655059.945288912)
1231,516008,ART1-2,177163.5897,655059.9453,POINT (177163.589749575 655059.945288912)
1232,516008,ART2-1,177163.5897,655059.9453,POINT (177163.589749575 655059.945288912)
1233,516008,ART2-2,177163.5897,655059.9453,POINT (177163.589749575 655059.945288912)
1234,516009,ART1-1,177369.7714,654999.5628,POINT (177369.77136351902 654999.562752675)
1235,516009,ART1-2,177369.7714,654999.5628,POINT (177369.77136351902 654999.562752675)
1236,516009,ART2-1,177369.7714,654999.5628,POINT (177369.77136351902 654999.562752675)
1237,516009,ART2-2,177369.7714,654999.5628,POINT (177369.77136351902 654999.562752675)
1238,516010,ART1-1,177815.3666,654886.9194,POINT (177815.36656305596 654886.919441113)
1239,516010,ART1-2,177815.3666,654886.9194,POINT (177815.36656305596 654886.919441113)
1240,516010,ART2-1,177815.3666,654886.9194,POINT (177815.36656305596 654886.919441113)
1241,516010,ART2-2,177815.3666,654886.9194,POINT (177815.36656305596 654886.919441113)
1242,516013,ART1-1,178602.7625,654470.9418,POINT (178602.762546549 654470.9417812931)
1243,516013,ART1-2,178602.7625,654470.9418,POINT (178602.762546549 654470.9417812931)
1244,516013,ART2-1,178602.7625,654470.9418,POINT (178602.762546549 654470.9417812931)
1245,516013,ART2-2,178602.7625,654470.9418,POINT (178602.762546549 654470.9417812931)
1246,516016,ART1-1,179319.37,654160.1145,POINT (179319.369978833 654160.114522327)
1247,516016,ART1-2,179319.37,654160.1145,POINT (179319.369978833 654160.114522327)
1248,516016,ART2-1,179319.37,654160.1145,POINT (179319.369978833 654160.114522327)
1249,516016,ART2-2,179319.37,654160.1145,POINT (179319.369978833 654160.114522327)
1250,516018,ART1-1,179048.9385,653616.2646,POINT (179048.938470276 653616.264645328)
1251,516018,ART1-2,179048.9385,653616.2646,POINT (179048.938470276 653616.264645328)
1252,516018,ART2-1,179048.9385,653616.2646,POINT (179048.938470276 653616.264645328)
1253,516018,ART2-2,179048.9385,653616.2646,POINT (179048.938470276 653616.264645328)
1254,516020,ART1-1,178798.104,653171.6464,POINT (178798.10397166104 653171.6464495719)
1255,516020,ART1-2,178798.104,653171.6464,POINT (178798.10397166104 653171.6464495719)
1256,516020,ART2-1,178798.104,653171.6464,POINT (178798.10397166104 653171.6464495719)
1257,516020,ART2-2,178798.104,653171.6464,POINT (178798.10397166104 653171.6464495719)
1258,516021,ART1-1,179277.9255,652935.5414,POINT (179277.92551009095 652935.541374253)
1259,516021,ART1-2,179277.9255,652935.5414,POINT (179277.92551009095 652935.541374253)
1260,516021,ART2-1,179277.9255,652935.5414,POINT (179277.92551009095 652935.541374253)
1261,516021,ART2-2,179277.9255,652935.5414,POINT (179277.92551009095 652935.541374253)
1262,516022,ART1-1,179775.0125,652712.8275,POINT (179775.012517169 652712.827488063)
1263,516022,ART1-2,179775.0125,652712.8275,POINT (179775.012517169 652712.827488063)
1264,516022,ART2-1,179775.0125,652712.8275,POINT (179775.012517169 652712.827488063)
1265,516022,ART2-2,179775.0125,652712.8275,POINT (179775.012517169 652712.827488063)
1266,516023,ART1-1,180318.8812,652527.7142,POINT (180318.881246557 652527.7141848579)
1267,516023,ART1-2,180318.8812,652527.7142,POINT (180318.881246557 652527.7141848579)
1268,516023,ART2-1,180318.8812,652527.7142,POINT (180318.881246557 652527.7141848579)
1269,516023,ART2-2,180318.8812,652527.7142,POINT (180318.881246557 652527.7141848579)
1270,516024,ART1-1,180645.6935,652484.6083,POINT (180645.69347966803 652484.6083338889)
1271,516024,ART1-2,180645.6935,652484.6083,POINT (180645.69347966803 652484.6083338889)
1272,516024,ART2-1,180645.6935,652484.6083,POINT (180645.69347966803 652484.6083338889)
1273,516024,ART2-2,180645.6935,652484.6083,POINT (180645.69347966803 652484.6083338889)
1274,516025,ART1-1,181277.1195,652405.8345,POINT (181277.119500225 652405.834479601)
1275,516025,ART1-2,181277.1195,652405.8345,POINT (181277.119500225 652405.834479601)
1276,516025,ART2-1,181277.1195,652405.8345,POINT (181277.119500225 652405.834479601)
1277,516025,ART2-2,181277.1195,652405.8345,POINT (181277.119500225 652405.834479601)
1278,516026,ART1-1,181565.717,652436.0143,POINT (181565.716994992 652436.014257584)
1279,516026,ART1-2,181565.717,652436.0143,POINT (181565.716994992 652436.014257584)
1280,516026,ART2-1,181565.717,652436.0143,POINT (181565.716994992 652436.014257584)
1281,516026,ART2-2,181565.717,652436.0143,POINT (181565.716994992 652436.014257584)
1282,516029,ART1-1,182001.387,652205.225,POINT (182001.38699585295 652205.224996439)
1283,516029,ART1-2,182001.387,652205.225,POINT (182001.38699585295 652205.224996439)
1284,516029,ART2-1,182001.387,652205.225,POINT (182001.38699585295 652205.224996439)
1285,516029,ART2-2,182001.387,652205.225,POINT (182001.38699585295 652205.224996439)
1286,516032,ART1-1,182904.0414,652299.511,POINT (182904.041430544 652299.510991393)
1287,516032,ART1-2,182904.0414,652299.511,POINT (182904.041430544 652299.510991393)
1288,516032,ART2-1,182904.0414,652299.511,POINT (182904.041430544 652299.510991393)
1289,516032,ART2-2,182904.0414,652299.511,POINT (182904.041430544 652299.510991393)
1290,516035,ART1-1,183434.802,652130.3475,POINT (183434.801958238 652130.347531209)
1291,516035,ART1-2,183434.802,652130.3475,POINT (183434.801958238 652130.347531209)
1292,516035,ART2-1,183434.802,652130.3475,POINT (183434.801958238 652130.347531209)
1293,516035,ART2-2,183434.802,652130.3475,POINT (183434.801958238 652130.347531209)
1294,516037,ART1-1,183800.8332,652009.5358,POINT (183800.83315741704 652009.5358210901)
1295,516037,ART1-2,183800.8332,652009.5358,POINT (183800.83315741704 652009.5358210901)
1296,516037,ART2-1,183800.8332,652009.5358,POINT (183800.83315741704 652009.5358210901)
1297,516037,ART2-2,183800.8332,652009.5358,POINT (183800.83315741704 652009.5358210901)
1298,516039,ART1-1,184063.3676,652356.4477,POINT (184063.367629342 652356.4476935981)
1299,516039,ART1-2,184063.3676,652356.4477,POINT (184063.367629342 652356.4476935981)
1300,516039,ART2-1,184063.3676,652356.4477,POINT (184063.367629342 652356.4476935981)
1301,516039,ART2-2,184063.3676,652356.4477,POINT (184063.367629342 652356.4476935981)
1302,516042,ART1-1,184633.8822,652741.1745,POINT (184633.88217209297 652741.1744722929)
1303,516042,ART1-2,184633.8822,652741.1745,POINT (184633.88217209297 652741.1744722929)
1304,516042,ART2-1,184633.8822,652741.1745,POINT (184633.88217209297 652741.1744722929)
1305,516042,ART2-2,184633.8822,652741.1745,POINT (184633.88217209297 652741.1744722929)
1306,516043,ART1-1,185118.3527,652872.6019,POINT (185118.352705528 652872.6018832201)
1307,516043,ART2-1,185118.3527,652872.6019,POINT (185118.352705528 652872.6018832201)
1308,521035,Yelw-S,189377.3772,649585.2272,POINT (189377.3771727 649585.2272302549)
1309,521039,East-S,190180.424,676055.7346,POINT (190180.423981675 676055.7346097509)
1310,521041,Yelw-N,187364.5792,648671.5042,POINT (187364.579226 648671.5041579999)
1311,521041,Yelw-S,187364.5792,648671.5042,POINT (187364.579226 648671.5041579999)
1312,521043,East-N,189874.8229,650356.5694,POINT (189874.822913 650356.569377)
1313,521043,East-S,189874.8229,650356.5694,POINT (189874.822913 650356.569377)
1314,521043,Yelw-N,189874.8229,650356.5694,POINT (189874.822913 650356.569377)
1315,521043,Yelw-S,189874.8229,650356.5694,POINT (189874.822913 650356.569377)
1316,521044,East-N,189324.6027,649491.7435,POINT (189324.602666 649491.743488)
1317,521044,East-S,189324.6027,649491.7435,POINT (189324.602666 649491.743488)
1318,521044,Yelw-N,189324.6027,649491.7435,POINT (189324.602666 649491.743488)
1319,521045,East-N,188417.8706,648406.7954,POINT (188417.870573 648406.795431)
1320,521045,East-S,188417.8706,648406.7954,POINT (188417.870573 648406.795431)
1321,521045,Yelw-N,188417.8706,648406.7954,POINT (188417.870573 648406.795431)
1322,521045,Yelw-S,188417.8706,648406.7954,POINT (188417.870573 648406.795431)
1323,521046,Yelw-N,186423.3431,649174.5272,POINT (186423.343124 649174.527209)
1324,521046,Yelw-S,186423.3431,649174.5272,POINT (186423.343124 649174.527209)
1325,521047,Yelw-N,185201.7616,650581.91,POINT (185201.761561 650581.909987)
1326,521047,Yelw-S,185201.7616,650581.91,POINT (185201.761561 650581.909987)
1327,521048,Yelw-N,185136.5701,652079.1246,POINT (185136.570062 652079.124553)
1328,521048,Yelw-S,185136.5701,652079.1246,POINT (185136.570062 652079.124553)
1329,521049,Yelw-N,185146.0403,653071.6668,POINT (185146.04034100004 653071.6668100001)
1330,521049,Yelw-S,185146.0403,653071.6668,POINT (185146.04034100004 653071.6668100001)
1331,521050,Yelw-N,183291.3598,653282.2842,POINT (183291.359806 653282.2841969999)
1332,521050,Yelw-S,183291.3598,653282.2842,POINT (183291.359806 653282.2841969999)
1333,521051,Yelw-N,181982.9704,654300.6641,POINT (181982.970427 654300.664123)
1334,521051,Yelw-S,181982.9704,654300.6641,POINT (181982.970427 654300.664123)
1335,521052,Yelw-N,184298.2763,653110.2764,POINT (184298.27633100003 653110.2764089999)
1336,521052,Yelw-S,184298.2763,653110.2764,POINT (184298.27633100003 653110.2764089999)
1337,521053,Yelw-N,185216.1383,649417.6416,POINT (185216.138303 649417.6416000001)
1338,521053,Yelw-S,185216.1383,649417.6416,POINT (185216.138303 649417.6416000001)
1339,521067,Yelw-N,186324.3613,672814.9079,POINT (186324.361347 672814.907874)
1340,521067,Yelw-S,186324.3613,672814.9079,POINT (186324.361347 672814.907874)
1341,521068,Yelw-N,187337.4847,672657.003,POINT (187337.484714 672657.0030260001)
1342,521068,Yelw-S,187337.4847,672657.003,POINT (187337.484714 672657.0030260001)
1343,521069,Yelw-N,188651.5618,672483.8594,POINT (188651.561841 672483.859441)
1344,521069,Yelw-S,188651.5618,672483.8594,POINT (188651.561841 672483.859441)
1345,521070,Yelw-N,189857.6068,672295.5681,POINT (189857.60684100003 672295.5680930001)
1346,521070,Yelw-S,189857.6068,672295.5681,POINT (189857.60684100003 672295.5680930001)
1347,521071,East-N,190212.1762,673771.3212,POINT (190212.176185 673771.321174)
1348,521071,East-S,190212.1762,673771.3212,POINT (190212.176185 673771.321174)
1349,521072,East-N,186003.0151,659295.532,POINT (186003.01505 659295.531998)
1350,521078,East-N,190425.4502,651667.7587,POINT (190425.450210946 651667.7586878771)
1351,521078,East-S,190425.4502,651667.7587,POINT (190425.450210946 651667.7586878771)
1352,521078,Yelw-N,190425.4502,651667.7587,POINT (190425.450210946 651667.7586878771)
1353,521078,Yelw-S,190425.4502,651667.7587,POINT (190425.450210946 651667.7586878771)
1354,521079,Yelw-N,190013.5272,652532.3715,POINT (190013.527202255 652532.371523762)
1355,521079,Yelw-S,190013.5272,652532.3715,POINT (190013.527202255 652532.371523762)
1356,521080,Yelw-N,188679.0952,652736.7345,POINT (188679.095242048 652736.7345240869)
1357,522001,Me02-E,177984.6243,662337.0606,POINT (177984.624318 662337.060648)
1358,522001,Me02-W,177984.6243,662337.0606,POINT (177984.624318 662337.060648)
1359,522002,Me02-E,178041.1365,663747.5343,POINT (178041.13648599997 663747.534288)
1360,522002,Me02-W,178041.1365,663747.5343,POINT (178041.13648599997 663747.534288)
1361,522003,Me02-E,178554.9929,664210.6611,POINT (178554.992883 664210.6610650001)
1362,522003,Me02-W,178554.9929,664210.6611,POINT (178554.992883 664210.6610650001)
1363,522004,Me02-E,179298.6056,664392.3544,POINT (179298.60562100002 664392.354413)
1364,522004,Me02-W,179298.6056,664392.3544,POINT (179298.60562100002 664392.354413)
1365,522005,Me02-E,179907.9173,664091.1487,POINT (179907.91729900002 664091.148699)
1366,522005,Me02-W,179907.9173,664091.1487,POINT (179907.91729900002 664091.148699)
1367,522006,Me02-E,180843.9582,664399.2502,POINT (180843.958226 664399.250182)
1368,522006,Me02-W,180843.9582,664399.2502,POINT (180843.958226 664399.250182)
1369,522007,Me02-E,181978.1091,664730.376,POINT (181978.10908 664730.375986)
1370,522007,Me02-W,181978.1091,664730.376,POINT (181978.10908 664730.375986)
1371,522008,Me02-E,182863.7038,664783.7161,POINT (182863.703814 664783.716095)
1372,522008,Me02-W,182863.7038,664783.7161,POINT (182863.703814 664783.716095)
1373,522009,Me02-E,183740.7005,664644.4053,POINT (183740.700483 664644.405333)
1374,522009,Me02-W,183740.7005,664644.4053,POINT (183740.700483 664644.405333)
1375,522010,Me02-E,184538.3359,664717.2943,POINT (184538.335922 664717.2943129998)
1376,522010,Me02-W,184538.3359,664717.2943,POINT (184538.335922 664717.2943129998)
1377,522011,Me02-E,185980.398,664544.4913,POINT (185980.397988 664544.4912830001)
1378,522011,Me02-W,185980.398,664544.4913,POINT (185980.397988 664544.4912830001)
1379,522012,Me02-E,187018.5855,664535.8308,POINT (187018.585488 664535.8307820001)
1380,522012,Me02-W,187018.5855,664535.8308,POINT (187018.585488 664535.8307820001)
1381,522013,Me02-E,187915.5416,665083.653,POINT (187915.541597 665083.652988)
1382,522013,Me02-W,187915.5416,665083.653,POINT (187915.541597 665083.652988)
1383,522014,Me02-E,188567.2219,665808.4525,POINT (188567.221893 665808.452471)
1384,522014,Me02-W,188567.2219,665808.4525,POINT (188567.221893 665808.452471)
1385,522015,Me02-E,190934.2245,665562.9191,POINT (190934.224463 665562.919076)
1386,522015,Me02-W,190934.2245,665562.9191,POINT (190934.224463 665562.919076)
1387,522016,Me02-E,191993.2278,666628.334,POINT (191993.227807 666628.334013)
1388,522016,Me02-W,191993.2278,666628.334,POINT (191993.227807 666628.334013)
1389,522017,Me02-W,191189.5004,668548.9086,POINT (191189.50038158504 668548.908577179)
1390,522018,Me02-E,177532.4713,659134.6498,POINT (177532.47133173002 659134.6498197749)
1391,522022,Me02-E,189684.4972,665955.1839,POINT (189684.497197 665955.183903)
1392,522022,Me02-W,189684.4972,665955.1839,POINT (189684.497197 665955.183903)
1393,522024,Me02-E,191706.2066,665586.5332,POINT (191706.206589 665586.533153)
1394,522024,Me02-W,191706.2066,665586.5332,POINT (191706.206589 665586.533153)
1395,522025,Me02-E,177503.7032,660341.8002,POINT (177503.703169 660341.800181)
1396,522025,Me02-W,177503.7032,660341.8002,POINT (177503.703169 660341.800181)
1397,522026,Me02-E,177735.4825,661406.1231,POINT (177735.48248399998 661406.123102)
1398,522026,Me02-W,177735.4825,661406.1231,POINT (177735.48248399998 661406.123102)
1399,522027,Me02-E,185304.2168,664781.6689,POINT (185304.21684700003 664781.668868)
1400,522027,Me02-W,185304.2168,664781.6689,POINT (185304.21684700003 664781.668868)
1401,523000,Me03-L,175744.2743,657286.4431,POINT (175744.274336 657286.443146)
1402,523000,Me03-R,175744.2743,657286.4431,POINT (175744.274336 657286.443146)
1403,523001,Me03-L,176928.2022,658122.917,POINT (176928.202194 658122.917009)
1404,523001,Me03-R,176928.2022,658122.917,POINT (176928.202194 658122.917009)
1405,523002,Me03-L,177804.8828,658040.5093,POINT (177804.88282 658040.509336)
1406,523002,Me03-R,177804.8828,658040.5093,POINT (177804.88282 658040.509336)
1407,523003,Me03-L,178750.6763,657861.9466,POINT (178750.676312 657861.9466120001)
1408,523003,Me03-R,178750.6763,657861.9466,POINT (178750.676312 657861.9466120001)
1409,523004,Me03-L,179684.657,657599.9577,POINT (179684.657015 657599.9576740001)
1410,523004,Me03-R,179684.657,657599.9577,POINT (179684.657015 657599.9576740001)
1411,523005,Me03-L,180867.0398,657621.7551,POINT (180867.039847 657621.75506)
1412,523005,Me03-R,180867.0398,657621.7551,POINT (180867.039847 657621.75506)
1413,523006,Me03-L,181717.1387,658667.7825,POINT (181717.138675 658667.7825459999)
1414,523006,Me03-R,181717.1387,658667.7825,POINT (181717.138675 658667.7825459999)
1415,523009,Me03-L,185487.9133,659156.1272,POINT (185487.91325246 659156.127232293)
1416,523009,Me03-R,185487.9133,659156.1272,POINT (185487.91325246 659156.127232293)
1417,523010,East-N,186344.1801,660087.3668,POINT (186344.180143 660087.366779)
1418,523010,East-S,186344.1801,660087.3668,POINT (186344.180143 660087.366779)
1419,523010,Me03-L,186344.1801,660087.3668,POINT (186344.180143 660087.366779)
1420,523010,Me03-R,186344.1801,660087.3668,POINT (186344.180143 660087.366779)
1421,523012,East-S,186924.3086,664442.0477,POINT (186924.308623 664442.047671)
1422,523012,Me03-L,186924.3086,664442.0477,POINT (186924.308623 664442.047671)
1423,523012,Me03-R,186924.3086,664442.0477,POINT (186924.308623 664442.047671)
1424,523014,East-N,187490.95,666222.221,POINT (187490.94999 666222.2209879999)
1425,523014,East-S,187490.95,666222.221,POINT (187490.94999 666222.2209879999)
1426,523014,Me03-L,187490.95,666222.221,POINT (187490.94999 666222.2209879999)
1427,523014,Me03-R,187490.95,666222.221,POINT (187490.94999 666222.2209879999)
1428,523015,East-N,187226.0145,667999.3035,POINT (187226.014545 667999.3035340001)
1429,523015,East-S,187226.0145,667999.3035,POINT (187226.014545 667999.3035340001)
1430,523015,Me03-L,187226.0145,667999.3035,POINT (187226.014545 667999.3035340001)
1431,523015,Me03-R,187226.0145,667999.3035,POINT (187226.014545 667999.3035340001)
1432,523016,Me03-L,185125.75,668764.8637,POINT (185125.749961 668764.8636800002)
1433,523016,Me03-R,185125.75,668764.8637,POINT (185125.749961 668764.8636800002)
1434,523017,Me03-L,183677.6548,669502.2614,POINT (183677.654783906 669502.2614344482)
1435,523017,Me03-R,183677.6548,669502.2614,POINT (183677.654783906 669502.2614344482)
1436,523018,Me03-L,183457.2826,670228.1076,POINT (183457.282571 670228.107602)
1437,523018,Me03-R,183457.2826,670228.1076,POINT (183457.282571 670228.107602)
1438,523019,Me03-L,182080.1281,670978.2674,POINT (182080.128085 670978.267433)
1439,523019,Me03-R,182080.1281,670978.2674,POINT (182080.128085 670978.267433)
1440,523020,Me03-L,182041.1909,672792.2459,POINT (182041.190853 672792.245868)
1441,523020,Me03-R,182041.1909,672792.2459,POINT (182041.190853 672792.245868)
1442,523021,Me03-L,182410.5597,673635.1326,POINT (182410.559733 673635.1325779998)
1443,523021,Me03-R,182410.5597,673635.1326,POINT (182410.559733 673635.1325779998)
1444,523022,East-N,187064.7687,666964.0445,POINT (187064.768727 666964.044494)
1445,523022,East-S,187064.7687,666964.0445,POINT (187064.768727 666964.044494)
1446,523022,Me03-L,187064.7687,666964.0445,POINT (187064.768727 666964.044494)
1447,523022,Me03-R,187064.7687,666964.0445,POINT (187064.768727 666964.044494)
1448,523023,East-N,185619.2081,661445.1576,POINT (185619.20807100003 661445.1576210001)
1449,523023,East-S,185619.2081,661445.1576,POINT (185619.20807100003 661445.1576210001)
1450,523023,Me03-L,185619.2081,661445.1576,POINT (185619.20807100003 661445.1576210001)
1451,523023,Me03-R,185619.2081,661445.1576,POINT (185619.20807100003 661445.1576210001)
1452,523024,East-N,186463.4217,662301.1337,POINT (186463.421727 662301.1336670001)
1453,523024,East-S,186463.4217,662301.1337,POINT (186463.421727 662301.1336670001)
1454,523024,Me03-L,186463.4217,662301.1337,POINT (186463.421727 662301.1336670001)
1455,523024,Me03-R,186463.4217,662301.1337,POINT (186463.421727 662301.1336670001)
1456,523025,East-N,187241.2756,663059.8097,POINT (187241.27560900003 663059.809746)
1457,523025,East-S,187241.2756,663059.8097,POINT (187241.27560900003 663059.809746)
1458,523025,Me03-L,187241.2756,663059.8097,POINT (187241.27560900003 663059.809746)
1459,523025,Me03-R,187241.2756,663059.8097,POINT (187241.27560900003 663059.809746)
1460,523026,Me03-L,181784.6362,674507.8526,POINT (181784.636152 674507.852593)
1461,523026,Me03-R,181784.6362,674507.8526,POINT (181784.636152 674507.852593)
1462,523028,Me03-L,175288.7556,656846.7334,POINT (175288.755619741 656846.7333682849)
1463,524002,East-N,187756.5446,656530.0024,POINT (187756.5446 656530.0023789998)
1464,524002,East-S,187756.5446,656530.0024,POINT (187756.5446 656530.0023789998)
1465,525060,LRT141,190065.5311,675928.5192,POINT (190065.531147606 675928.519226887)
1466,525060,LRT142,190065.5311,675928.5192,POINT (190065.531147606 675928.519226887)
1467,525088,East-S,190583.1498,652231.9665,POINT (190583.14982 652231.9664700001)
1468,525092,Me03-L,183151.9116,658906.1788,POINT (183151.911587 658906.178844)
1469,525092,Me03-R,183151.9116,658906.1788,POINT (183151.911587 658906.178844)
1470,525203,East-N,190205.0897,672448.5369,POINT (190205.089656215 672448.5369240062)
1471,525203,East-S,190205.0897,672448.5369,POINT (190205.089656215 672448.5369240062)
1472,525203,Yelw-S,190205.0897,672448.5369,POINT (190205.089656215 672448.5369240062)
1473,525204,East-N,190456.8504,671050.6155,POINT (190456.850390744 671050.615544749)
1474,525204,East-S,190456.8504,671050.6155,POINT (190456.850390744 671050.615544749)
1475,525205,East-N,188446.6806,669378.4672,POINT (188446.680557087 669378.467191896)
1476,525205,East-S,188446.6806,669378.4672,POINT (188446.680557087 669378.467191896)
1477,525208,East-N,187766.5931,647838.8406,POINT (187766.593055322 647838.840608475)
1478,525208,East-S,187766.5931,647838.8406,POINT (187766.593055322 647838.840608475)
1479,525209,East-N,187009.8049,647192.0644,POINT (187009.80491639292 647192.064377771)
1480,525209,East-S,187009.8049,647192.0644,POINT (187009.80491639292 647192.064377771)
1481,525210,East-N,184311.9518,644797.1337,POINT (184311.951765134 644797.1336847462)
1482,525210,East-S,184311.9518,644797.1337,POINT (184311.951765134 644797.1336847462)
1483,525211,East-N,183544.7125,643582.3557,POINT (183544.71249976705 643582.3556978112)
1484,525211,East-S,183544.7125,643582.3557,POINT (183544.71249976705 643582.3556978112)
1485,525212,East-N,182872.3466,641934.3409,POINT (182872.346570718 641934.3408650392)
1486,525233,Yelw-N,183005.3959,667469.7826,POINT (183005.395903065 667469.7826343819)
1487,525233,Yelw-S,183005.3959,667469.7826,POINT (183005.395903065 667469.7826343819)
1488,525234,Yelw-N,182748.8467,668202.1776,POINT (182748.846715444 668202.177596946)
1489,525234,Yelw-S,182748.8467,668202.1776,POINT (182748.846715444 668202.177596946)
1490,525235,Yelw-N,182933.5777,669013.7681,POINT (182933.57765668203 669013.7681104119)
1491,525235,Yelw-S,182933.5777,669013.7681,POINT (182933.57765668203 669013.7681104119)
1492,525236,Yelw-N,183252.5162,669778.6284,POINT (183252.516232335 669778.6284211131)
1493,525236,Yelw-S,183252.5162,669778.6284,POINT (183252.516232335 669778.6284211131)
1494,525239,Yelw-N,180737.105,656958.4653,POINT (180737.104953062 656958.4652936441)
1495,525239,Yelw-S,180737.105,656958.4653,POINT (180737.104953062 656958.4652936441)
1496,525240,Yelw-N,180761.1249,657675.1802,POINT (180761.12489283 657675.1801509549)
1497,525240,Yelw-S,180761.1249,657675.1802,POINT (180761.12489283 657675.1801509549)
1498,525241,Yelw-N,181056.2507,658922.5745,POINT (181056.25072905203 658922.5744681009)
1499,525241,Yelw-S,181056.2507,658922.5745,POINT (181056.25072905203 658922.5744681009)
1500,525242,Yelw-N,181678.0259,659536.742,POINT (181678.02588127 659536.742020071)
1501,525242,Yelw-S,181678.0259,659536.742,POINT (181678.02588127 659536.742020071)
1502,525243,Yelw-N,182541.1077,661350.4126,POINT (182541.10771970503 661350.41259873)
1503,525243,Yelw-S,182541.1077,661350.4126,POINT (182541.10771970503 661350.41259873)
1504,525244,Yelw-N,183453.2338,666598.9138,POINT (183453.233841144 666598.9137567801)
1505,525244,Yelw-S,183453.2338,666598.9138,POINT (183453.233841144 666598.9137567801)
1506,525245,Yelw-N,183365.255,665706.1814,POINT (183365.255003772 665706.1814374281)
1507,525245,Yelw-S,183365.255,665706.1814,POINT (183365.255003772 665706.1814374281)
1508,525246,Yelw-N,183105.2001,664726.8626,POINT (183105.20014813103 664726.8626006341)
1509,525246,Yelw-S,183105.2001,664726.8626,POINT (183105.20014813103 664726.8626006341)
1510,525247,Yelw-N,182768.4829,663638.1781,POINT (182768.48292913503 663638.1781430618)
1511,525247,Yelw-S,182768.4829,663638.1781,POINT (182768.48292913503 663638.1781430618)
1512,525248,Yelw-N,182634.2606,662908.7932,POINT (182634.26062961904 662908.7932185899)
1513,525248,Yelw-S,182634.2606,662908.7932,POINT (182634.26062961904 662908.7932185899)
1514,525286,Hz-KS2,196009.4164,676706.8294,POINT (196009.416433984 676706.8294227362)
1515,525287,Hz-KS1,195653.7336,676539.028,POINT (195653.733634121 676539.027988624)
1516,525287,Hz-KS2,195653.7336,676539.028,POINT (195653.733634121 676539.027988624)
1517,525288,Hz-KS1,195188.3127,676319.9603,POINT (195188.312699948 676319.960304265)
1518,525288,Hz-KS2,195188.3127,676319.9603,POINT (195188.312699948 676319.960304265)
1519,525289,Hz-KS1,194530.441,675998.4401,POINT (194530.44095923004 675998.440140325)
1520,525289,Hz-KS2,194530.441,675998.4401,POINT (194530.44095923004 675998.440140325)
1521,525290,Hz-KS1,194097.4916,675984.1291,POINT (194097.491623318 675984.1291109379)
1522,525290,Hz-KS2,194097.4916,675984.1291,POINT (194097.491623318 675984.1291109379)
1523,525291,Hz-KS1,193707.4408,676119.749,POINT (193707.440845454 676119.748998601)
1524,525291,Hz-KS2,193707.4408,676119.749,POINT (193707.440845454 676119.748998601)
1525,525292,Hz-KS1,193465.0875,676570.4208,POINT (193465.087527148 676570.4207846731)
1526,525292,Hz-KS2,193465.0875,676570.4208,POINT (193465.087527148 676570.4207846731)
1527,525293,Hz-KS1,192789.0367,676699.1145,POINT (192789.036675299 676699.114495833)
1528,525293,Hz-KS2,192789.0367,676699.1145,POINT (192789.036675299 676699.114495833)
1529,525294,Hz-KS1,192039.7871,676908.8245,POINT (192039.787142751 676908.8245425699)
1530,525294,Hz-KS2,192039.7871,676908.8245,POINT (192039.787142751 676908.8245425699)
1531,525295,Hz-KS1,191251.8767,677103.3084,POINT (191251.87665243295 677103.3084339171)
1532,525295,Hz-KS2,191251.8767,677103.3084,POINT (191251.87665243295 677103.3084339171)
1533,525296,Hz-KS1,190711.5172,677358.6837,POINT (190711.51720599004 677358.6837110588)
1534,525296,Hz-KS2,190711.5172,677358.6837,POINT (190711.51720599004 677358.6837110588)
1535,525297,Hz-KS1,190082.2638,677602.8011,POINT (190082.26382806004 677602.8010655621)
1536,525297,Hz-KS2,190082.2638,677602.8011,POINT (190082.26382806004 677602.8010655621)
1537,525298,Hz-KS1,189355.7964,677635.7056,POINT (189355.796415528 677635.705633524)
1538,525298,Hz-KS2,189355.7964,677635.7056,POINT (189355.796415528 677635.705633524)
1539,525299,Hz-KS1,189244.3117,678220.5894,POINT (189244.311653826 678220.5893901119)
1540,525299,Hz-KS2,189244.3117,678220.5894,POINT (189244.311653826 678220.5893901119)
1541,525300,Hz-KS1,188957.3341,678202.4143,POINT (188957.334083626 678202.414304911)
1542,525300,Hz-KS2,188957.3341,678202.4143,POINT (188957.334083626 678202.414304911)
1543,525301,Hz-KS1,188576.7836,678178.4215,POINT (188576.783578545 678178.4214523812)
1544,525301,Hz-KS2,188576.7836,678178.4215,POINT (188576.783578545 678178.4214523812)
1545,525302,Hz-KS1,188357.1292,677752.1866,POINT (188357.12924972203 677752.1866398839)
1546,525302,Hz-KS2,188357.1292,677752.1866,POINT (188357.12924972203 677752.1866398839)
1547,525303,Hz-KS1,187775.3696,677730.1267,POINT (187775.369588236 677730.1266661751)
1548,525303,Hz-KS2,187775.3696,677730.1267,POINT (187775.369588236 677730.1266661751)
1549,525304,Hz-KS1,187370.9632,677742.2795,POINT (187370.963242973 677742.2794744269)
1550,525304,Hz-KS2,187370.9632,677742.2795,POINT (187370.963242973 677742.2794744269)
1551,525305,Hz-KS1,186972.1279,677787.0657,POINT (186972.12786924705 677787.0657306861)
1552,525305,Hz-KS2,186972.1279,677787.0657,POINT (186972.12786924705 677787.0657306861)
1553,525306,Hz-KS1,186594.8217,677728.4528,POINT (186594.821676522 677728.452789899)
1554,525306,Hz-KS2,186594.8217,677728.4528,POINT (186594.821676522 677728.452789899)
1555,525307,Hz-KS1,186505.5507,677168.4873,POINT (186505.55069376 677168.4873436489)
1556,525307,Hz-KS2,186505.5507,677168.4873,POINT (186505.55069376 677168.4873436489)
1557,525308,Hz-KS1,186350.411,676527.1095,POINT (186350.411021998 676527.109454063)
1558,525308,Hz-KS2,186350.411,676527.1095,POINT (186350.411021998 676527.109454063)
1559,525309,Hz-KS1,186239.1084,675923.631,POINT (186239.108443741 675923.630969408)
1560,525309,Hz-KS2,186239.1084,675923.631,POINT (186239.108443741 675923.630969408)
1561,525310,Hz-KS1,186330.471,675444.5839,POINT (186330.471044649 675444.5839480679)
1562,525310,Hz-KS2,186330.471,675444.5839,POINT (186330.471044649 675444.5839480679)
1563,525311,Hz-KS1,186285.2766,674998.6059,POINT (186285.27663909 674998.605923887)
1564,525311,Hz-KS2,186285.2766,674998.6059,POINT (186285.27663909 674998.605923887)
1565,525312,Hz-KS1,185957.119,674956.1604,POINT (185957.118991348 674956.160437269)
1566,525312,Hz-KS2,185957.119,674956.1604,POINT (185957.118991348 674956.160437269)
1567,525313,Hz-KS1,185405.0882,674996.0861,POINT (185405.088150105 674996.0861055689)
1568,525313,Hz-KS2,185405.0882,674996.0861,POINT (185405.088150105 674996.0861055689)
1569,525314,Hz-KS1,184890.5497,674807.403,POINT (184890.54970896305 674807.402984324)
1570,525314,Hz-KS2,184890.5497,674807.403,POINT (184890.54970896305 674807.402984324)
1571,525315,Hz-KS1,184588.6286,674449.339,POINT (184588.628567594 674449.3390381819)
1572,525315,Hz-KS2,184588.6286,674449.339,POINT (184588.628567594 674449.3390381819)
1573,525316,Hz-KS1,183943.9377,674576.7202,POINT (183943.93772986904 674576.7202379)
1574,525316,Hz-KS2,183943.9377,674576.7202,POINT (183943.93772986904 674576.7202379)
1575,525317,Hz-KS1,183533.922,674583.6066,POINT (183533.922038288 674583.6066441261)
1576,525317,Hz-KS2,183533.922,674583.6066,POINT (183533.922038288 674583.6066441261)
1577,525318,Hz-KS1,183123.6335,674514.3374,POINT (183123.633542646 674514.3374020231)
1578,525318,Hz-KS2,183123.6335,674514.3374,POINT (183123.633542646 674514.3374020231)
1579,525319,Hz-KS1,182718.1555,674265.5121,POINT (182718.15545732097 674265.512079928)
1580,525319,Hz-KS2,182718.1555,674265.5121,POINT (182718.15545732097 674265.512079928)
1581,525320,Hz-KS1,182329.1095,674300.7938,POINT (182329.10945131 674300.79381358)
1582,525320,Hz-KS2,182329.1095,674300.7938,POINT (182329.10945131 674300.79381358)
1583,525321,Hz-KS1,181943.3541,674529.2103,POINT (181943.354051754 674529.210286524)
1584,525321,Hz-KS2,181943.3541,674529.2103,POINT (181943.354051754 674529.210286524)
1585,525322,Hz-KS1,181576.5133,674642.1474,POINT (181576.51332111005 674642.147441283)
1586,525322,Hz-KS2,181576.5133,674642.1474,POINT (181576.51332111005 674642.147441283)
1587,525323,Hz-KS1,181119.7194,674478.43,POINT (181119.719444779 674478.429981624)
1588,525323,Hz-KS2,181119.7194,674478.43,POINT (181119.719444779 674478.429981624)
1589,525324,Hz-KS1,180974.7237,673963.4193,POINT (180974.723741521 673963.419274729)
1590,525325,BBEld2,196977.7299,662284.733,POINT (196977.729855714 662284.7330408569)
1591,525326,BBEld1,196544.1025,662236.2896,POINT (196544.102488034 662236.2896461249)
1592,525326,BBEld2,196544.1025,662236.2896,POINT (196544.102488034 662236.2896461249)
1593,525327,BBEld1,196172.3842,662171.6523,POINT (196172.38415262892 662171.652323909)
1594,525327,BBEld2,196172.3842,662171.6523,POINT (196172.38415262892 662171.652323909)
1595,525328,BBEld1,195812.201,662076.1858,POINT (195812.20098145105 662076.1858078161)
1596,525328,BBEld2,195812.201,662076.1858,POINT (195812.20098145105 662076.1858078161)
1597,525329,BBEld1,195371.1299,662150.4079,POINT (195371.12987202 662150.407870411)
1598,525329,BBEld2,195371.1299,662150.4079,POINT (195371.12987202 662150.407870411)
1599,525330,BBEld1,194783.0884,662267.3749,POINT (194783.08843398097 662267.374854377)
1600,525330,BBEld2,194783.0884,662267.3749,POINT (194783.08843398097 662267.374854377)
1601,525331,BBEld1,194618.0878,662853.2443,POINT (194618.087785032 662853.244337173)
1602,525331,BBEld2,194618.0878,662853.2443,POINT (194618.087785032 662853.244337173)
1603,525332,BBEld1,194506.871,663269.4867,POINT (194506.871034268 663269.486728715)
1604,525332,BBEld2,194506.871,663269.4867,POINT (194506.871034268 663269.486728715)
1605,525333,BBEld1,193910.9119,663286.3733,POINT (193910.911891638 663286.373259251)
1606,525333,BBEld2,193910.9119,663286.3733,POINT (193910.911891638 663286.373259251)
1607,525334,BBEld1,193500.3275,663807.2727,POINT (193500.327497068 663807.272662931)
1608,525334,BBEld2,193500.3275,663807.2727,POINT (193500.327497068 663807.272662931)
1609,525335,BBEld1,192324.355,664071.7761,POINT (192324.35501852495 664071.7761405559)
1610,525335,BBEld2,192324.355,664071.7761,POINT (192324.35501852495 664071.7761405559)
1611,525336,BBEld1,191662.8229,664318.6503,POINT (191662.822885142 664318.6503322411)
1612,525336,BBEld2,191662.8229,664318.6503,POINT (191662.822885142 664318.6503322411)
1613,525337,BBEld1,191275.3546,664711.8438,POINT (191275.35458513297 664711.843799756)
1614,525337,BBEld2,191275.3546,664711.8438,POINT (191275.35458513297 664711.843799756)
1615,525338,BBEld1,191539.4518,665228.4806,POINT (191539.451769911 665228.480645127)
1616,525338,BBEld2,191539.4518,665228.4806,POINT (191539.451769911 665228.480645127)
1617,525339,BBEld1,191151.9169,665583.5253,POINT (191151.916917459 665583.525337467)
1618,525458,ART2-1,175322.9441,655921.6532,POINT (175322.944129498 655921.6531954281)
1619,525458,ART2-2,175322.9441,655921.6532,POINT (175322.944129498 655921.6531954281)
1620,525459,ART2-1,175830.3334,655743.804,POINT (175830.333445366 655743.8039594181)
1621,525459,ART2-2,175830.3334,655743.804,POINT (175830.333445366 655743.8039594181)
1622,525469,RH-GY2,171502.6995,631892.5201,POINT (171502.699509402 631892.520134893)
1623,525470,RH-GY1,171021.1324,632074.0353,POINT (171021.132426663 632074.035268158)
1624,525471,RH-GY1,170546.3153,632251.0566,POINT (170546.31532437302 632251.0566379812)
1625,525472,RH-GY1,171628.9108,633045.5369,POINT (171628.910806048 633045.5368845332)
1626,525473,RH-GY1,171500.0736,633326.1549,POINT (171500.073637803 633326.154880362)
1627,525474,RH-GY1,168355.6513,634999.4755,POINT (168355.65129181702 634999.475497074)
1628,525475,RH-GY1,167938.2208,635263.3127,POINT (167938.22080548704 635263.31270011)
1629,525476,RH-GY1,167966.0438,635637.0312,POINT (167966.043793989 635637.0312432151)
1630,525477,RH-GY1,168060.6392,636190.0648,POINT (168060.63921079398 636190.0647690949)
1631,525478,RH-GY1,168050.08,636462.5673,POINT (168050.08001022998 636462.567291122)
1632,525479,RH-GY1,168628.4324,636447.3708,POINT (168628.432445584 636447.3708477081)
1633,525480,RH-GY1,168883.1949,636764.1594,POINT (168883.194868307 636764.159357083)
1634,525481,RH-GY1,168947.5194,637258.8102,POINT (168947.519393248 637258.81016143)
1635,525482,RH-GY1,170135.6257,637459.0783,POINT (170135.62571804298 637459.0783437649)
1636,525483,RH-GY1,171324.6092,637616.9238,POINT (171324.609191131 637616.9237950831)
1637,525484,RH-GY1,172295.3758,636821.4684,POINT (172295.375818509 636821.4684223332)
1638,525485,RH-GY1,174785.058,636621.8764,POINT (174785.05802184 636621.876408937)
1639,525486,RH-GY2,174602.8774,636448.4589,POINT (174602.87736426602 636448.4589204551)
1640,525487,RH-GY1,175821.3279,635556.2722,POINT (175821.327918234 635556.2721738678)
1641,525488,RH-GY1,178158.0249,635616.3042,POINT (178158.02487485 635616.304167987)
1642,525489,RH-GY1,178457.6416,636017.0719,POINT (178457.641628656 636017.0719191629)
1643,525490,RH-GY1,178676.8759,636417.222,POINT (178676.87588178503 636417.2219600499)
1644,525491,RH-GY1,180451.5398,639400.0042,POINT (180451.539837581 639400.0041969509)
1645,525492,RH-GY1,182016.6989,641126.9538,POINT (182016.69890957305 641126.953779338)
1646,525493,RH-GY1,182602.7611,641671.7262,POINT (182602.761057859 641671.726193515)
1647,525494,RH-GY1,182860.8455,641909.1086,POINT (182860.845490434 641909.108554369)
1648,525507,BRT-1,196473.4578,668148.4975,POINT (196473.457774021 668148.497470735)
1649,525507,BRT-2,196473.4578,668148.4975,POINT (196473.457774021 668148.497470735)
1650,525508,BRT-1,195741.4363,668384.8437,POINT (195741.436336 668384.8436701371)
1651,525508,BRT-2,195741.4363,668384.8437,POINT (195741.436336 668384.8436701371)
1652,525509,BRT-1,195086.421,668555.4286,POINT (195086.42099444097 668555.4285825121)
1653,525509,BRT-2,195086.421,668555.4286,POINT (195086.42099444097 668555.4285825121)
1654,525510,BRT-1,194649.2024,668551.7158,POINT (194649.20243071503 668551.71581883)
1655,525510,BRT-2,194649.2024,668551.7158,POINT (194649.20243071503 668551.71581883)
1656,525511,BRT-1,194222.6856,668191.2337,POINT (194222.68559642395 668191.233732788)
1657,525511,BRT-2,194222.6856,668191.2337,POINT (194222.68559642395 668191.233732788)
1658,525512,BRT-1,192632.9785,667636.4792,POINT (192632.978459681 667636.4791980379)
1659,525512,BRT-2,192632.9785,667636.4792,POINT (192632.978459681 667636.4791980379)
1660,525513,BRT-1,191930.9602,667246.2421,POINT (191930.96016339495 667246.242050101)
1661,525513,BRT-2,191930.9602,667246.2421,POINT (191930.96016339495 667246.242050101)
1662,525514,BRT-1,190956.4723,667121.7632,POINT (190956.47228419705 667121.7631631381)
1663,525514,BRT-2,190956.4723,667121.7632,POINT (190956.47228419705 667121.7631631381)
1664,525515,BRT-1,190378.5453,667136.1308,POINT (190378.54532449003 667136.130792812)
1665,525515,BRT-2,190378.5453,667136.1308,POINT (190378.54532449003 667136.130792812)
1666,525516,BRT-1,189917.9864,666825.7971,POINT (189917.986380542 666825.7971185737)
1667,525516,BRT-2,189917.9864,666825.7971,POINT (189917.986380542 666825.7971185737)
1668,525559,ART1-1,184078.6882,652581.4135,POINT (184078.688155352 652581.4135443689)
1669,525559,ART1-2,184078.6882,652581.4135,POINT (184078.688155352 652581.4135443689)
1670,525559,ART2-1,184078.6882,652581.4135,POINT (184078.688155352 652581.4135443689)
1671,525559,ART2-2,184078.6882,652581.4135,POINT (184078.688155352 652581.4135443689)
1672,525561,Hz-KS1,189763.2835,677617.2489,POINT (189763.283481457 677617.248940735)
1673,525561,Hz-KS2,189763.2835,677617.2489,POINT (189763.283481457 677617.248940735)
1674,525571,RG-RH1,186203.6869,667454.2289,POINT (186203.686946508 667454.2288976371)
1675,525571,RG-RH2,186203.6869,667454.2289,POINT (186203.686946508 667454.2288976371)
1676,525572,RG-RH1,186576.4978,667273.339,POINT (186576.497799838 667273.339014975)
1677,525572,RG-RH2,186576.4978,667273.339,POINT (186576.497799838 667273.339014975)
1678,525572,RH-RG1,186576.4978,667273.339,POINT (186576.497799838 667273.339014975)
1679,525572,RH-RG2,186576.4978,667273.339,POINT (186576.497799838 667273.339014975)
1680,525573,RG-RH1,187133.9419,667131.9834,POINT (187133.941880126 667131.9834256291)
1681,525573,RG-RH2,187133.9419,667131.9834,POINT (187133.941880126 667131.9834256291)
1682,525573,RH-RG1,187133.9419,667131.9834,POINT (187133.941880126 667131.9834256291)
1683,525573,RH-RG2,187133.9419,667131.9834,POINT (187133.941880126 667131.9834256291)
1684,525574,RG-RH1,187675.2299,667335.2899,POINT (187675.229850046 667335.2899399468)
1685,525574,RG-RH2,187675.2299,667335.2899,POINT (187675.229850046 667335.2899399468)
1686,525574,RH-RG1,187675.2299,667335.2899,POINT (187675.229850046 667335.2899399468)
1687,525574,RH-RG2,187675.2299,667335.2899,POINT (187675.229850046 667335.2899399468)
1688,525575,RG-RH1,188091.4391,667442.7579,POINT (188091.43913683895 667442.7578686889)
1689,525575,RG-RH2,188091.4391,667442.7579,POINT (188091.43913683895 667442.7578686889)
1690,525575,RH-RG1,188091.4391,667442.7579,POINT (188091.43913683895 667442.7578686889)
1691,525575,RH-RG2,188091.4391,667442.7579,POINT (188091.43913683895 667442.7578686889)
1692,525576,RG-RH1,188580.4386,667319.0221,POINT (188580.43861819297 667319.022064125)
1693,525576,RG-RH2,188580.4386,667319.0221,POINT (188580.43861819297 667319.022064125)
1694,525576,RH-RG1,188580.4386,667319.0221,POINT (188580.43861819297 667319.022064125)
1695,525576,RH-RG2,188580.4386,667319.0221,POINT (188580.43861819297 667319.022064125)
1696,525577,RG-RH1,189356.0543,667304.1806,POINT (189356.05427106505 667304.1805769709)
1697,525577,RG-RH2,189356.0543,667304.1806,POINT (189356.05427106505 667304.1805769709)
1698,525577,RH-RG1,189356.0543,667304.1806,POINT (189356.05427106505 667304.1805769709)
1699,525577,RH-RG2,189356.0543,667304.1806,POINT (189356.05427106505 667304.1805769709)
1700,525578,RG-RH1,189931.1036,666830.8553,POINT (189931.103633422 666830.85530835)
1701,525578,RG-RH2,189931.1036,666830.8553,POINT (189931.103633422 666830.85530835)
1702,525578,RH-RG1,189931.1036,666830.8553,POINT (189931.103633422 666830.85530835)
1703,525578,RH-RG2,189931.1036,666830.8553,POINT (189931.103633422 666830.85530835)
1704,525579,RG-RH1,190369.1658,667140.4885,POINT (190369.165770994 667140.4885265011)
1705,525579,RG-RH2,190369.1658,667140.4885,POINT (190369.165770994 667140.4885265011)
1706,525579,RH-RG1,190369.1658,667140.4885,POINT (190369.165770994 667140.4885265011)
1707,525579,RH-RG2,190369.1658,667140.4885,POINT (190369.165770994 667140.4885265011)
1708,525580,RG-RH1,190955.2778,667142.6763,POINT (190955.2778400521 667142.676306653)
1709,525580,RG-RH2,190955.2778,667142.6763,POINT (190955.2778400521 667142.676306653)
1710,525580,RH-RG1,190955.2778,667142.6763,POINT (190955.2778400521 667142.676306653)
1711,525580,RH-RG2,190955.2778,667142.6763,POINT (190955.2778400521 667142.676306653)
1712,525581,RG-RH1,191952.6916,667239.0636,POINT (191952.691603945 667239.0636348402)
1713,525581,RG-RH2,191952.6916,667239.0636,POINT (191952.691603945 667239.0636348402)
1714,525581,RH-RG1,191952.6916,667239.0636,POINT (191952.691603945 667239.0636348402)
1715,525581,RH-RG2,191952.6916,667239.0636,POINT (191952.691603945 667239.0636348402)
1716,525582,RG-RH1,192621.0301,667616.4946,POINT (192621.03006088 667616.4946275961)
1717,525582,RG-RH2,192621.0301,667616.4946,POINT (192621.03006088 667616.4946275961)
1718,525582,RH-RG1,192621.0301,667616.4946,POINT (192621.03006088 667616.4946275961)
1719,525582,RH-RG2,192621.0301,667616.4946,POINT (192621.03006088 667616.4946275961)
1720,525583,RG-RH1,194237.5219,668178.2643,POINT (194237.52186059 668178.2643158939)
1721,525583,RG-RH2,194237.5219,668178.2643,POINT (194237.52186059 668178.2643158939)
1722,525583,RH-RG1,194237.5219,668178.2643,POINT (194237.52186059 668178.2643158939)
1723,525583,RH-RG2,194237.5219,668178.2643,POINT (194237.52186059 668178.2643158939)
1724,525584,RG-RH1,194611.4075,668648.3355,POINT (194611.40753952 668648.3354559562)
1725,525584,RG-RH2,194611.4075,668648.3355,POINT (194611.40753952 668648.3354559562)
1726,525584,RH-RG1,194611.4075,668648.3355,POINT (194611.40753952 668648.3354559562)
1727,525584,RH-RG2,194611.4075,668648.3355,POINT (194611.40753952 668648.3354559562)
1728,525585,RG-RH1,195201.8322,668528.7868,POINT (195201.832213902 668528.786753714)
1729,525585,RG-RH2,195201.8322,668528.7868,POINT (195201.832213902 668528.786753714)
1730,525585,RH-RG1,195201.8322,668528.7868,POINT (195201.832213902 668528.786753714)
1731,525585,RH-RG2,195201.8322,668528.7868,POINT (195201.832213902 668528.786753714)
1732,525586,RG-RH1,195756.852,668397.89,POINT (195756.851986608 668397.890022672)
1733,525586,RG-RH2,195756.852,668397.89,POINT (195756.851986608 668397.890022672)
1734,525586,RH-RG1,195756.852,668397.89,POINT (195756.851986608 668397.890022672)
1735,525586,RH-RG2,195756.852,668397.89,POINT (195756.851986608 668397.890022672)
1736,525587,RG-RH1,196462.7324,668172.9763,POINT (196462.73241824895 668172.976300066)
1737,525587,RG-RH2,196462.7324,668172.9763,POINT (196462.73241824895 668172.976300066)
1738,525587,RH-RG1,196462.7324,668172.9763,POINT (196462.73241824895 668172.976300066)
1739,525587,RH-RG2,196462.7324,668172.9763,POINT (196462.73241824895 668172.976300066)
1740,525588,RG-RH1,196811.2788,668786.1931,POINT (196811.278783153 668786.193093995)
1741,525588,RH-RG1,196811.2788,668786.1931,POINT (196811.278783153 668786.193093995)
1742,525589,RG-RH1,196806.7968,669377.0722,POINT (196806.79676841505 669377.072236686)
1743,525589,RH-RG1,196806.7968,669377.0722,POINT (196806.79676841505 669377.072236686)
1744,525590,RG-RH1,197334.855,669424.021,POINT (197334.854977792 669424.021028275)
1745,525590,RH-RG1,197334.855,669424.021,POINT (197334.854977792 669424.021028275)
1746,525591,RG-RH1,197847.1417,669332.4599,POINT (197847.141676486 669332.459873909)
1747,525591,RH-RG1,197847.1417,669332.4599,POINT (197847.141676486 669332.459873909)
1748,525592,RH-RG1,198394.4599,669342.8554,POINT (198394.459917358 669342.855419702)
1749,525593,RG-RH2,197217.2011,667656.8793,POINT (197217.20114858204 667656.8793332899)
1750,525593,RH-RG2,197217.2011,667656.8793,POINT (197217.20114858204 667656.8793332899)
1751,525594,RG-RH2,197443.1289,667144.5909,POINT (197443.12887956403 667144.5908707739)
1752,525594,RH-RG2,197443.1289,667144.5909,POINT (197443.12887956403 667144.5908707739)
1753,525595,RG-RH2,197373.3302,666496.7945,POINT (197373.33016315097 666496.7945028859)
1754,525595,RH-RG2,197373.3302,666496.7945,POINT (197373.33016315097 666496.7945028859)
1755,525596,RG-RH2,197903.4455,666207.0597,POINT (197903.445544278 666207.059676574)
1756,525596,RH-RG2,197903.4455,666207.0597,POINT (197903.445544278 666207.059676574)
1757,525597,RH-RG2,198460.8201,665854.6657,POINT (198460.820058719 665854.6656810041)
1758,10309,m0620a,205760.3175,740630.1415,POINT (205760.317508 740630.141471)
1759,11236,m0510a,206332.8752,739904.8174,POINT (206332.875191606 739904.8173538161)
1760,11236,m0520a,206332.8752,739904.8174,POINT (206332.875191606 739904.8173538161)
1761,11236,m0610a,206332.8752,739904.8174,POINT (206332.875191606 739904.8173538161)
1762,11236,m0620a,206332.8752,739904.8174,POINT (206332.875191606 739904.8173538161)
1763,11239,m0520a,206496.2594,739766.1712,POINT (206496.25942372 739766.171175508)
1764,12017,m0320a,206129.9862,747205.1143,POINT (206129.986205468 747205.1142601139)
1765,13148,m0810a,199504.8269,746928.7657,POINT (199504.82685012897 746928.765691065)
1766,14579,m0310a,199952.4914,746531.5466,POINT (199952.4913821 746531.5466143001)
1767,14579,m0510a,199952.4914,746531.5466,POINT (199952.4913821 746531.5466143001)
1768,14871,m0810a,199694.4671,746728.4609,POINT (199694.467098069 746728.4609025631)
1769,15138,m0610a,197535.6024,748481.9809,POINT (197535.60237880403 748481.9809218211)
1770,15139,m0610a,198068.0195,748462.4126,POINT (198068.0195 748462.412552)
1771,15443,m0610a,196561.0536,745395.2037,POINT (196561.053635916 745395.203668081)
1772,15541,m0610a,196441.631,745715.1641,POINT (196441.631002469 745715.1641418119)
1773,15548,m0610a,196286.6233,746521.9102,POINT (196286.623311589 746521.9102155761)
1774,15660,m0610a,196300.5038,747535.409,POINT (196300.503837185 747535.4089978462)
1775,15663,m0610a,196633.6915,748020.0438,POINT (196633.691496422 748020.043818135)
1776,15667,m0810a,198804.6312,747349.7775,POINT (198804.631156497 747349.777452241)
1777,15685,m0910a,199006.4001,748506.2894,POINT (199006.400106386 748506.2894344999)
1778,15685,m0920a,199006.4001,748506.2894,POINT (199006.400106386 748506.2894344999)
1779,15878,m0610a,198424.8565,748380.6351,POINT (198424.856542034 748380.635074217)
1780,15901,m0610a,196994.6141,748365.9708,POINT (196994.61413374895 748365.970812006)
1781,15948,m0120a,196829.2993,744032.0122,POINT (196829.29925553704 744032.01221234)
1782,17111,m0810a,202227.34,742530.1983,POINT (202227.339977422 742530.1983098659)
1783,17308,m0810a,202905.2719,742388.3671,POINT (202905.27189206704 742388.3670560871)
1784,17328,m0810a,202253.6517,742751.2623,POINT (202253.65167278 742751.2622678421)
1785,18300,m0510a,205518.8141,740975.1256,POINT (205518.814094 740975.12558)
1786,18300,m0520a,205518.8141,740975.1256,POINT (205518.814094 740975.12558)
1787,18300,m0620a,205518.8141,740975.1256,POINT (205518.814094 740975.12558)
1788,18907,m0520a,205419.3849,741130.6601,POINT (205419.384904 741130.6600650011)
1789,19000,brt031,224832.6571,731189.4273,POINT (224832.657113422 731189.427329845)
1790,19000,brt032,224832.6571,731189.4273,POINT (224832.657113422 731189.427329845)
1791,19226,brt031,227776.7635,732949.9816,POINT (227776.76346259995 732949.9815791729)
1792,19226,brt032,227776.7635,732949.9816,POINT (227776.76346259995 732949.9815791729)
1793,21062,brt041,227769.0768,729314.1261,POINT (227769.076827696 729314.1261274581)
1794,21062,brt042,227769.0768,729314.1261,POINT (227769.076827696 729314.1261274581)
1795,21099,brt031,222920.5924,731385.4529,POINT (222920.592383103 731385.452899005)
1796,21099,brt032,222920.5924,731385.4529,POINT (222920.592383103 731385.452899005)
1797,30003,brt011,227114.5867,752337.0128,POINT (227114.58671178 752337.0127997559)
1798,30003,brt012,227114.5867,752337.0128,POINT (227114.58671178 752337.0127997559)
1799,30003,brt021,227114.5867,752337.0128,POINT (227114.58671178 752337.0127997559)
1800,30003,brt022,227114.5867,752337.0128,POINT (227114.58671178 752337.0127997559)
1801,30025,brt051,203424.7927,708721.681,POINT (203424.792670848 708721.681034404)
1802,30025,brt052,203424.7927,708721.681,POINT (203424.792670848 708721.681034404)
1803,30034,brt022,228178.429,751968.3741,POINT (228178.428989742 751968.3741375839)
1804,31501,s0110a,200352.829,747022.63,POINT (200352.829 747022.63)
1805,31502,s0110a,200132.355,746754.533,POINT (200132.355 746754.533)
1806,31502,s0120a,200132.355,746754.533,POINT (200132.355 746754.533)
1807,31503,s0110a,199905.594,746507.661,POINT (199905.594 746507.6610000011)
1808,31503,s0120a,199905.594,746507.661,POINT (199905.594 746507.6610000011)
1809,31504,s0110a,199678.955,746264.879,POINT (199678.955 746264.8789999989)
1810,31504,s0120a,199678.955,746264.879,POINT (199678.955 746264.8789999989)
1811,31505,s0110a,199496.002,745901.521,POINT (199496.002 745901.5210000001)
1812,31505,s0120a,199496.002,745901.521,POINT (199496.002 745901.5210000001)
1813,31506,s0120a,199217.59,745649.141,POINT (199217.59 745649.1409999989)
1814,32001,c001,203419.5955,744319.1954,POINT (203419.595472054 744319.195429113)
1815,32002,c001,202983.3351,743986.6469,POINT (202983.335122192 743986.6468901271)
1816,32002,c002,202983.3351,743986.6469,POINT (202983.335122192 743986.6468901271)
1817,32003,c001,203142.303,743132.402,POINT (203142.303 743132.402)
1818,32003,c002,203142.303,743132.402,POINT (203142.303 743132.402)
1819,32004,c001,202899.5876,742138.4094,POINT (202899.58763536208 742138.4094336481)
1820,32004,c002,202899.5876,742138.4094,POINT (202899.58763536208 742138.4094336481)
1821,32005,c001,202156.9144,742080.5957,POINT (202156.914430262 742080.595739321)
1822,32005,c002,202156.9144,742080.5957,POINT (202156.914430262 742080.595739321)
1823,32006,c002,201925.831,740966.506,POINT (201925.830980755 740966.506049478)
1824,34000,lrt02,203570.7475,744392.0378,POINT (203570.74747926305 744392.0378112481)
1825,34000,lrt03,203570.7475,744392.0378,POINT (203570.74747926305 744392.0378112481)
1826,34000,lrt04,203570.7475,744392.0378,POINT (203570.74747926305 744392.0378112481)
1827,34000,lrt07,203570.7475,744392.0378,POINT (203570.74747926305 744392.0378112481)
1828,34000,lrt08,203570.7475,744392.0378,POINT (203570.74747926305 744392.0378112481)
1829,34005,lrt01,205619.324,745589.6,POINT (205619.324 745589.6)
1830,34005,lrt02,205619.324,745589.6,POINT (205619.324 745589.6)
1831,34005,lrt03,205619.324,745589.6,POINT (205619.324 745589.6)
1832,34005,lrt04,205619.324,745589.6,POINT (205619.324 745589.6)
1833,34005,lrt07,205619.324,745589.6,POINT (205619.324 745589.6)
1834,34005,lrt08,205619.324,745589.6,POINT (205619.324 745589.6)
1835,34006,lrt01,207160.5454,745947.4669,POINT (207160.545415876 745947.4668622222)
1836,34006,lrt02,207160.5454,745947.4669,POINT (207160.545415876 745947.4668622222)
1837,34006,lrt03,207160.5454,745947.4669,POINT (207160.545415876 745947.4668622222)
1838,34006,lrt04,207160.5454,745947.4669,POINT (207160.545415876 745947.4668622222)
1839,34006,lrt07,207160.5454,745947.4669,POINT (207160.545415876 745947.4668622222)
1840,34006,lrt08,207160.5454,745947.4669,POINT (207160.545415876 745947.4668622222)
1841,34010,lrt01,210450.2539,747007.6192,POINT (210450.253917389 747007.6192082849)
1842,34010,lrt02,210450.2539,747007.6192,POINT (210450.253917389 747007.6192082849)
1843,34010,lrt03,210450.2539,747007.6192,POINT (210450.253917389 747007.6192082849)
1844,34010,lrt04,210450.2539,747007.6192,POINT (210450.253917389 747007.6192082849)
1845,34011,lrt01,210978.2596,747241.5994,POINT (210978.259612945 747241.5994098618)
1846,34011,lrt02,210978.2596,747241.5994,POINT (210978.259612945 747241.5994098618)
1847,34011,lrt03,210978.2596,747241.5994,POINT (210978.259612945 747241.5994098618)
1848,34011,lrt04,210978.2596,747241.5994,POINT (210978.259612945 747241.5994098618)
1849,34014,lrt01,212666.6291,747605.9202,POINT (212666.62910043905 747605.9201952381)
1850,34014,lrt02,212666.6291,747605.9202,POINT (212666.62910043905 747605.9201952381)
1851,34014,lrt03,212666.6291,747605.9202,POINT (212666.62910043905 747605.9201952381)
1852,34014,lrt04,212666.6291,747605.9202,POINT (212666.62910043905 747605.9201952381)
1853,34014,lrt05,212666.6291,747605.9202,POINT (212666.62910043905 747605.9201952381)
1854,34014,lrt06,212666.6291,747605.9202,POINT (212666.62910043905 747605.9201952381)
1855,34015,lrt01,213076.2707,746410.3431,POINT (213076.27066826104 746410.3431091361)
1856,34015,lrt02,213076.2707,746410.3431,POINT (213076.27066826104 746410.3431091361)
1857,34015,lrt03,213076.2707,746410.3431,POINT (213076.27066826104 746410.3431091361)
1858,34015,lrt04,213076.2707,746410.3431,POINT (213076.27066826104 746410.3431091361)
1859,34015,lrt05,213076.2707,746410.3431,POINT (213076.27066826104 746410.3431091361)
1860,34015,lrt06,213076.2707,746410.3431,POINT (213076.27066826104 746410.3431091361)
1861,34018,lrt01,216305.7989,744582.5474,POINT (216305.79892681504 744582.5474267821)
1862,34018,lrt02,216305.7989,744582.5474,POINT (216305.79892681504 744582.5474267821)
1863,34018,lrt03,216305.7989,744582.5474,POINT (216305.79892681504 744582.5474267821)
1864,34018,lrt04,216305.7989,744582.5474,POINT (216305.79892681504 744582.5474267821)
1865,34018,lrt05,216305.7989,744582.5474,POINT (216305.79892681504 744582.5474267821)
1866,34018,lrt06,216305.7989,744582.5474,POINT (216305.79892681504 744582.5474267821)
1867,34020,lrt01,218607.1612,743688.9334,POINT (218607.161237406 743688.9333781289)
1868,34020,lrt02,218607.1612,743688.9334,POINT (218607.161237406 743688.9333781289)
1869,34020,lrt03,218607.1612,743688.9334,POINT (218607.161237406 743688.9333781289)
1870,34020,lrt04,218607.1612,743688.9334,POINT (218607.161237406 743688.9333781289)
1871,34020,lrt05,218607.1612,743688.9334,POINT (218607.161237406 743688.9333781289)
1872,34020,lrt06,218607.1612,743688.9334,POINT (218607.161237406 743688.9333781289)
1873,34022,lrt01,222017.2528,740801.6228,POINT (222017.25279136 740801.622780293)
1874,34022,lrt02,222017.2528,740801.6228,POINT (222017.25279136 740801.622780293)
1875,34022,lrt03,222017.2528,740801.6228,POINT (222017.25279136 740801.622780293)
1876,34022,lrt04,222017.2528,740801.6228,POINT (222017.25279136 740801.622780293)
1877,34022,lrt05,222017.2528,740801.6228,POINT (222017.25279136 740801.622780293)
1878,34022,lrt06,222017.2528,740801.6228,POINT (222017.25279136 740801.622780293)
1879,34026,lrt01,226850.9578,737063.7153,POINT (226850.95778146104 737063.7153186369)
1880,34026,lrt02,226850.9578,737063.7153,POINT (226850.95778146104 737063.7153186369)
1881,34026,lrt03,226850.9578,737063.7153,POINT (226850.95778146104 737063.7153186369)
1882,34026,lrt04,226850.9578,737063.7153,POINT (226850.95778146104 737063.7153186369)
1883,34026,lrt05,226850.9578,737063.7153,POINT (226850.95778146104 737063.7153186369)
1884,34026,lrt06,226850.9578,737063.7153,POINT (226850.95778146104 737063.7153186369)
1885,34027,lrt01,230709.3592,737105.8772,POINT (230709.35918659595 737105.8771715319)
1886,34027,lrt02,230709.3592,737105.8772,POINT (230709.35918659595 737105.8771715319)
1887,34027,lrt03,230709.3592,737105.8772,POINT (230709.35918659595 737105.8771715319)
1888,34027,lrt04,230709.3592,737105.8772,POINT (230709.35918659595 737105.8771715319)
1889,34027,lrt05,230709.3592,737105.8772,POINT (230709.35918659595 737105.8771715319)
1890,34027,lrt06,230709.3592,737105.8772,POINT (230709.35918659595 737105.8771715319)
1891,34028,lrt01,231712.9474,734880.0979,POINT (231712.947447149 734880.097861649)
1892,34028,lrt02,231712.9474,734880.0979,POINT (231712.947447149 734880.097861649)
1893,34028,lrt03,231712.9474,734880.0979,POINT (231712.947447149 734880.097861649)
1894,34028,lrt04,231712.9474,734880.0979,POINT (231712.947447149 734880.097861649)
1895,34028,lrt05,231712.9474,734880.0979,POINT (231712.947447149 734880.097861649)
1896,34028,lrt06,231712.9474,734880.0979,POINT (231712.947447149 734880.097861649)
1897,34029,lrt01,230806.8198,734313.8407,POINT (230806.81978084892 734313.8406615881)
1898,34029,lrt02,230806.8198,734313.8407,POINT (230806.81978084892 734313.8406615881)
1899,34029,lrt03,230806.8198,734313.8407,POINT (230806.81978084892 734313.8406615881)
1900,34029,lrt04,230806.8198,734313.8407,POINT (230806.81978084892 734313.8406615881)
1901,34029,lrt05,230806.8198,734313.8407,POINT (230806.81978084892 734313.8406615881)
1902,34029,lrt06,230806.8198,734313.8407,POINT (230806.81978084892 734313.8406615881)
1903,34030,lrt01,230519.7442,734154.7924,POINT (230519.7442296121 734154.7924181788)
1904,34030,lrt02,230519.7442,734154.7924,POINT (230519.7442296121 734154.7924181788)
1905,34030,lrt03,230519.7442,734154.7924,POINT (230519.7442296121 734154.7924181788)
1906,34030,lrt04,230519.7442,734154.7924,POINT (230519.7442296121 734154.7924181788)
1907,34030,lrt05,230519.7442,734154.7924,POINT (230519.7442296121 734154.7924181788)
1908,34030,lrt06,230519.7442,734154.7924,POINT (230519.7442296121 734154.7924181788)
1909,34031,lrt01,230070.5024,733947.1879,POINT (230070.50235088603 733947.187852537)
1910,34031,lrt02,230070.5024,733947.1879,POINT (230070.50235088603 733947.187852537)
1911,34031,lrt03,230070.5024,733947.1879,POINT (230070.50235088603 733947.187852537)
1912,34031,lrt04,230070.5024,733947.1879,POINT (230070.50235088603 733947.187852537)
1913,34031,lrt05,230070.5024,733947.1879,POINT (230070.50235088603 733947.187852537)
1914,34031,lrt06,230070.5024,733947.1879,POINT (230070.50235088603 733947.187852537)
1915,34032,lrt01,229561.5225,734144.242,POINT (229561.522460732 734144.2419568191)
1916,34032,lrt02,229561.5225,734144.242,POINT (229561.522460732 734144.2419568191)
1917,34032,lrt03,229561.5225,734144.242,POINT (229561.522460732 734144.2419568191)
1918,34032,lrt04,229561.5225,734144.242,POINT (229561.522460732 734144.2419568191)
1919,34032,lrt05,229561.5225,734144.242,POINT (229561.522460732 734144.2419568191)
1920,34032,lrt06,229561.5225,734144.242,POINT (229561.522460732 734144.2419568191)
1921,34033,lrt01,229062.0926,733439.2981,POINT (229062.092615706 733439.298124539)
1922,34033,lrt02,229062.0926,733439.2981,POINT (229062.092615706 733439.298124539)
1923,34033,lrt03,229062.0926,733439.2981,POINT (229062.092615706 733439.298124539)
1924,34033,lrt04,229062.0926,733439.2981,POINT (229062.092615706 733439.298124539)
1925,34033,lrt05,229062.0926,733439.2981,POINT (229062.092615706 733439.298124539)
1926,34033,lrt06,229062.0926,733439.2981,POINT (229062.092615706 733439.298124539)
1927,34034,lrt01,228488.5154,733349.9856,POINT (228488.51535612703 733349.985641424)
1928,34034,lrt03,228488.5154,733349.9856,POINT (228488.51535612703 733349.985641424)
1929,34034,lrt05,228488.5154,733349.9856,POINT (228488.51535612703 733349.985641424)
1930,34044,lrt01,232031.6238,735791.7833,POINT (232031.62377858203 735791.783330136)
1931,34044,lrt02,232031.6238,735791.7833,POINT (232031.62377858203 735791.783330136)
1932,34044,lrt03,232031.6238,735791.7833,POINT (232031.62377858203 735791.783330136)
1933,34044,lrt04,232031.6238,735791.7833,POINT (232031.62377858203 735791.783330136)
1934,34044,lrt05,232031.6238,735791.7833,POINT (232031.62377858203 735791.783330136)
1935,34044,lrt06,232031.6238,735791.7833,POINT (232031.62377858203 735791.783330136)
1936,34051,lrt07,208844.7053,751690.6898,POINT (208844.705274074 751690.6898470699)
1937,34054,lrt07,209180.0556,751532.6503,POINT (209180.055616965 751532.6502541021)
1938,34054,lrt08,209180.0556,751532.6503,POINT (209180.055616965 751532.6502541021)
1939,34056,lrt07,209981.5051,751385.6982,POINT (209981.505103672 751385.698237015)
1940,34056,lrt08,209981.5051,751385.6982,POINT (209981.505103672 751385.698237015)
1941,34057,lrt07,209830.7141,749951.0345,POINT (209830.71406662 749951.034495061)
1942,34057,lrt08,209830.7141,749951.0345,POINT (209830.71406662 749951.034495061)
1943,34059,lrt07,208864.1757,746678.1106,POINT (208864.175723571 746678.110583817)
1944,34059,lrt08,208864.1757,746678.1106,POINT (208864.175723571 746678.110583817)
1945,34063,lrt05,214478.5089,747546.7572,POINT (214478.508893577 747546.7572369371)
1946,34063,lrt06,214478.5089,747546.7572,POINT (214478.508893577 747546.7572369371)
1947,34064,lrt05,214557.3893,747797.4819,POINT (214557.38925978 747797.481870771)
1948,34064,lrt06,214557.3893,747797.4819,POINT (214557.38925978 747797.481870771)
1949,34066,lrt05,215915.4966,750545.0237,POINT (215915.49662304 750545.023742393)
1950,34066,lrt06,215915.4966,750545.0237,POINT (215915.49662304 750545.023742393)
1951,34067,lrt05,216174.7101,751549.2328,POINT (216174.71005809703 751549.232826953)
1952,34067,lrt06,216174.7101,751549.2328,POINT (216174.71005809703 751549.232826953)
1953,34068,lrt05,216934.9091,753625.3342,POINT (216934.90906649496 753625.334229644)
1954,34068,lrt06,216934.9091,753625.3342,POINT (216934.90906649496 753625.334229644)
1955,34069,lrt05,217331.2456,755410.1882,POINT (217331.24562585505 755410.1881785787)
1956,34069,lrt06,217331.2456,755410.1882,POINT (217331.24562585505 755410.1881785787)
1957,34071,lrt06,216672.145,757360.4903,POINT (216672.14495524304 757360.490289976)
1958,34082,lrt03,200953.2653,746297.0227,POINT (200953.26532132205 746297.022694032)
1959,34082,lrt04,200953.2653,746297.0227,POINT (200953.26532132205 746297.022694032)
1960,34082,lrt07,200953.2653,746297.0227,POINT (200953.26532132205 746297.022694032)
1961,34082,lrt08,200953.2653,746297.0227,POINT (200953.26532132205 746297.022694032)
1962,34083,lrt03,200689.2724,747034.7641,POINT (200689.2724163 747034.7641128668)
1963,34083,lrt04,200689.2724,747034.7641,POINT (200689.2724163 747034.7641128668)
1964,34083,lrt07,200689.2724,747034.7641,POINT (200689.2724163 747034.7641128668)
1965,34083,lrt08,200689.2724,747034.7641,POINT (200689.2724163 747034.7641128668)
1966,34084,lrt03,200114.3528,747604.6954,POINT (200114.352794308 747604.6953688259)
1967,34084,lrt04,200114.3528,747604.6954,POINT (200114.352794308 747604.6953688259)
1968,34084,lrt07,200114.3528,747604.6954,POINT (200114.352794308 747604.6953688259)
1969,34084,lrt08,200114.3528,747604.6954,POINT (200114.352794308 747604.6953688259)
1970,34085,lrt03,198690.6659,748473.5219,POINT (198690.66585770503 748473.521913799)
1971,34085,lrt04,198690.6659,748473.5219,POINT (198690.66585770503 748473.521913799)
1972,34085,lrt07,198690.6659,748473.5219,POINT (198690.66585770503 748473.521913799)
1973,34085,lrt08,198690.6659,748473.5219,POINT (198690.66585770503 748473.521913799)
1974,34089,lrt04,196366.9223,744361.7665,POINT (196366.922290168 744361.7664900281)
1975,34089,lrt08,196366.9223,744361.7665,POINT (196366.922290168 744361.7664900281)
1976,35023,brt032,228487.9591,733335.4969,POINT (228487.95907148803 733335.496933653)
1977,35023,brt042,228487.9591,733335.4969,POINT (228487.95907148803 733335.496933653)
1978,36000,m0110a,203587.341,744143.342,POINT (203587.341 744143.3420000001)
1979,36000,m0120a,203587.341,744143.342,POINT (203587.341 744143.3420000001)
1980,36000,m0210a,203587.341,744143.342,POINT (203587.341 744143.3420000001)
1981,36000,m0220a,203587.341,744143.342,POINT (203587.341 744143.3420000001)
1982,36000,m0310a,203587.341,744143.342,POINT (203587.341 744143.3420000001)
1983,36000,m0320a,203587.341,744143.342,POINT (203587.341 744143.3420000001)
1984,36000,m0720a,203587.341,744143.342,POINT (203587.341 744143.3420000001)
1985,36000,m0820a,203587.341,744143.342,POINT (203587.341 744143.3420000001)
1986,36001,m0120a,201356.4783,745488.7394,POINT (201356.478314295 745488.7394273351)
1987,36001,m0920a,201356.4783,745488.7394,POINT (201356.478314295 745488.7394273351)
1988,36004,m0810a,201507.0047,745054.2563,POINT (201507.004679036 745054.256314044)
1989,36004,m0910a,201507.0047,745054.2563,POINT (201507.004679036 745054.256314044)
1990,36004,m0920a,201507.0047,745054.2563,POINT (201507.004679036 745054.256314044)
1991,36006,m0810a,201723.7604,744847.2,POINT (201723.76038986104 744847.200000916)
1992,36006,m0910a,201723.7604,744847.2,POINT (201723.76038986104 744847.200000916)
1993,36006,m0920a,201723.7604,744847.2,POINT (201723.76038986104 744847.200000916)
1994,36007,m0910a,201948.236,744589.5694,POINT (201948.235967152 744589.5694352161)
1995,36007,m0920a,201948.236,744589.5694,POINT (201948.235967152 744589.5694352161)
1996,36008,m0810a,201982.478,744550.4357,POINT (201982.478004366 744550.435678401)
1997,36010,m0810a,202108.8463,744410.3541,POINT (202108.84633523 744410.354094452)
1998,36010,m0910a,202108.8463,744410.3541,POINT (202108.84633523 744410.354094452)
1999,36010,m0920a,202108.8463,744410.3541,POINT (202108.84633523 744410.354094452)
2000,36011,m0910a,201920.3555,744543.3942,POINT (201920.355510508 744543.3941676769)
2001,36011,m0920a,201920.3555,744543.3942,POINT (201920.355510508 744543.3941676769)
2002,36012,m0810a,201901.9118,744550.6926,POINT (201901.911773806 744550.692623888)
2003,36015,m0810a,201327.4709,744877.836,POINT (201327.47088776 744877.8359826581)
2004,36015,m0910a,201327.4709,744877.836,POINT (201327.47088776 744877.8359826581)
2005,36015,m0920a,201327.4709,744877.836,POINT (201327.47088776 744877.8359826581)
2006,36017,m0810a,201028.7841,744781.9899,POINT (201028.78409597697 744781.989936703)
2007,36017,m0910a,201028.7841,744781.9899,POINT (201028.78409597697 744781.989936703)
2008,36017,m0920a,201028.7841,744781.9899,POINT (201028.78409597697 744781.989936703)
2009,36018,m0810a,200992.7498,744555.5595,POINT (200992.749761809 744555.559489558)
2010,36018,m0910a,200992.7498,744555.5595,POINT (200992.749761809 744555.559489558)
2011,36018,m0920a,200992.7498,744555.5595,POINT (200992.749761809 744555.559489558)
2012,36022,m0810a,201254.8703,744223.3737,POINT (201254.870345446 744223.3737089239)
2013,36022,m0910a,201254.8703,744223.3737,POINT (201254.870345446 744223.3737089239)
2014,36022,m0920a,201254.8703,744223.3737,POINT (201254.870345446 744223.3737089239)
2015,36023,m0910a,201563.8635,744797.3272,POINT (201563.863522604 744797.327189178)
2016,36023,m0920a,201563.8635,744797.3272,POINT (201563.863522604 744797.327189178)
2017,36024,m0810a,201151.3547,744288.7095,POINT (201151.354707027 744288.7095026888)
2018,36024,m0910a,201151.3547,744288.7095,POINT (201151.354707027 744288.7095026888)
2019,36024,m0920a,201151.3547,744288.7095,POINT (201151.354707027 744288.7095026888)
2020,36028,m0810a,201557.4706,743908.3938,POINT (201557.470602436 743908.3938102461)
2021,36028,m0910a,201557.4706,743908.3938,POINT (201557.470602436 743908.3938102461)
2022,36028,m0920a,201557.4706,743908.3938,POINT (201557.470602436 743908.3938102461)
2023,36030,m0810a,201751.6652,743899.0864,POINT (201751.66522144203 743899.08635687)
2024,36030,m0910a,201751.6652,743899.0864,POINT (201751.66522144203 743899.08635687)
2025,36030,m0920a,201751.6652,743899.0864,POINT (201751.66522144203 743899.08635687)
2026,36031,m0810a,201943.2728,743639.2665,POINT (201943.27284839403 743639.2665151211)
2027,36031,m0910a,201943.2728,743639.2665,POINT (201943.27284839403 743639.2665151211)
2028,36031,m0920a,201943.2728,743639.2665,POINT (201943.27284839403 743639.2665151211)
2029,36040,m0820a,208144.9038,759246.7785,POINT (208144.903769818 759246.7784749819)
2030,36045,m0110a,196845.1485,744046.0785,POINT (196845.14854134704 744046.078525508)
2031,36045,m0620a,196845.1485,744046.0785,POINT (196845.14854134704 744046.078525508)
2032,36045,m0710a,196845.1485,744046.0785,POINT (196845.14854134704 744046.078525508)
2033,36045,m0720a,196845.1485,744046.0785,POINT (196845.14854134704 744046.078525508)
2034,36046,m0110a,196816.9745,745026.6512,POINT (196816.97453801095 745026.6512029401)
2035,36046,m0620a,196816.9745,745026.6512,POINT (196816.97453801095 745026.6512029401)
2036,36046,m0710a,196816.9745,745026.6512,POINT (196816.97453801095 745026.6512029401)
2037,36046,m0720a,196816.9745,745026.6512,POINT (196816.97453801095 745026.6512029401)
2038,36048,m0620a,196621.7427,745390.3897,POINT (196621.74274545605 745390.3896548001)
2039,36048,m0710a,196621.7427,745390.3897,POINT (196621.74274545605 745390.3896548001)
2040,36048,m0720a,196621.7427,745390.3897,POINT (196621.74274545605 745390.3896548001)
2041,36050,m0810a,202038.7092,743440.2026,POINT (202038.709228128 743440.202645316)
2042,36050,m0910a,202038.7092,743440.2026,POINT (202038.709228128 743440.202645316)
2043,36050,m0920a,202038.7092,743440.2026,POINT (202038.709228128 743440.202645316)
2044,36051,m0810a,201745.9493,743221.3116,POINT (201745.949288469 743221.3116431081)
2045,36051,m0910a,201745.9493,743221.3116,POINT (201745.949288469 743221.3116431081)
2046,36051,m0920a,201745.9493,743221.3116,POINT (201745.949288469 743221.3116431081)
2047,36053,m0810a,201757.8601,742814.9516,POINT (201757.86005921505 742814.9515891811)
2048,36053,m0910a,201757.8601,742814.9516,POINT (201757.86005921505 742814.9515891811)
2049,36053,m0920a,201757.8601,742814.9516,POINT (201757.86005921505 742814.9515891811)
2050,36056,m0820a,208204.8236,760140.0181,POINT (208204.82359919892 760140.01814673)
2051,36066,m0820a,208088.3555,757927.0309,POINT (208088.35551637795 757927.0308507341)
2052,36072,m0820a,209280.5077,751867.8989,POINT (209280.50767816705 751867.8988826452)
2053,36073,m0820a,209346.3132,752529.1641,POINT (209346.31322558204 752529.164124386)
2054,36075,m0820a,209419.6263,753255.5269,POINT (209419.6262967289 753255.5268549902)
2055,36078,m0820a,209386.3305,752922.7643,POINT (209386.33053725096 752922.7643406638)
2056,36080,m0820a,209409.4307,753997.9911,POINT (209409.43067671196 753997.9910976544)
2057,36081,m0820a,209237.5196,755112.4915,POINT (209237.519606249 755112.491476507)
2058,36083,m0820a,209349.8559,754453.1425,POINT (209349.85591643697 754453.142523275)
2059,36085,m0820a,208970.2053,756210.672,POINT (208970.205288396 756210.6720395508)
2060,36087,m0820a,208831.2522,756684.2907,POINT (208831.25221291705 756684.29073463)
2061,36088,m0610a,197760.9666,741069.9616,POINT (197760.966609106 741069.9616273672)
2062,36088,m0620a,197760.9666,741069.9616,POINT (197760.966609106 741069.9616273672)
2063,36090,m0610a,197427.7366,741494.9773,POINT (197427.736646871 741494.9773102249)
2064,36090,m0620a,197427.7366,741494.9773,POINT (197427.736646871 741494.9773102249)
2065,36091,m0610a,197149.0716,741797.6517,POINT (197149.071611132 741797.6516865531)
2066,36091,m0620a,197149.0716,741797.6517,POINT (197149.071611132 741797.6516865531)
2067,36093,m0610a,196941.5525,742064.3231,POINT (196941.552453564 742064.323108023)
2068,36093,m0620a,196941.5525,742064.3231,POINT (196941.552453564 742064.323108023)
2069,36095,m0610a,196893.4485,743436.2916,POINT (196893.448463014 743436.2915556)
2070,36095,m0620a,196893.4485,743436.2916,POINT (196893.448463014 743436.2915556)
2071,36095,m0710a,196893.4485,743436.2916,POINT (196893.448463014 743436.2915556)
2072,36095,m0720a,196893.4485,743436.2916,POINT (196893.448463014 743436.2915556)
2073,36097,m0610a,196915.2315,743061.7686,POINT (196915.231532142 743061.768641488)
2074,36097,m0620a,196915.2315,743061.7686,POINT (196915.231532142 743061.768641488)
2075,36099,m0110a,196472.8133,745695.14,POINT (196472.81325961903 745695.139981873)
2076,36099,m0120a,196472.8133,745695.14,POINT (196472.81325961903 745695.139981873)
2077,36099,m0620a,196472.8133,745695.14,POINT (196472.81325961903 745695.139981873)
2078,36099,m0710a,196472.8133,745695.14,POINT (196472.81325961903 745695.139981873)
2079,36099,m0720a,196472.8133,745695.14,POINT (196472.81325961903 745695.139981873)
2080,36103,m0110a,203926.758,744242.158,POINT (203926.75800000003 744242.158)
2081,36103,m0120a,203926.758,744242.158,POINT (203926.75800000003 744242.158)
2082,36103,m0210a,203926.758,744242.158,POINT (203926.75800000003 744242.158)
2083,36103,m0220a,203926.758,744242.158,POINT (203926.75800000003 744242.158)
2084,36103,m0310a,203926.758,744242.158,POINT (203926.75800000003 744242.158)
2085,36103,m0320a,203926.758,744242.158,POINT (203926.75800000003 744242.158)
2086,36103,m0410a,203926.758,744242.158,POINT (203926.75800000003 744242.158)
2087,36103,m0820a,203926.758,744242.158,POINT (203926.75800000003 744242.158)
2088,36108,m0110a,205103.4615,745000.9238,POINT (205103.461468886 745000.9237844482)
2089,36108,m0120a,205103.4615,745000.9238,POINT (205103.461468886 745000.9237844482)
2090,36108,m0210a,205103.4615,745000.9238,POINT (205103.461468886 745000.9237844482)
2091,36108,m0220a,205103.4615,745000.9238,POINT (205103.461468886 745000.9237844482)
2092,36108,m0310a,205103.4615,745000.9238,POINT (205103.461468886 745000.9237844482)
2093,36108,m0320a,205103.4615,745000.9238,POINT (205103.461468886 745000.9237844482)
2094,36108,m0410a,205103.4615,745000.9238,POINT (205103.461468886 745000.9237844482)
2095,36108,m0820a,205103.4615,745000.9238,POINT (205103.461468886 745000.9237844482)
2096,36110,m0110a,205645.2956,745712.4591,POINT (205645.29558906303 745712.459092169)
2097,36110,m0120a,205645.2956,745712.4591,POINT (205645.29558906303 745712.459092169)
2098,36110,m0210a,205645.2956,745712.4591,POINT (205645.29558906303 745712.459092169)
2099,36110,m0220a,205645.2956,745712.4591,POINT (205645.29558906303 745712.459092169)
2100,36110,m0310a,205645.2956,745712.4591,POINT (205645.29558906303 745712.459092169)
2101,36110,m0320a,205645.2956,745712.4591,POINT (205645.29558906303 745712.459092169)
2102,36110,m0410a,205645.2956,745712.4591,POINT (205645.29558906303 745712.459092169)
2103,36110,m0820a,205645.2956,745712.4591,POINT (205645.29558906303 745712.459092169)
2104,36112,m0110a,206193.7172,745886.6175,POINT (206193.71718656307 745886.617501666)
2105,36112,m0120a,206193.7172,745886.6175,POINT (206193.71718656307 745886.617501666)
2106,36112,m0210a,206193.7172,745886.6175,POINT (206193.71718656307 745886.617501666)
2107,36112,m0220a,206193.7172,745886.6175,POINT (206193.71718656307 745886.617501666)
2108,36112,m0410a,206193.7172,745886.6175,POINT (206193.71718656307 745886.617501666)
2109,36112,m0820a,206193.7172,745886.6175,POINT (206193.71718656307 745886.617501666)
2110,36115,m0110a,206911.0511,746234.0276,POINT (206911.05113821503 746234.0275911461)
2111,36115,m0120a,206911.0511,746234.0276,POINT (206911.05113821503 746234.0275911461)
2112,36115,m0210a,206911.0511,746234.0276,POINT (206911.05113821503 746234.0275911461)
2113,36115,m0220a,206911.0511,746234.0276,POINT (206911.05113821503 746234.0275911461)
2114,36115,m0410a,206911.0511,746234.0276,POINT (206911.05113821503 746234.0275911461)
2115,36115,m0820a,206911.0511,746234.0276,POINT (206911.05113821503 746234.0275911461)
2116,36119,m0110a,207362.8189,746762.5935,POINT (207362.818902373 746762.593521909)
2117,36119,m0120a,207362.8189,746762.5935,POINT (207362.818902373 746762.593521909)
2118,36119,m0410a,207362.8189,746762.5935,POINT (207362.818902373 746762.593521909)
2119,36119,m0820a,207362.8189,746762.5935,POINT (207362.818902373 746762.593521909)
2120,36121,m0110a,207671.265,747042.802,POINT (207671.265 747042.801999999)
2121,36121,m0120a,207671.265,747042.802,POINT (207671.265 747042.801999999)
2122,36121,m0410a,207671.265,747042.802,POINT (207671.265 747042.801999999)
2123,36121,m0820a,207671.265,747042.802,POINT (207671.265 747042.801999999)
2124,36123,m0110a,207862.854,747725.587,POINT (207862.854 747725.587000001)
2125,36123,m0120a,207862.854,747725.587,POINT (207862.854 747725.587000001)
2126,36123,m0410a,207862.854,747725.587,POINT (207862.854 747725.587000001)
2127,36123,m0820a,207862.854,747725.587,POINT (207862.854 747725.587000001)
2128,36125,m0110a,207940.185,748292.695,POINT (207940.185 748292.695)
2129,36125,m0120a,207940.185,748292.695,POINT (207940.185 748292.695)
2130,36125,m0410a,207940.185,748292.695,POINT (207940.185 748292.695)
2131,36125,m0820a,207940.185,748292.695,POINT (207940.185 748292.695)
2132,36130,m0110a,208313.98,749012.33,POINT (208313.97999999995 749012.3300000001)
2133,36130,m0120a,208313.98,749012.33,POINT (208313.97999999995 749012.3300000001)
2134,36130,m0410a,208313.98,749012.33,POINT (208313.97999999995 749012.3300000001)
2135,36130,m0820a,208313.98,749012.33,POINT (208313.97999999995 749012.3300000001)
2136,36133,m0110a,208739.319,749798.555,POINT (208739.319 749798.5550000011)
2137,36133,m0120a,208739.319,749798.555,POINT (208739.319 749798.5550000011)
2138,36133,m0410a,208739.319,749798.555,POINT (208739.319 749798.5550000011)
2139,36133,m0820a,208739.319,749798.555,POINT (208739.319 749798.5550000011)
2140,36135,m0110a,208902.573,750120.775,POINT (208902.573 750120.7749999999)
2141,36135,m0120a,208902.573,750120.775,POINT (208902.573 750120.7749999999)
2142,36135,m0410a,208902.573,750120.775,POINT (208902.573 750120.7749999999)
2143,36135,m0820a,208902.573,750120.775,POINT (208902.573 750120.7749999999)
2144,36138,m0110a,209130.279,750584.764,POINT (209130.27900000004 750584.764)
2145,36138,m0120a,209130.279,750584.764,POINT (209130.27900000004 750584.764)
2146,36138,m0410a,209130.279,750584.764,POINT (209130.27900000004 750584.764)
2147,36138,m0820a,209130.279,750584.764,POINT (209130.27900000004 750584.764)
2148,36141,m0110a,209229.095,751235.658,POINT (209229.09500000003 751235.658)
2149,36141,m0120a,209229.095,751235.658,POINT (209229.09500000003 751235.658)
2150,36141,m0410a,209229.095,751235.658,POINT (209229.09500000003 751235.658)
2151,36141,m0820a,209229.095,751235.658,POINT (209229.09500000003 751235.658)
2152,36143,m0120a,208826.1171,751690.261,POINT (208826.11708612705 751690.261002519)
2153,36143,m0320a,208826.1171,751690.261,POINT (208826.11708612705 751690.261002519)
2154,36144,m0210a,198869.3532,748448.1122,POINT (198869.353178057 748448.112180921)
2155,36144,m0920a,198869.3532,748448.1122,POINT (198869.353178057 748448.112180921)
2156,36146,m0110a,196298.9488,746515.2112,POINT (196298.948766197 746515.2112301961)
2157,36146,m0120a,196298.9488,746515.2112,POINT (196298.948766197 746515.2112301961)
2158,36146,m0620a,196298.9488,746515.2112,POINT (196298.948766197 746515.2112301961)
2159,36146,m0710a,196298.9488,746515.2112,POINT (196298.948766197 746515.2112301961)
2160,36146,m0720a,196298.9488,746515.2112,POINT (196298.948766197 746515.2112301961)
2161,36147,m0610a,205758.2257,740610.3662,POINT (205758.22566844095 740610.366172558)
2162,36149,m0610a,205276.4401,741309.3428,POINT (205276.44008166503 741309.342809752)
2163,36152,m0610a,196844.9924,744015.0946,POINT (196844.992407255 744015.0945556649)
2164,36156,m0510a,204814.4885,741891.1676,POINT (204814.4884732 741891.1676259212)
2165,36156,m0520a,204814.4885,741891.1676,POINT (204814.4884732 741891.1676259212)
2166,36156,m0610a,204814.4885,741891.1676,POINT (204814.4884732 741891.1676259212)
2167,36156,m0620a,204814.4885,741891.1676,POINT (204814.4884732 741891.1676259212)
2168,36157,m0510a,205254.4431,741334.6615,POINT (205254.443100909 741334.6614848671)
2169,36157,m0520a,205254.4431,741334.6615,POINT (205254.443100909 741334.6614848671)
2170,36157,m0620a,205254.4431,741334.6615,POINT (205254.443100909 741334.6614848671)
2171,36158,m0510a,204397.845,742231.7909,POINT (204397.845023759 742231.7909457518)
2172,36158,m0520a,204397.845,742231.7909,POINT (204397.845023759 742231.7909457518)
2173,36158,m0610a,204397.845,742231.7909,POINT (204397.845023759 742231.7909457518)
2174,36158,m0620a,204397.845,742231.7909,POINT (204397.845023759 742231.7909457518)
2175,36160,m0610a,204133.201,742492.4533,POINT (204133.20103769505 742492.4532810941)
2176,36160,m0620a,204133.201,742492.4533,POINT (204133.20103769505 742492.4532810941)
2177,36162,m0610a,203856.4291,742748.9387,POINT (203856.42906581 742748.9387173931)
2178,36162,m0620a,203856.4291,742748.9387,POINT (203856.42906581 742748.9387173931)
2179,36164,m0610a,203577.7345,743008.3271,POINT (203577.734478024 743008.3270955181)
2180,36164,m0620a,203577.7345,743008.3271,POINT (203577.734478024 743008.3270955181)
2181,36168,m0510a,203221.2047,743452.4417,POINT (203221.20473903103 743452.4416802152)
2182,36168,m0520a,203221.2047,743452.4417,POINT (203221.20473903103 743452.4416802152)
2183,36168,m0610a,203221.2047,743452.4417,POINT (203221.20473903103 743452.4416802152)
2184,36168,m0620a,203221.2047,743452.4417,POINT (203221.20473903103 743452.4416802152)
2185,36173,m0620a,197591.1301,740279.0579,POINT (197591.13014282504 740279.0578651471)
2186,36175,m0620a,196322.5392,747512.1971,POINT (196322.53924771803 747512.1970707419)
2187,36176,m0110a,196331.4371,747556.6651,POINT (196331.437055824 747556.6651248031)
2188,36176,m0120a,196331.4371,747556.6651,POINT (196331.437055824 747556.6651248031)
2189,36176,m0710a,196331.4371,747556.6651,POINT (196331.437055824 747556.6651248031)
2190,36176,m0720a,196331.4371,747556.6651,POINT (196331.437055824 747556.6651248031)
2191,36177,m0110a,196664.7614,748021.7426,POINT (196664.761417466 748021.7425827639)
2192,36177,m0120a,196664.7614,748021.7426,POINT (196664.761417466 748021.7425827639)
2193,36177,m0710a,196664.7614,748021.7426,POINT (196664.761417466 748021.7425827639)
2194,36178,m0620a,196642.9376,747994.9773,POINT (196642.93762184703 747994.977302046)
2195,36179,m0110a,197019.1549,748357.3019,POINT (197019.15494428 748357.3018700981)
2196,36179,m0710a,197019.1549,748357.3019,POINT (197019.15494428 748357.3018700981)
2197,36180,m0620a,197000.7984,748340.5705,POINT (197000.79844856603 748340.5705159089)
2198,36187,m0120a,200563.9498,746780.7944,POINT (200563.949827511 746780.7943668088)
2199,36187,m0120a,200563.9498,746780.7944,POINT (200563.949827511 746780.7943668088)
2200,36187,m0220a,200563.9498,746780.7944,POINT (200563.949827511 746780.7943668088)
2201,36187,m0610a,200563.9498,746780.7944,POINT (200563.949827511 746780.7943668088)
2202,36187,m0720a,200563.9498,746780.7944,POINT (200563.949827511 746780.7943668088)
2203,36187,m0910a,200563.9498,746780.7944,POINT (200563.949827511 746780.7943668088)
2204,36190,m0120a,201658.6886,745336.275,POINT (201658.688615785 745336.275002147)
2205,36190,m0120a,201658.6886,745336.275,POINT (201658.688615785 745336.275002147)
2206,36190,m0220a,201658.6886,745336.275,POINT (201658.688615785 745336.275002147)
2207,36190,m0720a,201658.6886,745336.275,POINT (201658.688615785 745336.275002147)
2208,36193,m0110a,197519.1282,748468.4834,POINT (197519.128188306 748468.4834253711)
2209,36193,m0120a,197519.1282,748468.4834,POINT (197519.128188306 748468.4834253711)
2210,36193,m0620a,197519.1282,748468.4834,POINT (197519.128188306 748468.4834253711)
2211,36193,m0710a,197519.1282,748468.4834,POINT (197519.128188306 748468.4834253711)
2212,36193,m0720a,197519.1282,748468.4834,POINT (197519.128188306 748468.4834253711)
2213,36195,m0110a,198044.964,748442.5348,POINT (198044.96396124095 748442.5347898789)
2214,36195,m0120a,198044.964,748442.5348,POINT (198044.96396124095 748442.5347898789)
2215,36195,m0620a,198044.964,748442.5348,POINT (198044.96396124095 748442.5347898789)
2216,36195,m0710a,198044.964,748442.5348,POINT (198044.96396124095 748442.5347898789)
2217,36195,m0720a,198044.964,748442.5348,POINT (198044.96396124095 748442.5347898789)
2218,36197,m0620a,198417.3315,748367.9931,POINT (198417.33149932892 748367.993121976)
2219,36197,m0710a,198417.3315,748367.9931,POINT (198417.33149932892 748367.993121976)
2220,36197,m0720a,198417.3315,748367.9931,POINT (198417.33149932892 748367.993121976)
2221,36211,m0210a,210206.9172,746473.8996,POINT (210206.917178396 746473.8995728069)
2222,36211,m0220a,210206.9172,746473.8996,POINT (210206.917178396 746473.8995728069)
2223,36213,m0210a,210465.286,746845.216,POINT (210465.286 746845.216)
2224,36213,m0220a,210465.286,746845.216,POINT (210465.286 746845.216)
2225,36217,m0210a,210920.4944,747090.2151,POINT (210920.49442519492 747090.2151194687)
2226,36217,m0220a,210920.4944,747090.2151,POINT (210920.49442519492 747090.2151194687)
2227,36221,m0210a,211056.702,746513.643,POINT (211056.70200000005 746513.643)
2228,36221,m0220a,211056.702,746513.643,POINT (211056.70200000005 746513.643)
2229,36222,m0210a,211145.95,746198.9,POINT (211145.95 746198.9)
2230,36222,m0220a,211145.95,746198.9,POINT (211145.95 746198.9)
2231,36230,brt051,191305.2664,705179.2716,POINT (191305.26635820305 705179.271596088)
2232,36230,brt052,191305.2664,705179.2716,POINT (191305.26635820305 705179.271596088)
2233,36230,brt061,191305.2664,705179.2716,POINT (191305.26635820305 705179.271596088)
2234,36230,brt062,191305.2664,705179.2716,POINT (191305.26635820305 705179.271596088)
2235,36236,brt051,191882.3717,705024.9536,POINT (191882.371741251 705024.953558553)
2236,36236,brt052,191882.3717,705024.9536,POINT (191882.371741251 705024.953558553)
2237,36236,brt061,191882.3717,705024.9536,POINT (191882.371741251 705024.953558553)
2238,36236,brt062,191882.3717,705024.9536,POINT (191882.371741251 705024.953558553)
2239,36239,brt062,192204.5492,704950.5168,POINT (192204.549164796 704950.516771535)
2240,36243,brt051,192508.0329,704859.3273,POINT (192508.03292914503 704859.3272756251)
2241,36243,brt052,192508.0329,704859.3273,POINT (192508.03292914503 704859.3272756251)
2242,36243,brt061,192508.0329,704859.3273,POINT (192508.03292914503 704859.3272756251)
2243,36243,brt062,192508.0329,704859.3273,POINT (192508.03292914503 704859.3272756251)
2244,36250,brt051,193217.6447,704637.064,POINT (193217.644737209 704637.0640459519)
2245,36250,brt052,193217.6447,704637.064,POINT (193217.644737209 704637.0640459519)
2246,36250,brt061,193217.6447,704637.064,POINT (193217.644737209 704637.0640459519)
2247,36250,brt062,193217.6447,704637.064,POINT (193217.644737209 704637.0640459519)
2248,36253,brt062,193344.5027,704993.6354,POINT (193344.502709604 704993.6354201611)
2249,36255,brt051,193424.588,704975.0992,POINT (193424.58802546703 704975.0991715587)
2250,36255,brt052,193424.588,704975.0992,POINT (193424.58802546703 704975.0991715587)
2251,36255,brt061,193424.588,704975.0992,POINT (193424.58802546703 704975.0991715587)
2252,36261,brt051,194084.9975,705508.0854,POINT (194084.997470656 705508.0854003719)
2253,36261,brt052,194084.9975,705508.0854,POINT (194084.997470656 705508.0854003719)
2254,36261,brt061,194084.9975,705508.0854,POINT (194084.997470656 705508.0854003719)
2255,36261,brt062,194084.9975,705508.0854,POINT (194084.997470656 705508.0854003719)
2256,36263,brt051,194363.2313,705545.3076,POINT (194363.231283177 705545.3076494549)
2257,36263,brt052,194363.2313,705545.3076,POINT (194363.231283177 705545.3076494549)
2258,36263,brt061,194363.2313,705545.3076,POINT (194363.231283177 705545.3076494549)
2259,36263,brt062,194363.2313,705545.3076,POINT (194363.231283177 705545.3076494549)
2260,36264,brt062,194402.5564,705548.1811,POINT (194402.556424576 705548.181093456)
2261,36273,brt051,195730.2441,705952.354,POINT (195730.244100941 705952.3540203491)
2262,36273,brt052,195730.2441,705952.354,POINT (195730.244100941 705952.3540203491)
2263,36273,brt061,195730.2441,705952.354,POINT (195730.244100941 705952.3540203491)
2264,36273,brt062,195730.2441,705952.354,POINT (195730.244100941 705952.3540203491)
2265,36278,brt051,196631.7217,706198.6299,POINT (196631.721739269 706198.629937627)
2266,36278,brt052,196631.7217,706198.6299,POINT (196631.721739269 706198.629937627)
2267,36278,brt061,196631.7217,706198.6299,POINT (196631.721739269 706198.629937627)
2268,36278,brt062,196631.7217,706198.6299,POINT (196631.721739269 706198.629937627)
2269,36283,brt051,199044.7167,707336.9637,POINT (199044.716677678 707336.963710189)
2270,36283,brt052,199044.7167,707336.9637,POINT (199044.716677678 707336.963710189)
2271,36285,brt051,199730.597,708021.0046,POINT (199730.597013134 708021.00463287)
2272,36285,brt052,199730.597,708021.0046,POINT (199730.597013134 708021.00463287)
2273,36287,brt051,201321.1724,708662.6695,POINT (201321.17242053803 708662.669515788)
2274,36287,brt052,201321.1724,708662.6695,POINT (201321.17242053803 708662.669515788)
2275,36301,m0110a,202098.7898,744948.881,POINT (202098.789813102 744948.8809938411)
2276,36301,m0120a,202098.7898,744948.881,POINT (202098.789813102 744948.8809938411)
2277,36301,m0210a,202098.7898,744948.881,POINT (202098.789813102 744948.8809938411)
2278,36301,m0220a,202098.7898,744948.881,POINT (202098.789813102 744948.8809938411)
2279,36301,m0310a,202098.7898,744948.881,POINT (202098.789813102 744948.8809938411)
2280,36301,m0320a,202098.7898,744948.881,POINT (202098.789813102 744948.8809938411)
2281,36301,m0620a,202098.7898,744948.881,POINT (202098.789813102 744948.8809938411)
2282,36301,m0710a,202098.7898,744948.881,POINT (202098.789813102 744948.8809938411)
2283,36301,m0720a,202098.7898,744948.881,POINT (202098.789813102 744948.8809938411)
2284,36301,m0820a,202098.7898,744948.881,POINT (202098.789813102 744948.8809938411)
2285,36306,m0110a,201679.0011,745184.3903,POINT (201679.001088716 745184.390259258)
2286,36306,m0120a,201679.0011,745184.3903,POINT (201679.001088716 745184.390259258)
2287,36306,m0210a,201679.0011,745184.3903,POINT (201679.001088716 745184.390259258)
2288,36306,m0620a,201679.0011,745184.3903,POINT (201679.001088716 745184.390259258)
2289,36306,m0710a,201679.0011,745184.3903,POINT (201679.001088716 745184.390259258)
2290,36308,m0110a,201369.339,745505.189,POINT (201369.339 745505.1889999999)
2291,36308,m0120a,201369.339,745505.189,POINT (201369.339 745505.1889999999)
2292,36308,m0120a,201369.339,745505.189,POINT (201369.339 745505.1889999999)
2293,36308,m0120a,201369.339,745505.189,POINT (201369.339 745505.1889999999)
2294,36308,m0120a,201369.339,745505.189,POINT (201369.339 745505.1889999999)
2295,36308,m0120a,201369.339,745505.189,POINT (201369.339 745505.1889999999)
2296,36308,m0210a,201369.339,745505.189,POINT (201369.339 745505.1889999999)
2297,36308,m0610a,201369.339,745505.189,POINT (201369.339 745505.1889999999)
2298,36308,m0710a,201369.339,745505.189,POINT (201369.339 745505.1889999999)
2299,36308,m0910a,201369.339,745505.189,POINT (201369.339 745505.1889999999)
2300,36309,m0120a,201437.1206,745572.6645,POINT (201437.12059698097 745572.6645100688)
2301,36309,m0120a,201437.1206,745572.6645,POINT (201437.12059698097 745572.6645100688)
2302,36309,m0120a,201437.1206,745572.6645,POINT (201437.12059698097 745572.6645100688)
2303,36309,m0120a,201437.1206,745572.6645,POINT (201437.12059698097 745572.6645100688)
2304,36309,m0220a,201437.1206,745572.6645,POINT (201437.12059698097 745572.6645100688)
2305,36309,m0610a,201437.1206,745572.6645,POINT (201437.12059698097 745572.6645100688)
2306,36309,m0720a,201437.1206,745572.6645,POINT (201437.12059698097 745572.6645100688)
2307,36309,m0910a,201437.1206,745572.6645,POINT (201437.12059698097 745572.6645100688)
2308,36310,m0120a,201357.0671,745521.2876,POINT (201357.06707635705 745521.2876147339)
2309,36310,m0620a,201357.0671,745521.2876,POINT (201357.06707635705 745521.2876147339)
2310,36318,m0120a,201198.4787,745867.3194,POINT (201198.47867925 745867.319389535)
2311,36318,m0120a,201198.4787,745867.3194,POINT (201198.47867925 745867.319389535)
2312,36318,m0220a,201198.4787,745867.3194,POINT (201198.47867925 745867.319389535)
2313,36318,m0610a,201198.4787,745867.3194,POINT (201198.47867925 745867.319389535)
2314,36318,m0720a,201198.4787,745867.3194,POINT (201198.47867925 745867.319389535)
2315,36318,m0910a,201198.4787,745867.3194,POINT (201198.47867925 745867.319389535)
2316,36319,m0110a,201175.2465,745846.574,POINT (201175.246513069 745846.573966797)
2317,36319,m0120a,201175.2465,745846.574,POINT (201175.246513069 745846.573966797)
2318,36319,m0210a,201175.2465,745846.574,POINT (201175.246513069 745846.573966797)
2319,36319,m0620a,201175.2465,745846.574,POINT (201175.246513069 745846.573966797)
2320,36319,m0710a,201175.2465,745846.574,POINT (201175.246513069 745846.573966797)
2321,36319,m0920a,201175.2465,745846.574,POINT (201175.246513069 745846.573966797)
2322,36324,m0110a,200806.2578,746340.085,POINT (200806.25776958204 746340.0849918829)
2323,36324,m0120a,200806.2578,746340.085,POINT (200806.25776958204 746340.0849918829)
2324,36324,m0210a,200806.2578,746340.085,POINT (200806.25776958204 746340.0849918829)
2325,36324,m0620a,200806.2578,746340.085,POINT (200806.25776958204 746340.0849918829)
2326,36324,m0710a,200806.2578,746340.085,POINT (200806.25776958204 746340.0849918829)
2327,36324,m0920a,200806.2578,746340.085,POINT (200806.25776958204 746340.0849918829)
2328,36336,m0110a,200629.6863,746949.7122,POINT (200629.686277098 746949.7122339639)
2329,36336,m0120a,200629.6863,746949.7122,POINT (200629.686277098 746949.7122339639)
2330,36336,m0210a,200629.6863,746949.7122,POINT (200629.686277098 746949.7122339639)
2331,36336,m0620a,200629.6863,746949.7122,POINT (200629.686277098 746949.7122339639)
2332,36336,m0710a,200629.6863,746949.7122,POINT (200629.686277098 746949.7122339639)
2333,36336,m0920a,200629.6863,746949.7122,POINT (200629.686277098 746949.7122339639)
2334,36341,m0110a,200424.957,747115.495,POINT (200424.957 747115.495)
2335,36341,m0120a,200424.957,747115.495,POINT (200424.957 747115.495)
2336,36341,m0120a,200424.957,747115.495,POINT (200424.957 747115.495)
2337,36341,m0210a,200424.957,747115.495,POINT (200424.957 747115.495)
2338,36341,m0220a,200424.957,747115.495,POINT (200424.957 747115.495)
2339,36341,m0610a,200424.957,747115.495,POINT (200424.957 747115.495)
2340,36341,m0620a,200424.957,747115.495,POINT (200424.957 747115.495)
2341,36341,m0710a,200424.957,747115.495,POINT (200424.957 747115.495)
2342,36341,m0720a,200424.957,747115.495,POINT (200424.957 747115.495)
2343,36341,m0910a,200424.957,747115.495,POINT (200424.957 747115.495)
2344,36341,m0920a,200424.957,747115.495,POINT (200424.957 747115.495)
2345,36347,m0110a,200142.181,747363.099,POINT (200142.18099999995 747363.0989999999)
2346,36347,m0120a,200142.181,747363.099,POINT (200142.18099999995 747363.0989999999)
2347,36347,m0210a,200142.181,747363.099,POINT (200142.18099999995 747363.0989999999)
2348,36347,m0220a,200142.181,747363.099,POINT (200142.18099999995 747363.0989999999)
2349,36347,m0610a,200142.181,747363.099,POINT (200142.18099999995 747363.0989999999)
2350,36347,m0620a,200142.181,747363.099,POINT (200142.18099999995 747363.0989999999)
2351,36347,m0710a,200142.181,747363.099,POINT (200142.18099999995 747363.0989999999)
2352,36347,m0720a,200142.181,747363.099,POINT (200142.18099999995 747363.0989999999)
2353,36347,m0910a,200142.181,747363.099,POINT (200142.18099999995 747363.0989999999)
2354,36347,m0920a,200142.181,747363.099,POINT (200142.18099999995 747363.0989999999)
2355,36354,m0110a,199692.9411,747726.1306,POINT (199692.941122608 747726.130600083)
2356,36354,m0120a,199692.9411,747726.1306,POINT (199692.941122608 747726.130600083)
2357,36354,m0210a,199692.9411,747726.1306,POINT (199692.941122608 747726.130600083)
2358,36354,m0220a,199692.9411,747726.1306,POINT (199692.941122608 747726.130600083)
2359,36354,m0610a,199692.9411,747726.1306,POINT (199692.941122608 747726.130600083)
2360,36354,m0620a,199692.9411,747726.1306,POINT (199692.941122608 747726.130600083)
2361,36354,m0710a,199692.9411,747726.1306,POINT (199692.941122608 747726.130600083)
2362,36354,m0720a,199692.9411,747726.1306,POINT (199692.941122608 747726.130600083)
2363,36354,m0910a,199692.9411,747726.1306,POINT (199692.941122608 747726.130600083)
2364,36354,m0920a,199692.9411,747726.1306,POINT (199692.941122608 747726.130600083)
2365,36358,m0110a,199553.3159,747481.7802,POINT (199553.31587703805 747481.7802205519)
2366,36358,m0120a,199553.3159,747481.7802,POINT (199553.31587703805 747481.7802205519)
2367,36358,m0210a,199553.3159,747481.7802,POINT (199553.31587703805 747481.7802205519)
2368,36358,m0220a,199553.3159,747481.7802,POINT (199553.31587703805 747481.7802205519)
2369,36358,m0610a,199553.3159,747481.7802,POINT (199553.31587703805 747481.7802205519)
2370,36358,m0620a,199553.3159,747481.7802,POINT (199553.31587703805 747481.7802205519)
2371,36358,m0710a,199553.3159,747481.7802,POINT (199553.31587703805 747481.7802205519)
2372,36358,m0720a,199553.3159,747481.7802,POINT (199553.31587703805 747481.7802205519)
2373,36358,m0910a,199553.3159,747481.7802,POINT (199553.31587703805 747481.7802205519)
2374,36358,m0920a,199553.3159,747481.7802,POINT (199553.31587703805 747481.7802205519)
2375,36361,m0110a,199219.391,747653.2,POINT (199219.391 747653.2)
2376,36361,m0120a,199219.391,747653.2,POINT (199219.391 747653.2)
2377,36361,m0210a,199219.391,747653.2,POINT (199219.391 747653.2)
2378,36361,m0220a,199219.391,747653.2,POINT (199219.391 747653.2)
2379,36361,m0610a,199219.391,747653.2,POINT (199219.391 747653.2)
2380,36361,m0620a,199219.391,747653.2,POINT (199219.391 747653.2)
2381,36361,m0710a,199219.391,747653.2,POINT (199219.391 747653.2)
2382,36361,m0720a,199219.391,747653.2,POINT (199219.391 747653.2)
2383,36361,m0910a,199219.391,747653.2,POINT (199219.391 747653.2)
2384,36361,m0920a,199219.391,747653.2,POINT (199219.391 747653.2)
2385,36364,m0110a,198921.188,747788.743,POINT (198921.188 747788.743)
2386,36364,m0120a,198921.188,747788.743,POINT (198921.188 747788.743)
2387,36364,m0210a,198921.188,747788.743,POINT (198921.188 747788.743)
2388,36364,m0220a,198921.188,747788.743,POINT (198921.188 747788.743)
2389,36364,m0610a,198921.188,747788.743,POINT (198921.188 747788.743)
2390,36364,m0620a,198921.188,747788.743,POINT (198921.188 747788.743)
2391,36364,m0710a,198921.188,747788.743,POINT (198921.188 747788.743)
2392,36364,m0720a,198921.188,747788.743,POINT (198921.188 747788.743)
2393,36364,m0810a,198921.188,747788.743,POINT (198921.188 747788.743)
2394,36364,m0910a,198921.188,747788.743,POINT (198921.188 747788.743)
2395,36364,m0920a,198921.188,747788.743,POINT (198921.188 747788.743)
2396,36368,m0110a,198885.1712,748200.4189,POINT (198885.17120579 748200.4188952531)
2397,36368,m0120a,198885.1712,748200.4189,POINT (198885.17120579 748200.4188952531)
2398,36368,m0210a,198885.1712,748200.4189,POINT (198885.17120579 748200.4188952531)
2399,36368,m0220a,198885.1712,748200.4189,POINT (198885.17120579 748200.4188952531)
2400,36368,m0610a,198885.1712,748200.4189,POINT (198885.17120579 748200.4188952531)
2401,36368,m0620a,198885.1712,748200.4189,POINT (198885.17120579 748200.4188952531)
2402,36368,m0710a,198885.1712,748200.4189,POINT (198885.17120579 748200.4188952531)
2403,36368,m0720a,198885.1712,748200.4189,POINT (198885.17120579 748200.4188952531)
2404,36368,m0810a,198885.1712,748200.4189,POINT (198885.17120579 748200.4188952531)
2405,36368,m0910a,198885.1712,748200.4189,POINT (198885.17120579 748200.4188952531)
2406,36368,m0920a,198885.1712,748200.4189,POINT (198885.17120579 748200.4188952531)
2407,36370,m0620a,197447.6623,740398.3417,POINT (197447.662251696 740398.3416729162)
2408,36371,m0620a,197440.9123,740660.3679,POINT (197440.91232510505 740660.367949303)
2409,36372,m0620a,197567.6215,739864.8896,POINT (197567.621517118 739864.8895934919)
2410,36373,m0620a,197567.4568,739707.2637,POINT (197567.45681420295 739707.2636506651)
2411,36374,m0620a,197927.2417,739717.7767,POINT (197927.24167745505 739717.776691118)
2412,36375,m0620a,197991.5994,739635.1583,POINT (197991.59935244 739635.158338295)
2413,36376,m0620a,197779.6896,740655.9704,POINT (197779.68964819 740655.970393525)
2414,36383,m0710a,197079.2595,743446.5912,POINT (197079.259484764 743446.591193508)
2415,36384,m0720a,197105.4007,743446.532,POINT (197105.400727966 743446.5320199939)
2416,36385,m0710a,197572.6826,743448.7381,POINT (197572.68262697096 743448.738106618)
2417,36385,m0720a,197572.6826,743448.7381,POINT (197572.68262697096 743448.738106618)
2418,36387,m0710a,197810.9621,741953.5621,POINT (197810.962067957 741953.562099881)
2419,36387,m0720a,197810.9621,741953.5621,POINT (197810.962067957 741953.562099881)
2420,36389,m0710a,197852.7584,741637.9573,POINT (197852.758395641 741637.957334712)
2421,36402,m0610a,201601.059,745120.134,POINT (201601.05899999995 745120.1339999989)
2422,36404,m0810a,201356.1211,745266.9645,POINT (201356.121127428 745266.964513211)
2423,36404,m0910a,201356.1211,745266.9645,POINT (201356.121127428 745266.964513211)
2424,36404,m0920a,201356.1211,745266.9645,POINT (201356.121127428 745266.964513211)
2425,36406,m0810a,201184.7453,745438.0214,POINT (201184.74527031105 745438.0214292981)
2426,36421,m0320a,200513.931,745910.936,POINT (200513.93099999995 745910.9360000012)
2427,36421,m0520a,200513.931,745910.936,POINT (200513.93099999995 745910.9360000012)
2428,36421,m0810a,200513.931,745910.936,POINT (200513.93099999995 745910.9360000012)
2429,36421,m0820a,200513.931,745910.936,POINT (200513.93099999995 745910.9360000012)
2430,36431,m0310a,200299.332,746181.779,POINT (200299.332 746181.7789999988)
2431,36431,m0510a,200299.332,746181.779,POINT (200299.332 746181.7789999988)
2432,36441,m0810a,200109.5839,746445.1082,POINT (200109.58389896704 746445.1081987419)
2433,36445,m0810a,199967.1982,746538.8798,POINT (199967.198226254 746538.8798194869)
2434,36482,brt051,205092.6186,707359.6226,POINT (205092.61862613 707359.622564781)
2435,36482,brt052,205092.6186,707359.6226,POINT (205092.61862613 707359.622564781)
2436,36493,brt051,202726.7599,704747.5873,POINT (202726.75992264895 704747.5872986389)
2437,36493,brt052,202726.7599,704747.5873,POINT (202726.75992264895 704747.5872986389)
2438,36495,brt051,203235.4787,703967.7906,POINT (203235.478681722 703967.7905603449)
2439,36495,brt052,203235.4787,703967.7906,POINT (203235.478681722 703967.7905603449)
2440,36496,brt051,203866.3968,703369.8325,POINT (203866.39676970895 703369.8324863581)
2441,36496,brt052,203866.3968,703369.8325,POINT (203866.39676970895 703369.8324863581)
2442,36504,brt051,204558.1991,702822.2985,POINT (204558.19914842 702822.298470303)
2443,36504,brt052,204558.1991,702822.2985,POINT (204558.19914842 702822.298470303)
2444,36509,m0120a,201823.9626,745179.1828,POINT (201823.96256642096 745179.1827725319)
2445,36509,m0120a,201823.9626,745179.1828,POINT (201823.96256642096 745179.1827725319)
2446,36509,m0220a,201823.9626,745179.1828,POINT (201823.96256642096 745179.1827725319)
2447,36509,m0720a,201823.9626,745179.1828,POINT (201823.96256642096 745179.1827725319)
2448,36511,m0310a,205862.6119,747718.0631,POINT (205862.61190818503 747718.0630851762)
2449,36511,m0320a,205862.6119,747718.0631,POINT (205862.61190818503 747718.0630851762)
2450,36513,m0310a,206224.8364,748087.9574,POINT (206224.836364406 748087.957389685)
2451,36513,m0320a,206224.8364,748087.9574,POINT (206224.836364406 748087.957389685)
2452,36514,m0310a,206394.6773,748616.4046,POINT (206394.67730773907 748616.404604517)
2453,36514,m0320a,206394.6773,748616.4046,POINT (206394.67730773907 748616.404604517)
2454,36517,m0310a,206505.402,748894.563,POINT (206505.402 748894.5630000001)
2455,36517,m0320a,206505.402,748894.563,POINT (206505.402 748894.5630000001)
2456,36519,m0310a,206619.8766,749182.8615,POINT (206619.87663487 749182.8615175252)
2457,36519,m0320a,206619.8766,749182.8615,POINT (206619.87663487 749182.8615175252)
2458,36522,m0310a,206873.062,749702.73,POINT (206873.062 749702.73)
2459,36522,m0320a,206873.062,749702.73,POINT (206873.062 749702.73)
2460,36526,m0310a,207025.146,749948.381,POINT (207025.146 749948.381)
2461,36526,m0320a,207025.146,749948.381,POINT (207025.146 749948.381)
2462,36529,m0310a,207314.148,750285.554,POINT (207314.14800000004 750285.554)
2463,36529,m0320a,207314.148,750285.554,POINT (207314.14800000004 750285.554)
2464,36531,m0310a,207680.939,750722.749,POINT (207680.939 750722.7489999989)
2465,36531,m0320a,207680.939,750722.749,POINT (207680.939 750722.7489999989)
2466,36534,m0310a,207829.2116,751303.217,POINT (207829.211628594 751303.216980666)
2467,36534,m0320a,207829.2116,751303.217,POINT (207829.211628594 751303.216980666)
2468,36536,m0310a,207861.8117,751582.2668,POINT (207861.811737496 751582.2667795989)
2469,36536,m0320a,207861.8117,751582.2668,POINT (207861.811737496 751582.2667795989)
2470,36537,m0310a,208140.0365,751819.4788,POINT (208140.036485525 751819.478806674)
2471,36537,m0320a,208140.0365,751819.4788,POINT (208140.036485525 751819.478806674)
2472,36539,m0310a,208493.7941,751794.3693,POINT (208493.794143456 751794.3693409819)
2473,36539,m0320a,208493.7941,751794.3693,POINT (208493.794143456 751794.3693409819)
2474,36563,brt061,197318.8228,708031.7667,POINT (197318.82277414 708031.766719043)
2475,36563,brt062,197318.8228,708031.7667,POINT (197318.82277414 708031.766719043)
2476,36575,brt061,198118.405,709139.4126,POINT (198118.404956984 709139.412553889)
2477,36575,brt062,198118.405,709139.4126,POINT (198118.404956984 709139.412553889)
2478,36580,brt061,197741.6821,709778.6071,POINT (197741.682057427 709778.607050209)
2479,36580,brt062,197741.6821,709778.6071,POINT (197741.682057427 709778.607050209)
2480,36588,brt061,196474.4904,709612.1373,POINT (196474.49038550505 709612.13731624)
2481,36588,brt062,196474.4904,709612.1373,POINT (196474.49038550505 709612.13731624)
2482,36592,brt061,195755.6703,713127.0792,POINT (195755.670284774 713127.0791916609)
2483,36592,brt062,195755.6703,713127.0792,POINT (195755.670284774 713127.0791916609)
2484,36594,brt061,195588.8625,713712.4707,POINT (195588.862494582 713712.470706975)
2485,36594,brt062,195588.8625,713712.4707,POINT (195588.862494582 713712.470706975)
2486,36596,brt062,194739.2174,713725.0736,POINT (194739.21744961405 713725.073587994)
2487,36598,brt061,194726.2493,713821.073,POINT (194726.249269396 713821.073046861)
2488,36598,brt062,194726.2493,713821.073,POINT (194726.249269396 713821.073046861)
2489,36606,brt061,193930.9439,713783.9242,POINT (193930.943896775 713783.924184675)
2490,36606,brt062,193930.9439,713783.9242,POINT (193930.943896775 713783.924184675)
2491,36608,brt061,193735.3313,713773.8153,POINT (193735.331291308 713773.8152735161)
2492,36608,brt062,193735.3313,713773.8153,POINT (193735.331291308 713773.8152735161)
2493,36621,brt061,192695.3078,713368.709,POINT (192695.30780438305 713368.7089659311)
2494,36621,brt062,192695.3078,713368.709,POINT (192695.30780438305 713368.7089659311)
2495,36629,brt061,192805.3872,712584.9432,POINT (192805.387181445 712584.9432076841)
2496,36630,m0310a,206139.456,746716.5333,POINT (206139.45600490647 746716.5333459526)
2497,36630,m0320a,206139.456,746716.5333,POINT (206139.45600490647 746716.5333459526)
2498,36631,m0110a,196452.8459,744345.3163,POINT (196452.84591475132 744345.3162964034)
2499,36631,m0410a,196452.8459,744345.3163,POINT (196452.84591475132 744345.3162964034)
2500,36632,m0310a,201601.2384,745129.1874,POINT (201601.23838529384 745129.1873781051)
2501,36632,m0320a,201601.2384,745129.1874,POINT (201601.23838529384 745129.1873781051)
2502,36632,m0510a,201601.2384,745129.1874,POINT (201601.23838529384 745129.1873781051)
2503,36632,m0520a,201601.2384,745129.1874,POINT (201601.23838529384 745129.1873781051)
2504,36632,m0820a,201601.2384,745129.1874,POINT (201601.23838529384 745129.1873781051)
2505,36633,m0820a,201354.926,745276.0812,POINT (201354.9259725241 745276.0812323015)
2506,36633,m0910a,201354.926,745276.0812,POINT (201354.9259725241 745276.0812323015)
2507,36634,m0310a,201183.5296,745444.3922,POINT (201183.52964029877 745444.3922120746)
2508,36634,m0320a,201183.5296,745444.3922,POINT (201183.52964029877 745444.3922120746)
2509,36634,m0510a,201183.5296,745444.3922,POINT (201183.52964029877 745444.3922120746)
2510,36634,m0520a,201183.5296,745444.3922,POINT (201183.52964029877 745444.3922120746)
2511,36634,m0820a,201183.5296,745444.3922,POINT (201183.52964029877 745444.3922120746)
2512,36635,m0310a,200815.1718,745572.6942,POINT (200815.17177433157 745572.6942025956)
2513,36635,m0320a,200815.1718,745572.6942,POINT (200815.17177433157 745572.6942025956)
2514,36635,m0510a,200815.1718,745572.6942,POINT (200815.17177433157 745572.6942025956)
2515,36635,m0520a,200815.1718,745572.6942,POINT (200815.17177433157 745572.6942025956)
2516,36635,m0810a,200815.1718,745572.6942,POINT (200815.17177433157 745572.6942025956)
2517,36635,m0820a,200815.1718,745572.6942,POINT (200815.17177433157 745572.6942025956)
2518,36636,m0510a,204135.2417,742503.7095,POINT (204135.24172514887 742503.7094858108)
2519,36636,m0520a,204135.2417,742503.7095,POINT (204135.24172514887 742503.7094858108)
2520,36637,m0510a,203857.0475,742759.2141,POINT (203857.04749267432 742759.2141310589)
2521,36637,m0520a,203857.0475,742759.2141,POINT (203857.04749267432 742759.2141310589)
2522,36638,m0510a,203577.8277,743016.4775,POINT (203577.82767835527 743016.4775128467)
2523,36638,m0520a,203577.8277,743016.4775,POINT (203577.82767835527 743016.4775128467)
2524,36639,m0210a,198994.9407,748495.4195,POINT (198994.94071900015 748495.4195370002)
2525,36639,m0220a,198994.9407,748495.4195,POINT (198994.94071900015 748495.4195370002)
2526,36639,m0910a,198994.9407,748495.4195,POINT (198994.94071900015 748495.4195370002)
2527,36640,m0310a,200559.3066,745937.9569,POINT (200559.3065649997 745937.9568824234)
2528,36640,m0510a,200559.3066,745937.9569,POINT (200559.3065649997 745937.9568824234)
2529,36641,m0510a,205772.5396,740614.067,POINT (205772.53957324807 740614.0669648066)
2530,36641,m0520a,205772.5396,740614.067,POINT (205772.53957324807 740614.0669648066)
2531,36641,m0620a,205772.5396,740614.067,POINT (205772.53957324807 740614.0669648066)
2532,36642,m0410a,196837.3462,744031.3912,POINT (196837.3462410001 744031.39118)
2533,36643,m0510a,202101.449,744945.8354,POINT (202101.4489546574 744945.8353915905)
2534,36643,m0520a,202101.449,744945.8354,POINT (202101.4489546574 744945.8353915905)
2535,36643,m0610a,202101.449,744945.8354,POINT (202101.4489546574 744945.8353915905)
2536,36643,m0620a,202101.449,744945.8354,POINT (202101.4489546574 744945.8353915905)
2537,36644,m0320a,200278.3263,746171.4682,POINT (200278.3263128989 746171.468163906)
2538,36644,m0520a,200278.3263,746171.4682,POINT (200278.3263128989 746171.468163906)
2539,36644,m0810a,200278.3263,746171.4682,POINT (200278.3263128989 746171.468163906)
2540,36644,m0820a,200278.3263,746171.4682,POINT (200278.3263128989 746171.468163906)
2541,36645,m0110a,196616.1012,745390.8372,POINT (196616.1012204477 745390.8371547967)
2542,36645,m0120a,196616.1012,745390.8372,POINT (196616.1012204477 745390.8371547967)
2543,36645,m0620a,196616.1012,745390.8372,POINT (196616.1012204477 745390.8371547967)
2544,36645,m0710a,196616.1012,745390.8372,POINT (196616.1012204477 745390.8371547967)
2545,36646,m0820a,208111.0075,759933.2179,POINT (208111.00751554276 759933.2178838684)
2546,36647,m0320a,200107.8199,746445.6889,POINT (200107.8199187345 746445.6889042115)
2547,36647,m0520a,200107.8199,746445.6889,POINT (200107.8199187345 746445.6889042115)
2548,36647,m0820a,200107.8199,746445.6889,POINT (200107.8199187345 746445.6889042115)
2549,36648,m0310a,200133.0407,746504.1571,POINT (200133.0406909705 746504.157058617)
2550,36648,m0510a,200133.0407,746504.1571,POINT (200133.0406909705 746504.157058617)
2551,36649,m0820a,208362.7226,760558.9475,POINT (208362.722550036 760558.9474761322)
2552,36650,m0820a,208497.6618,760900.7176,POINT (208497.66180494672 760900.7175914409)
2553,36652,m0110a,208962.6191,751521.5619,POINT (208962.61909499977 751521.5618859999)
2554,36652,m0120a,208962.6191,751521.5619,POINT (208962.61909499977 751521.5618859999)
2555,36652,m0410a,208962.6191,751521.5619,POINT (208962.61909499977 751521.5618859999)
2556,36653,m0820a,208072.4211,758628.3673,POINT (208072.4210992239 758628.3673166262)
2557,36654,m0110a,198418.4068,748369.7996,POINT (198418.4067698502 748369.7995593756)
2558,36654,m0120a,198418.4068,748369.7996,POINT (198418.4067698502 748369.7995593756)
2559,36654,m0620a,198418.4068,748369.7996,POINT (198418.4067698502 748369.7995593756)
2560,36654,m0710a,198418.4068,748369.7996,POINT (198418.4067698502 748369.7995593756)
2561,36655,m0820a,208029.733,759622.1819,POINT (208029.73301031368 759622.1819103183)
2562,36656,m0820a,209236.9558,751519.8116,POINT (209236.95581586185 751519.811572254)
2563,36658,m0410a,201059.5999,743889.371,POINT (201059.59986660528 743889.371026314)
2564,36660,m0310a,206137.2119,747215.1768,POINT (206137.21189399983 747215.1767780003)
2565,36661,m0110a,196492.791,744045.7123,POINT (196492.79095300025 744045.7123169994)
2566,36661,m0120a,196492.791,744045.7123,POINT (196492.79095300025 744045.7123169994)
2567,36661,m0410a,196492.791,744045.7123,POINT (196492.79095300025 744045.7123169994)
2568,36706,m0810a,201547.3389,744803.0435,POINT (201547.3388624921 744803.0435054067)
2569,36708,m0810a,202236.9368,742523.8234,POINT (202236.9367541626 742523.8234263475)
2570,36708,m0910a,202236.9368,742523.8234,POINT (202236.9367541626 742523.8234263475)
2571,36708,m0920a,202236.9368,742523.8234,POINT (202236.9367541626 742523.8234263475)
2572,36709,m0910a,202738.2963,742315.9752,POINT (202738.2962649999 742315.9752050004)
2573,36709,m0920a,202738.2963,742315.9752,POINT (202738.2962649999 742315.9752050004)
2574,36710,m0810a,202702.701,742868.3117,POINT (202702.70100999984 742868.3116640003)
2575,36710,m0910a,202702.701,742868.3117,POINT (202702.70100999984 742868.3116640003)
2576,36710,m0920a,202702.701,742868.3117,POINT (202702.70100999984 742868.3116640003)
2577,36711,m0810a,202933.0111,742694.8566,POINT (202933.01105925356 742694.8566407898)
2578,36711,m0910a,202933.0111,742694.8566,POINT (202933.01105925356 742694.8566407898)
2579,36711,m0920a,202933.0111,742694.8566,POINT (202933.01105925356 742694.8566407898)
2580,36714,brt021,228518.4713,758719.5175,POINT (228518.471339475 758719.517515842)
2581,36714,brt021,228518.4713,758719.5175,POINT (228518.471339475 758719.517515842)
2582,36714,brt022,228518.4713,758719.5175,POINT (228518.471339475 758719.517515842)
2583,36714,brt022,228518.4713,758719.5175,POINT (228518.471339475 758719.517515842)
2584,36716,brt021,228474.244,758808.1747,POINT (228474.244004341 758808.17470175)
2585,36716,brt022,228474.244,758808.1747,POINT (228474.244004341 758808.17470175)
2586,36737,m0810a,202433.2145,742879.1675,POINT (202433.2145421156 742879.1674755559)
2587,36737,m0910a,202433.2145,742879.1675,POINT (202433.2145421156 742879.1674755559)
2588,36738,m0810a,202909.7984,742403.9488,POINT (202909.798353309 742403.9487784255)
2589,36738,m0910a,202909.7984,742403.9488,POINT (202909.798353309 742403.9487784255)
2590,36738,m0920a,202909.7984,742403.9488,POINT (202909.798353309 742403.9487784255)
2591,36739,m0810a,202559.0216,742280.5464,POINT (202559.0216379998 742280.5464400003)
2592,36739,m0910a,202559.0216,742280.5464,POINT (202559.0216379998 742280.5464400003)
2593,36739,m0920a,202559.0216,742280.5464,POINT (202559.0216379998 742280.5464400003)
2594,36742,m0910a,203032.9194,742541.2873,POINT (203032.91935988376 742541.2872859946)
2595,36742,m0920a,203032.9194,742541.2873,POINT (203032.91935988376 742541.2872859946)
2596,36743,m0910a,202232.3444,742750.8947,POINT (202232.34441798716 742750.8947363128)
2597,36746,m0620a,197979.3692,739637.1326,POINT (197979.36916069625 739637.1325680992)
2598,36807,brt031,227129.1638,733219.3636,POINT (227129.163784282 733219.363574199)
2599,36807,brt032,227129.1638,733219.3636,POINT (227129.163784282 733219.363574199)
2600,36809,brt031,226800.0273,732882.4525,POINT (226800.027340678 732882.452459565)
2601,36809,brt032,226800.0273,732882.4525,POINT (226800.027340678 732882.452459565)
2602,36812,brt031,226376.5273,732589.6863,POINT (226376.52727026903 732589.6862914639)
2603,36812,brt032,226376.5273,732589.6863,POINT (226376.52727026903 732589.6862914639)
2604,36814,brt031,226283.8006,732269.9414,POINT (226283.80059984 732269.9413823282)
2605,36814,brt032,226283.8006,732269.9414,POINT (226283.80059984 732269.9413823282)
2606,36815,brt031,226195.0343,732150.8486,POINT (226195.034264939 732150.8485728361)
2607,36815,brt032,226195.0343,732150.8486,POINT (226195.034264939 732150.8485728361)
2608,36817,brt031,226125.3649,732088.2243,POINT (226125.364917934 732088.2242619509)
2609,36817,brt032,226125.3649,732088.2243,POINT (226125.364917934 732088.2242619509)
2610,36819,brt031,225623.8784,731824.665,POINT (225623.878418802 731824.6650211071)
2611,36819,brt032,225623.8784,731824.665,POINT (225623.878418802 731824.6650211071)
2612,36822,brt031,225122.2775,731656.4729,POINT (225122.27747293207 731656.472890475)
2613,36822,brt032,225122.2775,731656.4729,POINT (225122.27747293207 731656.472890475)
2614,36825,brt031,223974.8647,731007.6336,POINT (223974.86469966095 731007.6335883989)
2615,36825,brt032,223974.8647,731007.6336,POINT (223974.86469966095 731007.6335883989)
2616,36827,brt031,223845.7753,731106.667,POINT (223845.77528598503 731106.6670437589)
2617,36827,brt032,223845.7753,731106.667,POINT (223845.77528598503 731106.6670437589)
2618,36829,brt031,223514.0826,731452.375,POINT (223514.0826061789 731452.37495183)
2619,36829,brt032,223514.0826,731452.375,POINT (223514.0826061789 731452.37495183)
2620,36831,brt031,223032.6896,731531.0779,POINT (223032.689620405 731531.0778560081)
2621,36831,brt032,223032.6896,731531.0779,POINT (223032.689620405 731531.0778560081)
2622,36835,brt031,222912.0988,731245.1754,POINT (222912.09877971205 731245.17535573)
2623,36835,brt032,222912.0988,731245.1754,POINT (222912.09877971205 731245.17535573)
2624,36838,brt031,222849.2722,731078.4908,POINT (222849.2722330381 731078.4908049371)
2625,36838,brt032,222849.2722,731078.4908,POINT (222849.2722330381 731078.4908049371)
2626,36840,brt031,222912.3046,730239.9549,POINT (222912.304640246 730239.9548570762)
2627,36840,brt032,222912.3046,730239.9549,POINT (222912.304640246 730239.9548570762)
2628,36841,brt031,222541.2355,729746.2564,POINT (222541.235533903 729746.2563541181)
2629,36841,brt032,222541.2355,729746.2564,POINT (222541.235533903 729746.2563541181)
2630,36843,brt031,222254.21,729369.9595,POINT (222254.210015578 729369.9595186489)
2631,36843,brt032,222254.21,729369.9595,POINT (222254.210015578 729369.9595186489)
2632,36847,brt031,219965.5144,728247.1296,POINT (219965.514408129 728247.129609761)
2633,36850,brt012,212730.345,747634.3815,POINT (212730.34500598 747634.3815190739)
2634,36854,brt011,213008.574,747676.1223,POINT (213008.574029449 747676.1223257381)
2635,36854,brt012,213008.574,747676.1223,POINT (213008.574029449 747676.1223257381)
2636,36858,brt011,214374.0745,747550.3234,POINT (214374.07448539897 747550.3234321581)
2637,36858,brt012,214374.0745,747550.3234,POINT (214374.07448539897 747550.3234321581)
2638,36860,brt011,214575.1823,747633.2359,POINT (214575.18228705105 747633.235876619)
2639,36860,brt012,214575.1823,747633.2359,POINT (214575.18228705105 747633.235876619)
2640,36862,brt011,214620.7809,747779.2127,POINT (214620.780878018 747779.212735018)
2641,36862,brt012,214620.7809,747779.2127,POINT (214620.780878018 747779.212735018)
2642,36870,brt011,216656.6017,748122.9852,POINT (216656.60173706297 748122.985239913)
2643,36870,brt012,216656.6017,748122.9852,POINT (216656.60173706297 748122.985239913)
2644,36872,brt011,217315.2793,748418.6122,POINT (217315.279283095 748418.612247095)
2645,36872,brt012,217315.2793,748418.6122,POINT (217315.279283095 748418.612247095)
2646,36879,brt011,220637.4807,748893.0354,POINT (220637.48071602397 748893.0353782219)
2647,36879,brt012,220637.4807,748893.0354,POINT (220637.48071602397 748893.0353782219)
2648,36881,brt011,222415.9248,748579.4997,POINT (222415.924810037 748579.499702861)
2649,36881,brt012,222415.9248,748579.4997,POINT (222415.924810037 748579.499702861)
2650,36886,brt011,223707.8473,749175.9891,POINT (223707.847315721 749175.9891380188)
2651,36886,brt012,223707.8473,749175.9891,POINT (223707.847315721 749175.9891380188)
2652,36888,brt011,224544.1433,749478.3216,POINT (224544.14332162103 749478.3216314901)
2653,36888,brt012,224544.1433,749478.3216,POINT (224544.14332162103 749478.3216314901)
2654,36890,brt011,224908.0152,749821.44,POINT (224908.01518735505 749821.439988447)
2655,36890,brt012,224908.0152,749821.44,POINT (224908.01518735505 749821.439988447)
2656,36892,brt011,225560.4403,751386.0729,POINT (225560.44026553095 751386.0729420239)
2657,36892,brt012,225560.4403,751386.0729,POINT (225560.44026553095 751386.0729420239)
2658,36894,brt011,225011.888,751742.5036,POINT (225011.88801098 751742.50355515)
2659,36894,brt012,225011.888,751742.5036,POINT (225011.88801098 751742.50355515)
2660,36896,brt011,225022.876,751914.8567,POINT (225022.876047144 751914.8566939092)
2661,36896,brt012,225022.876,751914.8567,POINT (225022.876047144 751914.8566939092)
2662,36898,brt011,225524.6513,752058.3538,POINT (225524.651344461 752058.3538260813)
2663,36898,brt012,225524.6513,752058.3538,POINT (225524.651344461 752058.3538260813)
2664,36898,brt021,225524.6513,752058.3538,POINT (225524.651344461 752058.3538260813)
2665,36898,brt022,225524.6513,752058.3538,POINT (225524.651344461 752058.3538260813)
2666,36900,brt011,226536.9767,752266.9043,POINT (226536.976741674 752266.9043207789)
2667,36900,brt012,226536.9767,752266.9043,POINT (226536.976741674 752266.9043207789)
2668,36900,brt021,226536.9767,752266.9043,POINT (226536.976741674 752266.9043207789)
2669,36900,brt022,226536.9767,752266.9043,POINT (226536.976741674 752266.9043207789)
2670,36903,brt011,227195.046,752319.2534,POINT (227195.046017996 752319.2533579262)
2671,36903,brt012,227195.046,752319.2534,POINT (227195.046017996 752319.2533579262)
2672,36903,brt021,227195.046,752319.2534,POINT (227195.046017996 752319.2533579262)
2673,36903,brt022,227195.046,752319.2534,POINT (227195.046017996 752319.2533579262)
2674,36904,brt021,227224.1795,752306.1612,POINT (227224.179542708 752306.16118586)
2675,36906,brt011,227568.3097,752161.7311,POINT (227568.30965344692 752161.7310978151)
2676,36906,brt012,227568.3097,752161.7311,POINT (227568.30965344692 752161.7310978151)
2677,36906,brt021,227568.3097,752161.7311,POINT (227568.30965344692 752161.7310978151)
2678,36906,brt022,227568.3097,752161.7311,POINT (227568.30965344692 752161.7310978151)
2679,36907,brt011,227896.4717,752007.3849,POINT (227896.471664684 752007.3848607331)
2680,36907,brt012,227896.4717,752007.3849,POINT (227896.471664684 752007.3848607331)
2681,36907,brt021,227896.4717,752007.3849,POINT (227896.471664684 752007.3848607331)
2682,36907,brt022,227896.4717,752007.3849,POINT (227896.471664684 752007.3848607331)
2683,36909,brt011,228162.9263,751983.468,POINT (228162.9262527209 751983.4680114271)
2684,36909,brt012,228162.9263,751983.468,POINT (228162.9262527209 751983.4680114271)
2685,36909,brt021,228162.9263,751983.468,POINT (228162.9262527209 751983.4680114271)
2686,36909,brt022,228162.9263,751983.468,POINT (228162.9262527209 751983.4680114271)
2687,36912,brt011,228451.1408,751965.3161,POINT (228451.140776842 751965.3161075021)
2688,36912,brt012,228451.1408,751965.3161,POINT (228451.140776842 751965.3161075021)
2689,36912,brt021,228451.1408,751965.3161,POINT (228451.140776842 751965.3161075021)
2690,36912,brt022,228451.1408,751965.3161,POINT (228451.140776842 751965.3161075021)
2691,36913,brt011,228974.9159,751785.7556,POINT (228974.91594113305 751785.755644297)
2692,36913,brt012,228974.9159,751785.7556,POINT (228974.91594113305 751785.755644297)
2693,36913,brt021,228974.9159,751785.7556,POINT (228974.91594113305 751785.755644297)
2694,36913,brt022,228974.9159,751785.7556,POINT (228974.91594113305 751785.755644297)
2695,36915,brt011,229340.4028,751797.2128,POINT (229340.40284512905 751797.2127597838)
2696,36915,brt012,229340.4028,751797.2128,POINT (229340.40284512905 751797.2127597838)
2697,36915,brt021,229340.4028,751797.2128,POINT (229340.40284512905 751797.2127597838)
2698,36915,brt022,229340.4028,751797.2128,POINT (229340.40284512905 751797.2127597838)
2699,36917,brt011,229713.86,751769.1228,POINT (229713.85996102297 751769.122836795)
2700,36917,brt012,229713.86,751769.1228,POINT (229713.85996102297 751769.122836795)
2701,36917,brt021,229713.86,751769.1228,POINT (229713.85996102297 751769.122836795)
2702,36917,brt022,229713.86,751769.1228,POINT (229713.85996102297 751769.122836795)
2703,36920,brt011,231806.9381,751411.9879,POINT (231806.938080134 751411.987945627)
2704,36920,brt012,231806.9381,751411.9879,POINT (231806.938080134 751411.987945627)
2705,36920,brt021,231806.9381,751411.9879,POINT (231806.938080134 751411.987945627)
2706,36920,brt022,231806.9381,751411.9879,POINT (231806.938080134 751411.987945627)
2707,36921,brt011,231870.4899,751550.1621,POINT (231870.48985719 751550.162058799)
2708,36921,brt012,231870.4899,751550.1621,POINT (231870.48985719 751550.162058799)
2709,36921,brt021,231870.4899,751550.1621,POINT (231870.48985719 751550.162058799)
2710,36921,brt022,231870.4899,751550.1621,POINT (231870.48985719 751550.162058799)
2711,36924,brt011,232737.4065,751893.0891,POINT (232737.40648683396 751893.0890665689)
2712,36924,brt012,232737.4065,751893.0891,POINT (232737.40648683396 751893.0890665689)
2713,36924,brt021,232737.4065,751893.0891,POINT (232737.40648683396 751893.0890665689)
2714,36924,brt022,232737.4065,751893.0891,POINT (232737.40648683396 751893.0890665689)
2715,36926,brt011,233752.6313,751771.3464,POINT (233752.63132485803 751771.3464019962)
2716,36926,brt012,233752.6313,751771.3464,POINT (233752.63132485803 751771.3464019962)
2717,36926,brt021,233752.6313,751771.3464,POINT (233752.63132485803 751771.3464019962)
2718,36926,brt022,233752.6313,751771.3464,POINT (233752.63132485803 751771.3464019962)
2719,36927,brt011,235305.6932,751819.168,POINT (235305.693193984 751819.168009485)
2720,36927,brt021,235305.6932,751819.168,POINT (235305.693193984 751819.168009485)
2721,36930,brt021,225156.7775,752524.3949,POINT (225156.77750467704 752524.394854294)
2722,36930,brt022,225156.7775,752524.3949,POINT (225156.77750467704 752524.394854294)
2723,36932,brt021,224487.7721,754979.2339,POINT (224487.77211495204 754979.2339277441)
2724,36932,brt022,224487.7721,754979.2339,POINT (224487.77211495204 754979.2339277441)
2725,36935,brt021,226593.3271,757350.3012,POINT (226593.32710424895 757350.301240217)
2726,36935,brt022,226593.3271,757350.3012,POINT (226593.32710424895 757350.301240217)
2727,36938,brt021,227014.595,757161.7204,POINT (227014.594957686 757161.7204017311)
2728,36938,brt022,227014.595,757161.7204,POINT (227014.594957686 757161.7204017311)
2729,36940,brt021,227324.6351,757052.4241,POINT (227324.63510963804 757052.424146925)
2730,36940,brt022,227324.6351,757052.4241,POINT (227324.63510963804 757052.424146925)
2731,36942,brt021,227841.1874,757103.7021,POINT (227841.18736808203 757103.7021199018)
2732,36942,brt022,227841.1874,757103.7021,POINT (227841.18736808203 757103.7021199018)
2733,36944,brt021,228250.4339,757213.5912,POINT (228250.433921674 757213.5912113669)
2734,36944,brt022,228250.4339,757213.5912,POINT (228250.433921674 757213.5912113669)
2735,36946,brt021,228539.3008,757403.4358,POINT (228539.300809326 757403.4358350221)
2736,36946,brt022,228539.3008,757403.4358,POINT (228539.300809326 757403.4358350221)
2737,36948,brt021,228685.0575,757800.7636,POINT (228685.05749041 757800.76361688)
2738,36948,brt022,228685.0575,757800.7636,POINT (228685.05749041 757800.76361688)
2739,36950,brt021,228738.7571,758017.0747,POINT (228738.757063742 758017.0747299868)
2740,36950,brt022,228738.7571,758017.0747,POINT (228738.757063742 758017.0747299868)
2741,36951,brt021,228705.7295,758514.3708,POINT (228705.72952604297 758514.37081785)
2742,36951,brt022,228705.7295,758514.3708,POINT (228705.72952604297 758514.37081785)
2743,36953,brt021,228615.1584,758679.4134,POINT (228615.15839734295 758679.413375949)
2744,36953,brt022,228615.1584,758679.4134,POINT (228615.15839734295 758679.413375949)
2745,36955,brt021,228839.8066,758626.2519,POINT (228839.80658091305 758626.2519272851)
2746,36955,brt022,228839.8066,758626.2519,POINT (228839.80658091305 758626.2519272851)
2747,36958,brt021,229041.1595,758542.0689,POINT (229041.159546314 758542.0688560122)
2748,36958,brt022,229041.1595,758542.0689,POINT (229041.159546314 758542.0688560122)
2749,36959,brt021,229873.859,758718.921,POINT (229873.85903124497 758718.9210390401)
2750,36961,brt021,230071.4054,758788.4174,POINT (230071.405448622 758788.417392512)
2751,36961,brt022,230071.4054,758788.4174,POINT (230071.405448622 758788.417392512)
2752,36963,brt022,230814.7262,759025.368,POINT (230814.72623280095 759025.3680265902)
2753,36964,brt031,228321.9967,733419.2467,POINT (228321.99674077705 733419.2466551511)
2754,36964,brt032,228321.9967,733419.2467,POINT (228321.99674077705 733419.2466551511)
2755,36964,brt041,228321.9967,733419.2467,POINT (228321.99674077705 733419.2466551511)
2756,36964,brt042,228321.9967,733419.2467,POINT (228321.99674077705 733419.2466551511)
2757,36965,brt031,228365.0139,733305.1927,POINT (228365.01385317 733305.192734523)
2758,36965,brt032,228365.0139,733305.1927,POINT (228365.01385317 733305.192734523)
2759,36965,brt041,228365.0139,733305.1927,POINT (228365.01385317 733305.192734523)
2760,36965,brt042,228365.0139,733305.1927,POINT (228365.01385317 733305.192734523)
2761,36967,brt041,227655.3788,731202.2954,POINT (227655.378786816 731202.295395033)
2762,36967,brt042,227655.3788,731202.2954,POINT (227655.378786816 731202.295395033)
2763,36972,brt041,227770.1327,729058.21,POINT (227770.13267640004 729058.210046816)
2764,36972,brt042,227770.1327,729058.21,POINT (227770.13267640004 729058.210046816)
2765,36974,brt041,227712.5946,728280.916,POINT (227712.59463826 728280.915975103)
2766,36974,brt042,227712.5946,728280.916,POINT (227712.59463826 728280.915975103)
2767,36976,brt041,227674.1031,727776.5999,POINT (227674.10308747503 727776.599861237)
2768,36976,brt042,227674.1031,727776.5999,POINT (227674.10308747503 727776.599861237)
2769,36978,brt041,227549.6219,726087.981,POINT (227549.621933638 726087.9809776569)
2770,36978,brt042,227549.6219,726087.981,POINT (227549.621933638 726087.9809776569)
2771,36979,brt041,227511.8769,725474.3064,POINT (227511.87689507095 725474.3064170791)
2772,36979,brt042,227511.8769,725474.3064,POINT (227511.87689507095 725474.3064170791)
2773,36985,brt041,227952.7018,725246.4542,POINT (227952.70181229396 725246.4541704509)
2774,36987,brt031,228296.5929,733132.1364,POINT (228296.592879572 733132.1363589361)
2775,36987,brt032,228296.5929,733132.1364,POINT (228296.592879572 733132.1363589361)
2776,36990,brt031,228255.7773,732927.3036,POINT (228255.77728468704 732927.3035764361)
2777,36990,brt032,228255.7773,732927.3036,POINT (228255.77728468704 732927.3035764361)
2778,36991,brt031,227938.4177,732618.8368,POINT (227938.417658524 732618.8367707201)
2779,36991,brt032,227938.4177,732618.8368,POINT (227938.417658524 732618.8367707201)
2780,36993,brt031,227823.6932,732728.075,POINT (227823.693151494 732728.0749764299)
2781,36993,brt032,227823.6932,732728.075,POINT (227823.693151494 732728.0749764299)
2782,36997,brt031,227722.9705,733237.4112,POINT (227722.97049342695 733237.4112207171)
2783,36997,brt032,227722.9705,733237.4112,POINT (227722.97049342695 733237.4112207171)
2784,36999,brt031,227367.9083,733287.0357,POINT (227367.908267113 733287.035745604)
2785,36999,brt032,227367.9083,733287.0357,POINT (227367.908267113 733287.035745604)
2786,42202,m0820a,208680.5829,761531.8631,POINT (208680.58293798505 761531.863104389)
2787,43364,brt011,222589.5134,748676.0097,POINT (222589.513376829 748676.009676134)
2788,43364,brt012,222589.5134,748676.0097,POINT (222589.513376829 748676.009676134)
2789,44070,brt011,215345.035,747697.1552,POINT (215345.03504352603 747697.155224264)
2790,44070,brt012,215345.035,747697.1552,POINT (215345.03504352603 747697.155224264)
2791,44071,brt011,215792.0195,747812.9796,POINT (215792.019547128 747812.979636004)
2792,44071,brt012,215792.0195,747812.9796,POINT (215792.019547128 747812.979636004)
2793,44072,brt011,214888.1624,747684.3833,POINT (214888.162393834 747684.3832834001)
2794,44072,brt012,214888.1624,747684.3833,POINT (214888.162393834 747684.3832834001)
2795,44102,brt011,217766.524,748611.1485,POINT (217766.52398194704 748611.1484569121)
2796,44102,brt012,217766.524,748611.1485,POINT (217766.52398194704 748611.1484569121)
2797,44103,brt011,218525.3046,748590.6365,POINT (218525.304587262 748590.6364615071)
2798,44103,brt012,218525.3046,748590.6365,POINT (218525.304587262 748590.6364615071)
2799,44407,brt011,219210.3876,748151.5288,POINT (219210.387561874 748151.5288026611)
2800,44407,brt012,219210.3876,748151.5288,POINT (219210.387561874 748151.5288026611)
2801,49021,brt011,213192.8442,747760.1828,POINT (213192.844163332 747760.1827661099)
2802,49021,brt012,213192.8442,747760.1828,POINT (213192.844163332 747760.1827661099)
2803,49768,m0220a,211360.855,745874.605,POINT (211360.855 745874.6049999988)
2804,360268,brt041,227496.725,725226.843,POINT (227496.725 725226.8430000001)
2805,360268,brt042,227496.725,725226.843,POINT (227496.725 725226.8430000001)
2806,380050,brt051,204733.5995,707010.1075,POINT (204733.59950925 707010.107476322)
2807,380050,brt052,204733.5995,707010.1075,POINT (204733.59950925 707010.107476322)
2808,390202,brt062,194753.2738,713706.2933,POINT (194753.273762153 713706.293277829)
2809,390287,brt062,195900.808,713102.153,POINT (195900.808 713102.153)
2810,390513,brt061,196057.676,710189.065,POINT (196057.676 710189.0649999989)
2811,390513,brt062,196057.676,710189.065,POINT (196057.676 710189.0649999989)
2812,400169,brt051,202165.8746,706208.1705,POINT (202165.874569615 706208.170527714)
2813,400169,brt052,202165.8746,706208.1705,POINT (202165.874569615 706208.170527714)
2814,400343,brt051,190827.895,704944.479,POINT (190827.895 704944.4789999999)
2815,400343,brt062,190827.895,704944.479,POINT (190827.895 704944.4789999999)
2816,400644,brt052,200854.3122,702268.6767,POINT (200854.312168598 702268.676733132)
2817,400681,brt051,202496.3082,702056.5246,POINT (202496.30824481303 702056.5246203151)
2818,400681,brt052,202496.3082,702056.5246,POINT (202496.30824481303 702056.5246203151)
2819,400684,brt051,203726.654,702041.605,POINT (203726.65399999995 702041.605)
2820,400684,brt052,203726.654,702041.605,POINT (203726.65399999995 702041.605)
2821,400060,rail_10_1,182891.0945,674534.0991,POINT (182891.0945 674534.0991)
2822,400060,rail_10_2,182891.0945,674534.0991,POINT (182891.0945 674534.0991)
2823,400060,rail_11_1,182891.0945,674534.0991,POINT (182891.0945 674534.0991)
2824,400060,rail_11_2,182891.0945,674534.0991,POINT (182891.0945 674534.0991)
2825,400060,rail_12_1,182891.0945,674534.0991,POINT (182891.0945 674534.0991)
2826,400060,rail_12_2,182891.0945,674534.0991,POINT (182891.0945 674534.0991)
2827,400060,rail_16_1,182891.0945,674534.0991,POINT (182891.0945 674534.0991)
2828,400060,rail_16_2,182891.0945,674534.0991,POINT (182891.0945 674534.0991)
2829,400060,rail_17_1,182891.0945,674534.0991,POINT (182891.0945 674534.0991)
2830,400060,rail_20_1,182891.0945,674534.0991,POINT (182891.0945 674534.0991)
2831,400060,rail_20_2,182891.0945,674534.0991,POINT (182891.0945 674534.0991)
2832,400060,rail_17_2,182891.0945,674534.0991,POINT (182891.0945 674534.0991)
2833,400060,rail_14_1,182891.0945,674534.0991,POINT (182891.0945 674534.0991)
2834,400060,rail_14_2,182891.0945,674534.0991,POINT (182891.0945 674534.0991)
2835,400060,rail_3_1,182891.0945,674534.0991,POINT (182891.0945 674534.0991)
2836,400060,rail_3_2,182891.0945,674534.0991,POINT (182891.0945 674534.0991)
2837,400060,rail_4_1,182891.0945,674534.0991,POINT (182891.0945 674534.0991)
2838,400060,rail_4_2,182891.0945,674534.0991,POINT (182891.0945 674534.0991)
2839,400060,rail_5_1,182891.0945,674534.0991,POINT (182891.0945 674534.0991)
2840,400060,rail_5_2,182891.0945,674534.0991,POINT (182891.0945 674534.0991)
2841,400060,rail_1_1,182891.0945,674534.0991,POINT (182891.0945 674534.0991)
2842,400060,rail_1_2,182891.0945,674534.0991,POINT (182891.0945 674534.0991)
2843,400841,rail_11_1,162555.7445,620621.0796,POINT (162555.7445 620621.0796)
2844,400841,rail_11_2,162555.7445,620621.0796,POINT (162555.7445 620621.0796)
2845,400841,rail_12_1,162555.7445,620621.0796,POINT (162555.7445 620621.0796)
2846,400841,rail_12_2,162555.7445,620621.0796,POINT (162555.7445 620621.0796)
2847,400841,rail_20_1,162555.7445,620621.0796,POINT (162555.7445 620621.0796)
2848,400841,rail_20_2,162555.7445,620621.0796,POINT (162555.7445 620621.0796)
2849,400841,rail_5_1,162555.7445,620621.0796,POINT (162555.7445 620621.0796)
2850,400841,rail_5_2,162555.7445,620621.0796,POINT (162555.7445 620621.0796)
2851,463984,rail_11_1,165189.1883,581245.4293,POINT (165189.1883 581245.4293)
2852,463984,rail_11_2,165189.1883,581245.4293,POINT (165189.1883 581245.4293)
2853,463984,rail_20_1,165189.1883,581245.4293,POINT (165189.1883 581245.4293)
2854,463984,rail_20_2,165189.1883,581245.4293,POINT (165189.1883 581245.4293)
2855,400020,rail_11_1,187872.1893,691818.2247,POINT (187872.1893 691818.2247)
2856,400020,rail_11_2,187872.1893,691818.2247,POINT (187872.1893 691818.2247)
2857,400020,rail_12_1,187872.1893,691818.2247,POINT (187872.1893 691818.2247)
2858,400020,rail_12_2,187872.1893,691818.2247,POINT (187872.1893 691818.2247)
2859,400020,rail_14_1,187872.1893,691818.2247,POINT (187872.1893 691818.2247)
2860,400020,rail_14_2,187872.1893,691818.2247,POINT (187872.1893 691818.2247)
2861,400020,rail_3_1,187872.1893,691818.2247,POINT (187872.1893 691818.2247)
2862,400020,rail_3_2,187872.1893,691818.2247,POINT (187872.1893 691818.2247)
2863,400020,rail_4_1,187872.1893,691818.2247,POINT (187872.1893 691818.2247)
2864,400020,rail_4_2,187872.1893,691818.2247,POINT (187872.1893 691818.2247)
2865,400020,rail_5_1,187872.1893,691818.2247,POINT (187872.1893 691818.2247)
2866,400020,rail_5_2,187872.1893,691818.2247,POINT (187872.1893 691818.2247)
2867,400020,rail_1_1,187872.1893,691818.2247,POINT (187872.1893 691818.2247)
2868,400020,rail_1_2,187872.1893,691818.2247,POINT (187872.1893 691818.2247)
2869,400253,rail_10_1,198005.6755,681917.1669,POINT (198005.6755 681917.1669)
2870,400253,rail_10_2,198005.6755,681917.1669,POINT (198005.6755 681917.1669)
2871,400253,rail_15_1,198005.6755,681917.1669,POINT (198005.6755 681917.1669)
2872,400253,rail_15_2,198005.6755,681917.1669,POINT (198005.6755 681917.1669)
2873,400253,rail_13_1,198005.6755,681917.1669,POINT (198005.6755 681917.1669)
2874,400253,rail_13_2,198005.6755,681917.1669,POINT (198005.6755 681917.1669)
2875,400030,rail_11_1,186965.432,685482.8831,POINT (186965.432 685482.8831)
2876,400030,rail_11_2,186965.432,685482.8831,POINT (186965.432 685482.8831)
2877,400030,rail_14_1,186965.432,685482.8831,POINT (186965.432 685482.8831)
2878,400030,rail_14_2,186965.432,685482.8831,POINT (186965.432 685482.8831)
2879,400021,rail_11_1,187341.7287,686894.0381,POINT (187341.7287 686894.0381)
2880,400021,rail_11_2,187341.7287,686894.0381,POINT (187341.7287 686894.0381)
2881,400021,rail_14_1,187341.7287,686894.0381,POINT (187341.7287 686894.0381)
2882,400021,rail_14_2,187341.7287,686894.0381,POINT (187341.7287 686894.0381)
2883,463799,rail_23_1,201052.3678,553040.1947,POINT (201052.3678 553040.1947)
2884,463799,rail_23_2,201052.3678,553040.1947,POINT (201052.3678 553040.1947)
2885,988306,rail_22_1,219669.6519,573402.3442,POINT (219669.6519 573402.3442)
2886,988306,rail_22_2,219669.6519,573402.3442,POINT (219669.6519 573402.3442)
2887,988307,rail_11_1,160668.6031,602786.4838,POINT (160668.6031 602786.4838)
2888,988307,rail_11_2,160668.6031,602786.4838,POINT (160668.6031 602786.4838)
2889,988307,rail_20_1,160668.6031,602786.4838,POINT (160668.6031 602786.4838)
2890,988307,rail_20_2,160668.6031,602786.4838,POINT (160668.6031 602786.4838)
2891,463980,rail_11_1,159255.5066,591160.9936,POINT (159255.5066 591160.9936)
2892,463980,rail_11_2,159255.5066,591160.9936,POINT (159255.5066 591160.9936)
2893,463980,rail_20_1,159255.5066,591160.9936,POINT (159255.5066 591160.9936)
2894,463980,rail_20_2,159255.5066,591160.9936,POINT (159255.5066 591160.9936)
2895,400820,rail_15_1,179005.2125,612445.767,POINT (179005.2125 612445.767)
2896,400820,rail_15_2,179005.2125,612445.767,POINT (179005.2125 612445.767)
2897,400820,rail_17_1,179005.2125,612445.767,POINT (179005.2125 612445.767)
2898,400820,rail_17_2,179005.2125,612445.767,POINT (179005.2125 612445.767)
2899,400820,rail_3_1,179005.2125,612445.767,POINT (179005.2125 612445.767)
2900,400820,rail_3_2,179005.2125,612445.767,POINT (179005.2125 612445.767)
2901,400820,rail_4_1,179005.2125,612445.767,POINT (179005.2125 612445.767)
2902,400820,rail_4_2,179005.2125,612445.767,POINT (179005.2125 612445.767)
2903,400820,rail_21_1,179005.2125,612445.767,POINT (179005.2125 612445.767)
2904,400820,rail_21_2,179005.2125,612445.767,POINT (179005.2125 612445.767)
2905,400810,rail_15_1,182656.2569,624433.898,POINT (182656.2569 624433.898)
2906,400810,rail_15_2,182656.2569,624433.898,POINT (182656.2569 624433.898)
2907,400810,rail_17_1,182656.2569,624433.898,POINT (182656.2569 624433.898)
2908,400810,rail_17_2,182656.2569,624433.898,POINT (182656.2569 624433.898)
2909,400810,rail_3_1,182656.2569,624433.898,POINT (182656.2569 624433.898)
2910,400810,rail_3_2,182656.2569,624433.898,POINT (182656.2569 624433.898)
2911,400810,rail_4_1,182656.2569,624433.898,POINT (182656.2569 624433.898)
2912,400810,rail_4_2,182656.2569,624433.898,POINT (182656.2569 624433.898)
2913,400380,rail_11_1,168473.9889,631385.5322,POINT (168473.9889 631385.5322)
2914,400380,rail_11_2,168473.9889,631385.5322,POINT (168473.9889 631385.5322)
2915,400380,rail_12_1,168473.9889,631385.5322,POINT (168473.9889 631385.5322)
2916,400380,rail_12_2,168473.9889,631385.5322,POINT (168473.9889 631385.5322)
2917,400380,rail_19_1,168473.9889,631385.5322,POINT (168473.9889 631385.5322)
2918,400380,rail_19_2,168473.9889,631385.5322,POINT (168473.9889 631385.5322)
2919,400380,rail_20_1,168473.9889,631385.5322,POINT (168473.9889 631385.5322)
2920,400380,rail_20_2,168473.9889,631385.5322,POINT (168473.9889 631385.5322)
2921,400380,rail_5_1,168473.9889,631385.5322,POINT (168473.9889 631385.5322)
2922,400380,rail_5_2,168473.9889,631385.5322,POINT (168473.9889 631385.5322)
2923,988318,rail_2_1,195586.7285,385880.2558,POINT (195586.7285 385880.2558)
2924,988318,rail_2_2,195586.7285,385880.2558,POINT (195586.7285 385880.2558)
2925,463642,rail_17_1,180712.9747,572414.8924,POINT (180712.9747 572414.8924)
2926,463642,rail_20_1,180712.9747,572414.8924,POINT (180712.9747 572414.8924)
2927,463642,rail_20_2,180712.9747,572414.8924,POINT (180712.9747 572414.8924)
2928,463642,rail_22_1,180712.9747,572414.8924,POINT (180712.9747 572414.8924)
2929,463642,rail_22_2,180712.9747,572414.8924,POINT (180712.9747 572414.8924)
2930,463642,rail_23_1,180712.9747,572414.8924,POINT (180712.9747 572414.8924)
2931,463642,rail_17_2,180712.9747,572414.8924,POINT (180712.9747 572414.8924)
2932,463642,rail_23_2,180712.9747,572414.8924,POINT (180712.9747 572414.8924)
2933,463642,rail_3_1,180712.9747,572414.8924,POINT (180712.9747 572414.8924)
2934,463642,rail_3_2,180712.9747,572414.8924,POINT (180712.9747 572414.8924)
2935,463642,rail_4_1,180712.9747,572414.8924,POINT (180712.9747 572414.8924)
2936,463642,rail_4_2,180712.9747,572414.8924,POINT (180712.9747 572414.8924)
2937,463642,rail_21_1,180712.9747,572414.8924,POINT (180712.9747 572414.8924)
2938,463642,rail_21_2,180712.9747,572414.8924,POINT (180712.9747 572414.8924)
2939,463640,rail_17_1,181753.3048,574524.7781,POINT (181753.3048 574524.7781)
2940,463640,rail_20_1,181753.3048,574524.7781,POINT (181753.3048 574524.7781)
2941,463640,rail_20_2,181753.3048,574524.7781,POINT (181753.3048 574524.7781)
2942,463640,rail_17_2,181753.3048,574524.7781,POINT (181753.3048 574524.7781)
2943,463640,rail_2_1,181753.3048,574524.7781,POINT (181753.3048 574524.7781)
2944,463640,rail_2_2,181753.3048,574524.7781,POINT (181753.3048 574524.7781)
2945,463640,rail_9_1,181753.3048,574524.7781,POINT (181753.3048 574524.7781)
2946,463640,rail_9_2,181753.3048,574524.7781,POINT (181753.3048 574524.7781)
2947,463640,rail_3_1,181753.3048,574524.7781,POINT (181753.3048 574524.7781)
2948,463640,rail_3_2,181753.3048,574524.7781,POINT (181753.3048 574524.7781)
2949,463640,rail_4_1,181753.3048,574524.7781,POINT (181753.3048 574524.7781)
2950,463640,rail_4_2,181753.3048,574524.7781,POINT (181753.3048 574524.7781)
2951,463640,rail_21_1,181753.3048,574524.7781,POINT (181753.3048 574524.7781)
2952,463640,rail_21_2,181753.3048,574524.7781,POINT (181753.3048 574524.7781)
2953,463793,rail_3_1,180809.9636,586486.6188,POINT (180809.9636 586486.6188)
2954,463793,rail_3_2,180809.9636,586486.6188,POINT (180809.9636 586486.6188)
2955,463793,rail_4_1,180809.9636,586486.6188,POINT (180809.9636 586486.6188)
2956,463793,rail_4_2,180809.9636,586486.6188,POINT (180809.9636 586486.6188)
2957,463793,rail_21_1,180809.9636,586486.6188,POINT (180809.9636 586486.6188)
2958,463793,rail_21_2,180809.9636,586486.6188,POINT (180809.9636 586486.6188)
2959,988331,rail_23_1,194301.5577,544376.2982,POINT (194301.5577 544376.2982)
2960,988331,rail_23_2,194301.5577,544376.2982,POINT (194301.5577 544376.2982)
2961,400248,rail_10_1,199720.8515,686733.5471,POINT (199720.8515 686733.5471)
2962,400248,rail_10_2,199720.8515,686733.5471,POINT (199720.8515 686733.5471)
2963,400248,rail_15_1,199720.8515,686733.5471,POINT (199720.8515 686733.5471)
2964,400248,rail_15_2,199720.8515,686733.5471,POINT (199720.8515 686733.5471)
2965,400248,rail_13_1,199720.8515,686733.5471,POINT (199720.8515 686733.5471)
2966,400248,rail_13_2,199720.8515,686733.5471,POINT (199720.8515 686733.5471)
2967,984883,rail_11_1,190690.2858,704921.5234,POINT (190690.2858 704921.5234)
2968,984883,rail_11_2,190690.2858,704921.5234,POINT (190690.2858 704921.5234)
2969,984883,rail_12_1,190690.2858,704921.5234,POINT (190690.2858 704921.5234)
2970,984883,rail_12_2,190690.2858,704921.5234,POINT (190690.2858 704921.5234)
2971,984883,rail_1_1,190690.2858,704921.5234,POINT (190690.2858 704921.5234)
2972,984883,rail_1_2,190690.2858,704921.5234,POINT (190690.2858 704921.5234)
2973,984885,rail_10_1,195564.66,705517.463,POINT (195564.66 705517.463)
2974,984885,rail_10_2,195564.66,705517.463,POINT (195564.66 705517.463)
2975,984885,rail_15_1,195564.66,705517.463,POINT (195564.66 705517.463)
2976,984885,rail_15_2,195564.66,705517.463,POINT (195564.66 705517.463)
2977,988338,rail_10_1,200139.3994,699351.001,POINT (200139.3994 699351.001)
2978,988338,rail_10_2,200139.3994,699351.001,POINT (200139.3994 699351.001)
2979,988338,rail_15_1,200139.3994,699351.001,POINT (200139.3994 699351.001)
2980,988338,rail_15_2,200139.3994,699351.001,POINT (200139.3994 699351.001)
2981,988338,rail_13_1,200139.3994,699351.001,POINT (200139.3994 699351.001)
2982,988338,rail_13_2,200139.3994,699351.001,POINT (200139.3994 699351.001)
2983,984889,rail_11_1,195864.0606,710150.6025,POINT (195864.0606 710150.6025)
2984,984889,rail_11_2,195864.0606,710150.6025,POINT (195864.0606 710150.6025)
2985,984889,rail_12_1,195864.0606,710150.6025,POINT (195864.0606 710150.6025)
2986,984889,rail_12_2,195864.0606,710150.6025,POINT (195864.0606 710150.6025)
2987,988342,rail_10_1,200824.7701,693895.5506,POINT (200824.7701 693895.5506)
2988,988342,rail_10_2,200824.7701,693895.5506,POINT (200824.7701 693895.5506)
2989,988342,rail_15_1,200824.7701,693895.5506,POINT (200824.7701 693895.5506)
2990,988342,rail_15_2,200824.7701,693895.5506,POINT (200824.7701 693895.5506)
2991,988342,rail_13_1,200824.7701,693895.5506,POINT (200824.7701 693895.5506)
2992,988342,rail_13_2,200824.7701,693895.5506,POINT (200824.7701 693895.5506)
2993,984890,rail_13_1,203378.7501,708667.7958,POINT (203378.7501 708667.7958)
2994,984890,rail_13_2,203378.7501,708667.7958,POINT (203378.7501 708667.7958)
2995,50011,rail_18_1,220646.7429,632240.9727,POINT (220646.7429 632240.9727)
2996,50011,rail_18_2,220646.7429,632240.9727,POINT (220646.7429 632240.9727)
2997,50011,rail_14_1,220646.7429,632240.9727,POINT (220646.7429 632240.9727)
2998,50011,rail_14_2,220646.7429,632240.9727,POINT (220646.7429 632240.9727)
2999,50011,rail_13_1,220646.7429,632240.9727,POINT (220646.7429 632240.9727)
3000,50011,rail_13_2,220646.7429,632240.9727,POINT (220646.7429 632240.9727)
3001,50011,rail_8_1,220646.7429,632240.9727,POINT (220646.7429 632240.9727)
3002,50011,rail_8_2,220646.7429,632240.9727,POINT (220646.7429 632240.9727)
3003,50011,rail_21_1,220646.7429,632240.9727,POINT (220646.7429 632240.9727)
3004,50011,rail_21_2,220646.7429,632240.9727,POINT (220646.7429 632240.9727)
3005,50111,rail_18_1,221262.9782,630561.3882,POINT (221262.9782 630561.3882)
3006,50111,rail_18_2,221262.9782,630561.3882,POINT (221262.9782 630561.3882)
3007,50111,rail_14_1,221262.9782,630561.3882,POINT (221262.9782 630561.3882)
3008,50111,rail_14_2,221262.9782,630561.3882,POINT (221262.9782 630561.3882)
3009,50111,rail_13_1,221262.9782,630561.3882,POINT (221262.9782 630561.3882)
3010,50111,rail_13_2,221262.9782,630561.3882,POINT (221262.9782 630561.3882)
3011,50202,rail_18_1,219206.9734,632787.7882,POINT (219206.9734 632787.7882)
3012,50202,rail_18_2,219206.9734,632787.7882,POINT (219206.9734 632787.7882)
3013,50202,rail_14_1,219206.9734,632787.7882,POINT (219206.9734 632787.7882)
3014,50202,rail_14_2,219206.9734,632787.7882,POINT (219206.9734 632787.7882)
3015,50202,rail_13_1,219206.9734,632787.7882,POINT (219206.9734 632787.7882)
3016,50202,rail_13_2,219206.9734,632787.7882,POINT (219206.9734 632787.7882)
3017,50202,rail_8_1,219206.9734,632787.7882,POINT (219206.9734 632787.7882)
3018,50202,rail_8_2,219206.9734,632787.7882,POINT (219206.9734 632787.7882)
3019,50202,rail_21_1,219206.9734,632787.7882,POINT (219206.9734 632787.7882)
3020,50202,rail_21_2,219206.9734,632787.7882,POINT (219206.9734 632787.7882)
3021,31597,rail_10_1,193200.9984,719746.1943,POINT (193200.9984 719746.1943)
3022,31597,rail_10_2,193200.9984,719746.1943,POINT (193200.9984 719746.1943)
3023,31597,rail_11_1,193200.9984,719746.1943,POINT (193200.9984 719746.1943)
3024,31597,rail_11_2,193200.9984,719746.1943,POINT (193200.9984 719746.1943)
3025,31597,rail_12_1,193200.9984,719746.1943,POINT (193200.9984 719746.1943)
3026,31597,rail_12_2,193200.9984,719746.1943,POINT (193200.9984 719746.1943)
3027,987294,rail_10_1,192360.2506,715612.5599,POINT (192360.2506 715612.5599)
3028,987294,rail_10_2,192360.2506,715612.5599,POINT (192360.2506 715612.5599)
3029,987294,rail_11_1,192360.2506,715612.5599,POINT (192360.2506 715612.5599)
3030,987294,rail_11_2,192360.2506,715612.5599,POINT (192360.2506 715612.5599)
3031,987294,rail_12_1,192360.2506,715612.5599,POINT (192360.2506 715612.5599)
3032,987294,rail_12_2,192360.2506,715612.5599,POINT (192360.2506 715612.5599)
3033,987294,rail_5_1,192360.2506,715612.5599,POINT (192360.2506 715612.5599)
3034,987294,rail_5_2,192360.2506,715612.5599,POINT (192360.2506 715612.5599)
3035,987294,rail_1_1,192360.2506,715612.5599,POINT (192360.2506 715612.5599)
3036,987294,rail_1_2,192360.2506,715612.5599,POINT (192360.2506 715612.5599)
3037,31598,rail_7_1,194621.1209,733162.8524,POINT (194621.1209 733162.8524)
3038,31598,rail_7_2,194621.1209,733162.8524,POINT (194621.1209 733162.8524)
3039,31598,rail_10_1,194621.1209,733162.8524,POINT (194621.1209 733162.8524)
3040,31598,rail_10_2,194621.1209,733162.8524,POINT (194621.1209 733162.8524)
3041,31598,rail_3_1,194621.1209,733162.8524,POINT (194621.1209 733162.8524)
3042,31598,rail_3_2,194621.1209,733162.8524,POINT (194621.1209 733162.8524)
3043,31598,rail_4_1,194621.1209,733162.8524,POINT (194621.1209 733162.8524)
3044,31598,rail_4_2,194621.1209,733162.8524,POINT (194621.1209 733162.8524)
3045,31603,rail_6_1,196306.6781,744335.8519,POINT (196306.6781 744335.8519)
3046,31603,rail_7_1,196306.6781,744335.8519,POINT (196306.6781 744335.8519)
3047,31603,rail_7_2,196306.6781,744335.8519,POINT (196306.6781 744335.8519)
3048,31603,rail_10_1,196306.6781,744335.8519,POINT (196306.6781 744335.8519)
3049,31603,rail_10_2,196306.6781,744335.8519,POINT (196306.6781 744335.8519)
3050,31603,rail_6_2,196306.6781,744335.8519,POINT (196306.6781 744335.8519)
3051,31603,rail_2_1,196306.6781,744335.8519,POINT (196306.6781 744335.8519)
3052,31603,rail_2_2,196306.6781,744335.8519,POINT (196306.6781 744335.8519)
3053,31603,rail_9_1,196306.6781,744335.8519,POINT (196306.6781 744335.8519)
3054,31603,rail_9_2,196306.6781,744335.8519,POINT (196306.6781 744335.8519)
3055,31603,rail_8_1,196306.6781,744335.8519,POINT (196306.6781 744335.8519)
3056,31603,rail_8_2,196306.6781,744335.8519,POINT (196306.6781 744335.8519)
3057,31603,rail_3_1,196306.6781,744335.8519,POINT (196306.6781 744335.8519)
3058,31603,rail_3_2,196306.6781,744335.8519,POINT (196306.6781 744335.8519)
3059,31603,rail_4_1,196306.6781,744335.8519,POINT (196306.6781 744335.8519)
3060,31603,rail_4_2,196306.6781,744335.8519,POINT (196306.6781 744335.8519)
3061,31603,rail_5_1,196306.6781,744335.8519,POINT (196306.6781 744335.8519)
3062,31603,rail_5_2,196306.6781,744335.8519,POINT (196306.6781 744335.8519)
3063,31603,rail_1_1,196306.6781,744335.8519,POINT (196306.6781 744335.8519)
3064,31603,rail_1_2,196306.6781,744335.8519,POINT (196306.6781 744335.8519)
3065,31605,rail_6_1,198618.332,748435.4749,POINT (198618.332 748435.4749)
3066,31605,rail_7_1,198618.332,748435.4749,POINT (198618.332 748435.4749)
3067,31605,rail_7_2,198618.332,748435.4749,POINT (198618.332 748435.4749)
3068,31605,rail_10_1,198618.332,748435.4749,POINT (198618.332 748435.4749)
3069,31605,rail_10_2,198618.332,748435.4749,POINT (198618.332 748435.4749)
3070,31605,rail_6_2,198618.332,748435.4749,POINT (198618.332 748435.4749)
3071,31605,rail_3_1,198618.332,748435.4749,POINT (198618.332 748435.4749)
3072,31605,rail_3_2,198618.332,748435.4749,POINT (198618.332 748435.4749)
3073,31605,rail_4_1,198618.332,748435.4749,POINT (198618.332 748435.4749)
3074,31605,rail_4_2,198618.332,748435.4749,POINT (198618.332 748435.4749)
3075,31605,rail_5_1,198618.332,748435.4749,POINT (198618.332 748435.4749)
3076,31605,rail_5_2,198618.332,748435.4749,POINT (198618.332 748435.4749)
3077,31605,rail_1_1,198618.332,748435.4749,POINT (198618.332 748435.4749)
3078,31605,rail_1_2,198618.332,748435.4749,POINT (198618.332 748435.4749)
3079,31616,rail_6_1,200860.9536,746247.5431,POINT (200860.9536 746247.5431)
3080,31616,rail_7_1,200860.9536,746247.5431,POINT (200860.9536 746247.5431)
3081,31616,rail_7_2,200860.9536,746247.5431,POINT (200860.9536 746247.5431)
3082,31616,rail_10_1,200860.9536,746247.5431,POINT (200860.9536 746247.5431)
3083,31616,rail_10_2,200860.9536,746247.5431,POINT (200860.9536 746247.5431)
3084,31616,rail_6_2,200860.9536,746247.5431,POINT (200860.9536 746247.5431)
3085,31616,rail_3_1,200860.9536,746247.5431,POINT (200860.9536 746247.5431)
3086,31616,rail_3_2,200860.9536,746247.5431,POINT (200860.9536 746247.5431)
3087,31616,rail_4_1,200860.9536,746247.5431,POINT (200860.9536 746247.5431)
3088,31616,rail_4_2,200860.9536,746247.5431,POINT (200860.9536 746247.5431)
3089,31616,rail_5_1,200860.9536,746247.5431,POINT (200860.9536 746247.5431)
3090,31616,rail_5_2,200860.9536,746247.5431,POINT (200860.9536 746247.5431)
3091,31616,rail_1_1,200860.9536,746247.5431,POINT (200860.9536 746247.5431)
3092,31616,rail_1_2,200860.9536,746247.5431,POINT (200860.9536 746247.5431)
3093,31508,rail_7_1,203417.1981,744258.2465,POINT (203417.1981 744258.2465)
3094,31508,rail_7_2,203417.1981,744258.2465,POINT (203417.1981 744258.2465)
3095,31508,rail_10_1,203417.1981,744258.2465,POINT (203417.1981 744258.2465)
3096,31508,rail_10_2,203417.1981,744258.2465,POINT (203417.1981 744258.2465)
3097,31609,rail_2_1,203788.682,744363.3425,POINT (203788.682 744363.3425)
3098,31609,rail_2_2,203788.682,744363.3425,POINT (203788.682 744363.3425)
3099,31609,rail_9_1,203788.682,744363.3425,POINT (203788.682 744363.3425)
3100,31609,rail_9_2,203788.682,744363.3425,POINT (203788.682 744363.3425)
3101,31609,rail_8_1,203788.682,744363.3425,POINT (203788.682 744363.3425)
3102,31609,rail_8_2,203788.682,744363.3425,POINT (203788.682 744363.3425)
3103,31609,rail_3_1,203788.682,744363.3425,POINT (203788.682 744363.3425)
3104,31609,rail_3_2,203788.682,744363.3425,POINT (203788.682 744363.3425)
3105,31609,rail_4_1,203788.682,744363.3425,POINT (203788.682 744363.3425)
3106,31609,rail_4_2,203788.682,744363.3425,POINT (203788.682 744363.3425)
3107,31609,rail_5_1,203788.682,744363.3425,POINT (203788.682 744363.3425)
3108,31609,rail_5_2,203788.682,744363.3425,POINT (203788.682 744363.3425)
3109,31609,rail_1_1,203788.682,744363.3425,POINT (203788.682 744363.3425)
3110,31609,rail_1_2,203788.682,744363.3425,POINT (203788.682 744363.3425)
3111,400460,rail_19_1,196343.0087,644492.4792,POINT (196343.0087 644492.4792)
3112,400460,rail_19_2,196343.0087,644492.4792,POINT (196343.0087 644492.4792)
3113,400460,rail_20_1,196343.0087,644492.4792,POINT (196343.0087 644492.4792)
3114,400460,rail_20_2,196343.0087,644492.4792,POINT (196343.0087 644492.4792)
3115,400460,rail_18_1,196343.0087,644492.4792,POINT (196343.0087 644492.4792)
3116,400460,rail_18_2,196343.0087,644492.4792,POINT (196343.0087 644492.4792)
3117,400460,rail_1_1,196343.0087,644492.4792,POINT (196343.0087 644492.4792)
3118,400460,rail_1_2,196343.0087,644492.4792,POINT (196343.0087 644492.4792)
3119,400470,rail_19_1,200655.6509,645373.0965,POINT (200655.6509 645373.0965)
3120,400470,rail_19_2,200655.6509,645373.0965,POINT (200655.6509 645373.0965)
3121,400470,rail_20_1,200655.6509,645373.0965,POINT (200655.6509 645373.0965)
3122,400470,rail_20_2,200655.6509,645373.0965,POINT (200655.6509 645373.0965)
3123,400470,rail_18_1,200655.6509,645373.0965,POINT (200655.6509 645373.0965)
3124,400470,rail_18_2,200655.6509,645373.0965,POINT (200655.6509 645373.0965)
3125,400470,rail_1_1,200655.6509,645373.0965,POINT (200655.6509 645373.0965)
3126,400470,rail_1_2,200655.6509,645373.0965,POINT (200655.6509 645373.0965)
3127,400426,rail_11_1,177397.4084,656498.2245,POINT (177397.4084 656498.2245)
3128,400426,rail_11_2,177397.4084,656498.2245,POINT (177397.4084 656498.2245)
3129,400426,rail_20_1,177397.4084,656498.2245,POINT (177397.4084 656498.2245)
3130,400426,rail_20_1,177397.4084,656498.2245,POINT (177397.4084 656498.2245)
3131,400426,rail_20_2,177397.4084,656498.2245,POINT (177397.4084 656498.2245)
3132,400426,rail_20_2,177397.4084,656498.2245,POINT (177397.4084 656498.2245)
3133,400424,rail_11_1,177197.9244,655057.7914,POINT (177197.9244 655057.7914)
3134,400424,rail_11_2,177197.9244,655057.7914,POINT (177197.9244 655057.7914)
3135,400424,rail_20_1,177197.9244,655057.7914,POINT (177197.9244 655057.7914)
3136,400424,rail_20_1,177197.9244,655057.7914,POINT (177197.9244 655057.7914)
3137,400424,rail_20_2,177197.9244,655057.7914,POINT (177197.9244 655057.7914)
3138,400424,rail_20_2,177197.9244,655057.7914,POINT (177197.9244 655057.7914)
3139,400423,rail_11_1,177656.139,658022.1443,POINT (177656.139 658022.1443)
3140,400423,rail_11_2,177656.139,658022.1443,POINT (177656.139 658022.1443)
3141,400423,rail_20_1,177656.139,658022.1443,POINT (177656.139 658022.1443)
3142,400423,rail_20_1,177656.139,658022.1443,POINT (177656.139 658022.1443)
3143,400423,rail_20_2,177656.139,658022.1443,POINT (177656.139 658022.1443)
3144,400423,rail_20_2,177656.139,658022.1443,POINT (177656.139 658022.1443)
3145,400422,rail_11_1,177447.1169,660333.9903,POINT (177447.1169 660333.9903)
3146,400422,rail_11_2,177447.1169,660333.9903,POINT (177447.1169 660333.9903)
3147,400422,rail_20_1,177447.1169,660333.9903,POINT (177447.1169 660333.9903)
3148,400422,rail_20_1,177447.1169,660333.9903,POINT (177447.1169 660333.9903)
3149,400422,rail_20_2,177447.1169,660333.9903,POINT (177447.1169 660333.9903)
3150,400422,rail_20_2,177447.1169,660333.9903,POINT (177447.1169 660333.9903)
3151,400421,rail_11_1,179034.6727,660513.5435,POINT (179034.6727 660513.5435)
3152,400421,rail_11_2,179034.6727,660513.5435,POINT (179034.6727 660513.5435)
3153,400421,rail_20_1,179034.6727,660513.5435,POINT (179034.6727 660513.5435)
3154,400421,rail_20_1,179034.6727,660513.5435,POINT (179034.6727 660513.5435)
3155,400421,rail_20_2,179034.6727,660513.5435,POINT (179034.6727 660513.5435)
3156,400421,rail_20_2,179034.6727,660513.5435,POINT (179034.6727 660513.5435)
3157,400110,rail_10_1,179815.0419,662396.4211,POINT (179815.0419 662396.4211)
3158,400110,rail_10_2,179815.0419,662396.4211,POINT (179815.0419 662396.4211)
3159,400110,rail_11_1,179815.0419,662396.4211,POINT (179815.0419 662396.4211)
3160,400110,rail_11_2,179815.0419,662396.4211,POINT (179815.0419 662396.4211)
3161,400110,rail_12_1,179815.0419,662396.4211,POINT (179815.0419 662396.4211)
3162,400110,rail_12_2,179815.0419,662396.4211,POINT (179815.0419 662396.4211)
3163,400110,rail_16_1,179815.0419,662396.4211,POINT (179815.0419 662396.4211)
3164,400110,rail_16_2,179815.0419,662396.4211,POINT (179815.0419 662396.4211)
3165,400110,rail_17_1,179815.0419,662396.4211,POINT (179815.0419 662396.4211)
3166,400110,rail_20_1,179815.0419,662396.4211,POINT (179815.0419 662396.4211)
3167,400110,rail_20_1,179815.0419,662396.4211,POINT (179815.0419 662396.4211)
3168,400110,rail_20_2,179815.0419,662396.4211,POINT (179815.0419 662396.4211)
3169,400110,rail_20_2,179815.0419,662396.4211,POINT (179815.0419 662396.4211)
3170,400110,rail_17_2,179815.0419,662396.4211,POINT (179815.0419 662396.4211)
3171,400110,rail_14_1,179815.0419,662396.4211,POINT (179815.0419 662396.4211)
3172,400110,rail_14_2,179815.0419,662396.4211,POINT (179815.0419 662396.4211)
3173,400110,rail_3_1,179815.0419,662396.4211,POINT (179815.0419 662396.4211)
3174,400110,rail_3_2,179815.0419,662396.4211,POINT (179815.0419 662396.4211)
3175,400110,rail_4_1,179815.0419,662396.4211,POINT (179815.0419 662396.4211)
3176,400110,rail_4_2,179815.0419,662396.4211,POINT (179815.0419 662396.4211)
3177,400110,rail_5_1,179815.0419,662396.4211,POINT (179815.0419 662396.4211)
3178,400110,rail_5_2,179815.0419,662396.4211,POINT (179815.0419 662396.4211)
3179,400110,rail_1_1,179815.0419,662396.4211,POINT (179815.0419 662396.4211)
3180,400110,rail_1_2,179815.0419,662396.4211,POINT (179815.0419 662396.4211)
3181,400080,rail_1_1,181088.2612,665672.0736,POINT (181088.2612 665672.0736)
3182,400090,rail_1_1,180611.8557,664530.8005,POINT (180611.8557 664530.8005)
3183,400080,rail_1_2,181088.2612,665672.0736,POINT (181088.2612 665672.0736)
3184,400090,rail_1_2,180611.8557,664530.8005,POINT (180611.8557 664530.8005)
3185,400090,rail_10_1,180611.8557,664530.8005,POINT (180611.8557 664530.8005)
3186,400080,rail_10_1,181088.2612,665672.0736,POINT (181088.2612 665672.0736)
3187,400090,rail_10_2,180611.8557,664530.8005,POINT (180611.8557 664530.8005)
3188,400080,rail_10_2,181088.2612,665672.0736,POINT (181088.2612 665672.0736)
3189,400090,rail_11_1,180611.8557,664530.8005,POINT (180611.8557 664530.8005)
3190,400080,rail_11_1,181088.2612,665672.0736,POINT (181088.2612 665672.0736)
3191,400090,rail_11_2,180611.8557,664530.8005,POINT (180611.8557 664530.8005)
3192,400080,rail_11_2,181088.2612,665672.0736,POINT (181088.2612 665672.0736)
3193,400090,rail_12_1,180611.8557,664530.8005,POINT (180611.8557 664530.8005)
3194,400080,rail_12_1,181088.2612,665672.0736,POINT (181088.2612 665672.0736)
3195,400090,rail_12_2,180611.8557,664530.8005,POINT (180611.8557 664530.8005)
3196,400080,rail_12_2,181088.2612,665672.0736,POINT (181088.2612 665672.0736)
3197,400090,rail_14_1,180611.8557,664530.8005,POINT (180611.8557 664530.8005)
3198,400080,rail_14_1,181088.2612,665672.0736,POINT (181088.2612 665672.0736)
3199,400090,rail_14_2,180611.8557,664530.8005,POINT (180611.8557 664530.8005)
3200,400080,rail_14_2,181088.2612,665672.0736,POINT (181088.2612 665672.0736)
3201,400090,rail_16_1,180611.8557,664530.8005,POINT (180611.8557 664530.8005)
3202,400080,rail_16_1,181088.2612,665672.0736,POINT (181088.2612 665672.0736)
3203,400090,rail_16_2,180611.8557,664530.8005,POINT (180611.8557 664530.8005)
3204,400080,rail_16_2,181088.2612,665672.0736,POINT (181088.2612 665672.0736)
3205,400090,rail_17_1,180611.8557,664530.8005,POINT (180611.8557 664530.8005)
3206,400080,rail_17_1,181088.2612,665672.0736,POINT (181088.2612 665672.0736)
3207,400090,rail_17_2,180611.8557,664530.8005,POINT (180611.8557 664530.8005)
3208,400080,rail_17_2,181088.2612,665672.0736,POINT (181088.2612 665672.0736)
3209,400080,rail_2_1,181088.2612,665672.0736,POINT (181088.2612 665672.0736)
3210,400080,rail_2_2,181088.2612,665672.0736,POINT (181088.2612 665672.0736)
3211,400090,rail_20_1,180611.8557,664530.8005,POINT (180611.8557 664530.8005)
3212,400080,rail_20_1,181088.2612,665672.0736,POINT (181088.2612 665672.0736)
3213,400090,rail_20_2,180611.8557,664530.8005,POINT (180611.8557 664530.8005)
3214,400080,rail_20_2,181088.2612,665672.0736,POINT (181088.2612 665672.0736)
3215,400080,rail_3_1,181088.2612,665672.0736,POINT (181088.2612 665672.0736)
3216,400090,rail_3_1,180611.8557,664530.8005,POINT (180611.8557 664530.8005)
3217,400080,rail_3_2,181088.2612,665672.0736,POINT (181088.2612 665672.0736)
3218,400090,rail_3_2,180611.8557,664530.8005,POINT (180611.8557 664530.8005)
3219,400090,rail_4_1,180611.8557,664530.8005,POINT (180611.8557 664530.8005)
3220,400080,rail_4_1,181088.2612,665672.0736,POINT (181088.2612 665672.0736)
3221,400090,rail_4_2,180611.8557,664530.8005,POINT (180611.8557 664530.8005)
3222,400080,rail_4_2,181088.2612,665672.0736,POINT (181088.2612 665672.0736)
3223,400090,rail_5_1,180611.8557,664530.8005,POINT (180611.8557 664530.8005)
3224,400080,rail_5_1,181088.2612,665672.0736,POINT (181088.2612 665672.0736)
3225,400090,rail_5_2,180611.8557,664530.8005,POINT (180611.8557 664530.8005)
3226,400080,rail_5_2,181088.2612,665672.0736,POINT (181088.2612 665672.0736)
3227,400080,rail_8_1,181088.2612,665672.0736,POINT (181088.2612 665672.0736)
3228,400080,rail_8_2,181088.2612,665672.0736,POINT (181088.2612 665672.0736)
3229,400080,rail_9_1,181088.2612,665672.0736,POINT (181088.2612 665672.0736)
3230,400080,rail_9_2,181088.2612,665672.0736,POINT (181088.2612 665672.0736)
3231,400402,rail_16_1,185387.2905,656439.1846,POINT (185387.2905 656439.1846)
3232,400402,rail_16_2,185387.2905,656439.1846,POINT (185387.2905 656439.1846)
3233,400402,rail_5_1,185387.2905,656439.1846,POINT (185387.2905 656439.1846)
3234,400402,rail_5_2,185387.2905,656439.1846,POINT (185387.2905 656439.1846)
3235,400310,rail_5_1,188655.301,652700.0346,POINT (188655.301 652700.0346)
3236,400310,rail_5_2,188655.301,652700.0346,POINT (188655.301 652700.0346)
3237,400415,rail_10_1,187886.6151,656413.6363,POINT (187886.6151 656413.6363)
3238,400415,rail_10_2,187886.6151,656413.6363,POINT (187886.6151 656413.6363)
3239,400415,rail_14_1,187886.6151,656413.6363,POINT (187886.6151 656413.6363)
3240,400415,rail_14_2,187886.6151,656413.6363,POINT (187886.6151 656413.6363)
3241,400415,rail_2_1,187886.6151,656413.6363,POINT (187886.6151 656413.6363)
3242,400415,rail_2_2,187886.6151,656413.6363,POINT (187886.6151 656413.6363)
3243,400415,rail_9_1,187886.6151,656413.6363,POINT (187886.6151 656413.6363)
3244,400415,rail_9_2,187886.6151,656413.6363,POINT (187886.6151 656413.6363)
3245,400415,rail_8_1,187886.6151,656413.6363,POINT (187886.6151 656413.6363)
3246,400415,rail_8_2,187886.6151,656413.6363,POINT (187886.6151 656413.6363)
3247,400415,rail_1_1,187886.6151,656413.6363,POINT (187886.6151 656413.6363)
3248,400415,rail_1_2,187886.6151,656413.6363,POINT (187886.6151 656413.6363)
3249,400070,rail_10_1,181709.5354,667875.7369,POINT (181709.5354 667875.7369)
3250,400070,rail_10_2,181709.5354,667875.7369,POINT (181709.5354 667875.7369)
3251,400070,rail_11_1,181709.5354,667875.7369,POINT (181709.5354 667875.7369)
3252,400070,rail_11_2,181709.5354,667875.7369,POINT (181709.5354 667875.7369)
3253,400070,rail_12_1,181709.5354,667875.7369,POINT (181709.5354 667875.7369)
3254,400070,rail_12_2,181709.5354,667875.7369,POINT (181709.5354 667875.7369)
3255,400070,rail_16_1,181709.5354,667875.7369,POINT (181709.5354 667875.7369)
3256,400070,rail_16_2,181709.5354,667875.7369,POINT (181709.5354 667875.7369)
3257,400070,rail_17_1,181709.5354,667875.7369,POINT (181709.5354 667875.7369)
3258,400070,rail_20_1,181709.5354,667875.7369,POINT (181709.5354 667875.7369)
3259,400070,rail_20_1,181709.5354,667875.7369,POINT (181709.5354 667875.7369)
3260,400070,rail_20_2,181709.5354,667875.7369,POINT (181709.5354 667875.7369)
3261,400070,rail_20_2,181709.5354,667875.7369,POINT (181709.5354 667875.7369)
3262,400070,rail_17_2,181709.5354,667875.7369,POINT (181709.5354 667875.7369)
3263,400070,rail_14_1,181709.5354,667875.7369,POINT (181709.5354 667875.7369)
3264,400070,rail_14_2,181709.5354,667875.7369,POINT (181709.5354 667875.7369)
3265,400070,rail_3_1,181709.5354,667875.7369,POINT (181709.5354 667875.7369)
3266,400070,rail_3_2,181709.5354,667875.7369,POINT (181709.5354 667875.7369)
3267,400070,rail_4_1,181709.5354,667875.7369,POINT (181709.5354 667875.7369)
3268,400070,rail_4_2,181709.5354,667875.7369,POINT (181709.5354 667875.7369)
3269,400070,rail_5_1,181709.5354,667875.7369,POINT (181709.5354 667875.7369)
3270,400070,rail_5_2,181709.5354,667875.7369,POINT (181709.5354 667875.7369)
3271,400070,rail_1_1,181709.5354,667875.7369,POINT (181709.5354 667875.7369)
3272,400070,rail_1_2,181709.5354,667875.7369,POINT (181709.5354 667875.7369)
3273,400530,rail_20_1,184128.1264,667777.2308,POINT (184128.1264 667777.2308)
3274,400530,rail_20_2,184128.1264,667777.2308,POINT (184128.1264 667777.2308)
3275,400340,rail_5_1,183834.2154,648880.1208,POINT (183834.2154 648880.1208)
3276,400340,rail_5_2,183834.2154,648880.1208,POINT (183834.2154 648880.1208)
3277,400181,rail_19_1,186857.32,647197.0753,POINT (186857.32 647197.0753)
3278,400181,rail_19_2,186857.32,647197.0753,POINT (186857.32 647197.0753)
3279,400181,rail_20_1,186857.32,647197.0753,POINT (186857.32 647197.0753)
3280,400181,rail_20_2,186857.32,647197.0753,POINT (186857.32 647197.0753)
3281,988399,rail_16_1,198958.6621,629442.4765,POINT (198958.6621 629442.4765)
3282,988399,rail_16_2,198958.6621,629442.4765,POINT (198958.6621 629442.4765)
3283,400013,rail_15_1,189377.1582,646559.8585,POINT (189377.1582 646559.8585)
3284,400013,rail_15_2,189377.1582,646559.8585,POINT (189377.1582 646559.8585)
3285,400013,rail_16_1,189377.1582,646559.8585,POINT (189377.1582 646559.8585)
3286,400013,rail_16_2,189377.1582,646559.8585,POINT (189377.1582 646559.8585)
3287,400013,rail_17_1,189377.1582,646559.8585,POINT (189377.1582 646559.8585)
3288,400013,rail_17_2,189377.1582,646559.8585,POINT (189377.1582 646559.8585)
3289,400013,rail_3_1,189377.1582,646559.8585,POINT (189377.1582 646559.8585)
3290,400013,rail_3_2,189377.1582,646559.8585,POINT (189377.1582 646559.8585)
3291,400013,rail_4_1,189377.1582,646559.8585,POINT (189377.1582 646559.8585)
3292,400013,rail_4_2,189377.1582,646559.8585,POINT (189377.1582 646559.8585)
3293,400012,rail_19_1,191951.2328,645680.8292,POINT (191951.2328 645680.8292)
3294,400012,rail_19_2,191951.2328,645680.8292,POINT (191951.2328 645680.8292)
3295,400012,rail_20_1,191951.2328,645680.8292,POINT (191951.2328 645680.8292)
3296,400012,rail_20_2,191951.2328,645680.8292,POINT (191951.2328 645680.8292)
3297,400012,rail_21_1,191951.2328,645680.8292,POINT (191951.2328 645680.8292)
3298,400012,rail_21_2,191951.2328,645680.8292,POINT (191951.2328 645680.8292)
3299,400410,rail_16_1,188453.6855,648427.4224,POINT (188453.6855 648427.4224)
3300,400410,rail_16_2,188453.6855,648427.4224,POINT (188453.6855 648427.4224)
3301,400410,rail_17_1,188453.6855,648427.4224,POINT (188453.6855 648427.4224)
3302,400410,rail_17_2,188453.6855,648427.4224,POINT (188453.6855 648427.4224)
3303,400410,rail_3_1,188453.6855,648427.4224,POINT (188453.6855 648427.4224)
3304,400410,rail_3_2,188453.6855,648427.4224,POINT (188453.6855 648427.4224)
3305,400410,rail_4_1,188453.6855,648427.4224,POINT (188453.6855 648427.4224)
3306,400410,rail_4_2,188453.6855,648427.4224,POINT (188453.6855 648427.4224)
3307,400320,rail_12_1,188484.2317,650491.5267,POINT (188484.2317 650491.5267)
3308,400320,rail_12_2,188484.2317,650491.5267,POINT (188484.2317 650491.5267)
3309,400320,rail_15_1,188484.2317,650491.5267,POINT (188484.2317 650491.5267)
3310,400320,rail_15_2,188484.2317,650491.5267,POINT (188484.2317 650491.5267)
3311,400320,rail_16_1,188484.2317,650491.5267,POINT (188484.2317 650491.5267)
3312,400320,rail_16_2,188484.2317,650491.5267,POINT (188484.2317 650491.5267)
3313,400320,rail_17_1,188484.2317,650491.5267,POINT (188484.2317 650491.5267)
3314,400320,rail_17_2,188484.2317,650491.5267,POINT (188484.2317 650491.5267)
3315,400320,rail_3_1,188484.2317,650491.5267,POINT (188484.2317 650491.5267)
3316,400320,rail_3_2,188484.2317,650491.5267,POINT (188484.2317 650491.5267)
3317,400320,rail_4_1,188484.2317,650491.5267,POINT (188484.2317 650491.5267)
3318,400320,rail_4_2,188484.2317,650491.5267,POINT (188484.2317 650491.5267)
3319,400320,rail_5_1,188484.2317,650491.5267,POINT (188484.2317 650491.5267)
3320,400320,rail_5_2,188484.2317,650491.5267,POINT (188484.2317 650491.5267)
3321,400425,rail_11_1,174699.7847,644355.9187,POINT (174699.7847 644355.9187)
3322,400425,rail_11_2,174699.7847,644355.9187,POINT (174699.7847 644355.9187)
3323,400425,rail_20_1,174699.7847,644355.9187,POINT (174699.7847 644355.9187)
3324,400425,rail_20_2,174699.7847,644355.9187,POINT (174699.7847 644355.9187)
3325,400360,rail_12_1,175803.5746,640970.4722,POINT (175803.5746 640970.4722)
3326,400360,rail_12_2,175803.5746,640970.4722,POINT (175803.5746 640970.4722)
3327,400360,rail_19_1,175803.5746,640970.4722,POINT (175803.5746 640970.4722)
3328,400360,rail_19_2,175803.5746,640970.4722,POINT (175803.5746 640970.4722)
3329,400360,rail_5_1,175803.5746,640970.4722,POINT (175803.5746 640970.4722)
3330,400360,rail_5_2,175803.5746,640970.4722,POINT (175803.5746 640970.4722)
3331,400441,rail_15_1,186431.8946,638813.7428,POINT (186431.8946 638813.7428)
3332,400441,rail_15_2,186431.8946,638813.7428,POINT (186431.8946 638813.7428)
3333,400441,rail_17_1,186431.8946,638813.7428,POINT (186431.8946 638813.7428)
3334,400441,rail_17_2,186431.8946,638813.7428,POINT (186431.8946 638813.7428)
3335,400441,rail_3_1,186431.8946,638813.7428,POINT (186431.8946 638813.7428)
3336,400441,rail_3_2,186431.8946,638813.7428,POINT (186431.8946 638813.7428)
3337,400441,rail_4_1,186431.8946,638813.7428,POINT (186431.8946 638813.7428)
3338,400441,rail_4_2,186431.8946,638813.7428,POINT (186431.8946 638813.7428)
3339,400024,rail_20_1,179045.6391,651626.124,POINT (179045.6391 651626.124)
3340,400024,rail_20_2,179045.6391,651626.124,POINT (179045.6391 651626.124)
3341,400190,rail_20_1,181439.3634,650670.7278,POINT (181439.3634 650670.7278)
3342,400190,rail_20_2,181439.3634,650670.7278,POINT (181439.3634 650670.7278)
3343,400350,rail_12_1,181685.1649,646199.4143,POINT (181685.1649 646199.4143)
3344,400350,rail_12_2,181685.1649,646199.4143,POINT (181685.1649 646199.4143)
3345,400350,rail_19_1,181685.1649,646199.4143,POINT (181685.1649 646199.4143)
3346,400350,rail_19_2,181685.1649,646199.4143,POINT (181685.1649 646199.4143)
3347,400350,rail_5_1,181685.1649,646199.4143,POINT (181685.1649 646199.4143)
3348,400350,rail_5_2,181685.1649,646199.4143,POINT (181685.1649 646199.4143)
3349,400550,rail_20_1,187224.2799,668150.5297,POINT (187224.2799 668150.5297)
3350,400550,rail_20_2,187224.2799,668150.5297,POINT (187224.2799 668150.5297)
3351,400018,rail_10_1,182239.4829,671394.5234,POINT (182239.4829 671394.5234)
3352,400018,rail_10_2,182239.4829,671394.5234,POINT (182239.4829 671394.5234)
3353,400018,rail_11_1,182239.4829,671394.5234,POINT (182239.4829 671394.5234)
3354,400018,rail_11_2,182239.4829,671394.5234,POINT (182239.4829 671394.5234)
3355,400018,rail_12_1,182239.4829,671394.5234,POINT (182239.4829 671394.5234)
3356,400018,rail_12_2,182239.4829,671394.5234,POINT (182239.4829 671394.5234)
3357,400018,rail_16_1,182239.4829,671394.5234,POINT (182239.4829 671394.5234)
3358,400018,rail_16_2,182239.4829,671394.5234,POINT (182239.4829 671394.5234)
3359,400018,rail_17_1,182239.4829,671394.5234,POINT (182239.4829 671394.5234)
3360,400018,rail_20_1,182239.4829,671394.5234,POINT (182239.4829 671394.5234)
3361,400018,rail_20_2,182239.4829,671394.5234,POINT (182239.4829 671394.5234)
3362,400018,rail_17_2,182239.4829,671394.5234,POINT (182239.4829 671394.5234)
3363,400018,rail_14_1,182239.4829,671394.5234,POINT (182239.4829 671394.5234)
3364,400018,rail_14_2,182239.4829,671394.5234,POINT (182239.4829 671394.5234)
3365,400018,rail_2_1,182239.4829,671394.5234,POINT (182239.4829 671394.5234)
3366,400018,rail_2_2,182239.4829,671394.5234,POINT (182239.4829 671394.5234)
3367,400018,rail_9_1,182239.4829,671394.5234,POINT (182239.4829 671394.5234)
3368,400018,rail_9_2,182239.4829,671394.5234,POINT (182239.4829 671394.5234)
3369,400018,rail_8_1,182239.4829,671394.5234,POINT (182239.4829 671394.5234)
3370,400018,rail_8_2,182239.4829,671394.5234,POINT (182239.4829 671394.5234)
3371,400018,rail_3_1,182239.4829,671394.5234,POINT (182239.4829 671394.5234)
3372,400018,rail_3_2,182239.4829,671394.5234,POINT (182239.4829 671394.5234)
3373,400018,rail_4_1,182239.4829,671394.5234,POINT (182239.4829 671394.5234)
3374,400018,rail_4_2,182239.4829,671394.5234,POINT (182239.4829 671394.5234)
3375,400018,rail_5_1,182239.4829,671394.5234,POINT (182239.4829 671394.5234)
3376,400018,rail_5_2,182239.4829,671394.5234,POINT (182239.4829 671394.5234)
3377,400018,rail_1_1,182239.4829,671394.5234,POINT (182239.4829 671394.5234)
3378,400018,rail_1_2,182239.4829,671394.5234,POINT (182239.4829 671394.5234)
3379,400501,rail_17_1,186122.5465,676332.6436,POINT (186122.5465 676332.6436)
3380,400501,rail_20_1,186122.5465,676332.6436,POINT (186122.5465 676332.6436)
3381,400501,rail_20_2,186122.5465,676332.6436,POINT (186122.5465 676332.6436)
3382,400501,rail_17_2,186122.5465,676332.6436,POINT (186122.5465 676332.6436)
3383,400251,rail_10_1,191354.4784,655582.2622,POINT (191354.4784 655582.2622)
3384,400251,rail_10_2,191354.4784,655582.2622,POINT (191354.4784 655582.2622)
3385,400251,rail_15_1,191354.4784,655582.2622,POINT (191354.4784 655582.2622)
3386,400251,rail_15_2,191354.4784,655582.2622,POINT (191354.4784 655582.2622)
3387,400251,rail_13_1,191354.4784,655582.2622,POINT (191354.4784 655582.2622)
3388,400251,rail_13_2,191354.4784,655582.2622,POINT (191354.4784 655582.2622)
3389,400252,rail_10_1,193818.5898,663312.7944,POINT (193818.5898 663312.7944)
3390,400252,rail_10_2,193818.5898,663312.7944,POINT (193818.5898 663312.7944)
3391,400252,rail_15_1,193818.5898,663312.7944,POINT (193818.5898 663312.7944)
3392,400252,rail_15_2,193818.5898,663312.7944,POINT (193818.5898 663312.7944)
3393,400252,rail_13_1,193818.5898,663312.7944,POINT (193818.5898 663312.7944)
3394,400252,rail_13_2,193818.5898,663312.7944,POINT (193818.5898 663312.7944)
3395,400570,rail_20_1,190837.4936,668754.399,POINT (190837.4936 668754.399)
3396,400570,rail_20_2,190837.4936,668754.399,POINT (190837.4936 668754.399)
3397,400250,rail_10_1,193956.3301,667975.077,POINT (193956.3301 667975.077)
3398,400250,rail_10_2,193956.3301,667975.077,POINT (193956.3301 667975.077)
3399,400250,rail_15_1,193956.3301,667975.077,POINT (193956.3301 667975.077)
3400,400250,rail_15_2,193956.3301,667975.077,POINT (193956.3301 667975.077)
3401,400250,rail_17_1,193956.3301,667975.077,POINT (193956.3301 667975.077)
3402,400250,rail_17_2,193956.3301,667975.077,POINT (193956.3301 667975.077)
3403,400250,rail_13_1,193956.3301,667975.077,POINT (193956.3301 667975.077)
3404,400250,rail_13_2,193956.3301,667975.077,POINT (193956.3301 667975.077)
3405,400500,rail_17_1,189454.885,675489.7704,POINT (189454.885 675489.7704)
3406,400500,rail_20_1,189454.885,675489.7704,POINT (189454.885 675489.7704)
3407,400500,rail_20_2,189454.885,675489.7704,POINT (189454.885 675489.7704)
3408,400500,rail_17_2,189454.885,675489.7704,POINT (189454.885 675489.7704)
3409,400510,rail_17_1,190881.0535,675214.9661,POINT (190881.0535 675214.9661)
3410,400510,rail_20_1,190881.0535,675214.9661,POINT (190881.0535 675214.9661)
3411,400510,rail_20_2,190881.0535,675214.9661,POINT (190881.0535 675214.9661)
3412,400510,rail_17_2,190881.0535,675214.9661,POINT (190881.0535 675214.9661)
3413,400520,rail_17_1,192381.8517,674884.2739,POINT (192381.8517 674884.2739)
3414,400520,rail_20_1,192381.8517,674884.2739,POINT (192381.8517 674884.2739)
3415,400520,rail_20_2,192381.8517,674884.2739,POINT (192381.8517 674884.2739)
3416,400520,rail_17_2,192381.8517,674884.2739,POINT (192381.8517 674884.2739)
3417,400241,rail_10_1,193961.8284,669754.7589,POINT (193961.8284 669754.7589)
3418,400241,rail_10_2,193961.8284,669754.7589,POINT (193961.8284 669754.7589)
3419,400241,rail_15_1,193961.8284,669754.7589,POINT (193961.8284 669754.7589)
3420,400241,rail_15_2,193961.8284,669754.7589,POINT (193961.8284 669754.7589)
3421,400241,rail_17_1,193961.8284,669754.7589,POINT (193961.8284 669754.7589)
3422,400241,rail_20_1,193961.8284,669754.7589,POINT (193961.8284 669754.7589)
3423,400241,rail_20_2,193961.8284,669754.7589,POINT (193961.8284 669754.7589)
3424,400241,rail_17_2,193961.8284,669754.7589,POINT (193961.8284 669754.7589)
3425,400241,rail_13_1,193961.8284,669754.7589,POINT (193961.8284 669754.7589)
3426,400241,rail_13_2,193961.8284,669754.7589,POINT (193961.8284 669754.7589)
3427,400254,rail_10_1,195819.701,675833.1316,POINT (195819.701 675833.1316)
3428,400254,rail_10_2,195819.701,675833.1316,POINT (195819.701 675833.1316)
3429,400254,rail_15_1,195819.701,675833.1316,POINT (195819.701 675833.1316)
3430,400254,rail_15_2,195819.701,675833.1316,POINT (195819.701 675833.1316)
3431,400254,rail_13_1,195819.701,675833.1316,POINT (195819.701 675833.1316)
3432,400254,rail_13_2,195819.701,675833.1316,POINT (195819.701 675833.1316)
3433,31525,rail_6_1,216505.9832,757346.703,POINT (216505.9832 757346.703)
3434,31525,rail_6_2,216505.9832,757346.703,POINT (216505.9832 757346.703)
3435,31525,rail_5_1,216505.9832,757346.703,POINT (216505.9832 757346.703)
3436,31525,rail_5_2,216505.9832,757346.703,POINT (216505.9832 757346.703)
3437,31525,rail_1_1,216505.9832,757346.703,POINT (216505.9832 757346.703)
3438,31525,rail_1_2,216505.9832,757346.703,POINT (216505.9832 757346.703)
3439,31656,rail_6_1,227966.5882,758830.0668,POINT (227966.5882 758830.0668)
3440,31656,rail_6_2,227966.5882,758830.0668,POINT (227966.5882 758830.0668)
3441,31656,rail_5_1,227966.5882,758830.0668,POINT (227966.5882 758830.0668)
3442,31656,rail_5_2,227966.5882,758830.0668,POINT (227966.5882 758830.0668)
3443,31656,rail_1_1,227966.5882,758830.0668,POINT (227966.5882 758830.0668)
3444,31656,rail_1_2,227966.5882,758830.0668,POINT (227966.5882 758830.0668)
3445,31630,rail_10_1,246686.3623,713151.6545,POINT (246686.3623 713151.6545)
3446,31630,rail_10_2,246686.3623,713151.6545,POINT (246686.3623 713151.6545)
3447,31664,rail_7_1,246857.0356,742689.3684,POINT (246857.0356 742689.3684)
3448,31664,rail_7_2,246857.0356,742689.3684,POINT (246857.0356 742689.3684)
3449,31655,rail_1_1,254708.6057,790635.9098,POINT (254708.6057 790635.9098)
3450,31655,rail_1_2,254708.6057,790635.9098,POINT (254708.6057 790635.9098)
3451,31991,rail_3_1,205340.8912,746058.4864,POINT (205340.8912 746058.4864)
3452,31991,rail_3_2,205340.8912,746058.4864,POINT (205340.8912 746058.4864)
3453,31991,rail_4_1,205340.8912,746058.4864,POINT (205340.8912 746058.4864)
3454,31991,rail_4_2,205340.8912,746058.4864,POINT (205340.8912 746058.4864)
3455,31991,rail_1_1,205340.8912,746058.4864,POINT (205340.8912 746058.4864)
3456,31991,rail_1_2,205340.8912,746058.4864,POINT (205340.8912 746058.4864)
3457,31610,rail_3_1,206329.0311,747811.2785,POINT (206329.0311 747811.2785)
3458,31610,rail_3_2,206329.0311,747811.2785,POINT (206329.0311 747811.2785)
3459,31610,rail_4_1,206329.0311,747811.2785,POINT (206329.0311 747811.2785)
3460,31610,rail_4_2,206329.0311,747811.2785,POINT (206329.0311 747811.2785)
3461,31610,rail_1_1,206329.0311,747811.2785,POINT (206329.0311 747811.2785)
3462,31610,rail_1_2,206329.0311,747811.2785,POINT (206329.0311 747811.2785)
3463,31992,rail_6_1,210183.5865,746927.015,POINT (210183.5865 746927.015)
3464,31992,rail_6_2,210183.5865,746927.015,POINT (210183.5865 746927.015)
3465,31611,rail_2_1,206870.3783,748712.1066,POINT (206870.3783 748712.1066)
3466,31611,rail_2_2,206870.3783,748712.1066,POINT (206870.3783 748712.1066)
3467,31611,rail_3_1,206870.3783,748712.1066,POINT (206870.3783 748712.1066)
3468,31611,rail_3_2,206870.3783,748712.1066,POINT (206870.3783 748712.1066)
3469,31611,rail_4_1,206870.3783,748712.1066,POINT (206870.3783 748712.1066)
3470,31611,rail_4_2,206870.3783,748712.1066,POINT (206870.3783 748712.1066)
3471,31611,rail_5_1,206870.3783,748712.1066,POINT (206870.3783 748712.1066)
3472,31611,rail_5_2,206870.3783,748712.1066,POINT (206870.3783 748712.1066)
3473,31611,rail_1_1,206870.3783,748712.1066,POINT (206870.3783 748712.1066)
3474,31611,rail_1_2,206870.3783,748712.1066,POINT (206870.3783 748712.1066)
3475,31622,rail_2_1,208101.8459,759252.9231,POINT (208101.8459 759252.9231)
3476,31622,rail_2_2,208101.8459,759252.9231,POINT (208101.8459 759252.9231)
3477,31622,rail_3_1,208101.8459,759252.9231,POINT (208101.8459 759252.9231)
3478,31622,rail_3_2,208101.8459,759252.9231,POINT (208101.8459 759252.9231)
3479,31622,rail_4_1,208101.8459,759252.9231,POINT (208101.8459 759252.9231)
3480,31622,rail_4_2,208101.8459,759252.9231,POINT (208101.8459 759252.9231)
3481,31624,rail_2_1,209580.0468,767784.1714,POINT (209580.0468 767784.1714)
3482,31624,rail_2_2,209580.0468,767784.1714,POINT (209580.0468 767784.1714)
3483,31624,rail_3_1,209580.0468,767784.1714,POINT (209580.0468 767784.1714)
3484,31624,rail_3_2,209580.0468,767784.1714,POINT (209580.0468 767784.1714)
3485,31633,rail_7_1,219749.9807,728090.351,POINT (219749.9807 728090.351)
3486,31633,rail_7_2,219749.9807,728090.351,POINT (219749.9807 728090.351)
3487,31633,rail_10_1,219749.9807,728090.351,POINT (219749.9807 728090.351)
3488,31633,rail_10_2,219749.9807,728090.351,POINT (219749.9807 728090.351)
3489,31640,rail_7_1,211890.9765,731823.0032,POINT (211890.9765 731823.0032)
3490,31640,rail_7_2,211890.9765,731823.0032,POINT (211890.9765 731823.0032)
3491,31640,rail_10_1,211890.9765,731823.0032,POINT (211890.9765 731823.0032)
3492,31640,rail_10_2,211890.9765,731823.0032,POINT (211890.9765 731823.0032)
3493,31634,rail_10_1,227921.5175,725239.5038,POINT (227921.5175 725239.5038)
3494,31634,rail_10_2,227921.5175,725239.5038,POINT (227921.5175 725239.5038)
3495,31634,rail_7_1,227962.1673,725335.3554,POINT (227962.1673 725335.3554)
3496,31634,rail_7_2,227962.1673,725335.3554,POINT (227962.1673 725335.3554)
3497,988494,rail_11_1,189450.8342,577291.6674,POINT (189450.8342 577291.6674)
3498,988494,rail_11_2,189450.8342,577291.6674,POINT (189450.8342 577291.6674)
3499,988494,rail_15_1,189450.8342,577291.6674,POINT (189450.8342 577291.6674)
3500,988494,rail_15_2,189450.8342,577291.6674,POINT (189450.8342 577291.6674)
3501,1000,R1002-2,212713.4102,747546.4682,POINT (212713.4101668877 747546.4681545141)
3502,1000,R1002-1,212713.4102,747546.4682,POINT (212713.4101668877 747546.4681545141)
3503,1001,R1002-2,211813.8012,747425.0177,POINT (211813.8011715614 747425.0176853164)
3504,1001,R1002-1,211813.8012,747425.0177,POINT (211813.8011715614 747425.0176853164)
3505,1002,R1002-2,210911.0354,747143.8408,POINT (210911.03540629928 747143.8408097227)
3506,1002,R1002-1,210911.0354,747143.8408,POINT (210911.03540629928 747143.8408097227)
3507,1003,R1002-1,210373.3094,746818.709,POINT (210373.30944539548 746818.7090348629)
3508,1003,R1001-1,210373.3094,746818.709,POINT (210373.30944539548 746818.7090348629)
3509,1003,R331-1,210373.3094,746818.709,POINT (210373.30944539548 746818.7090348629)
3510,1003,R331-2,210373.3094,746818.709,POINT (210373.30944539548 746818.7090348629)
3511,1003,R1002-2,210373.3094,746818.709,POINT (210373.30944539548 746818.7090348629)
3512,1003,R1001-2,210373.3094,746818.709,POINT (210373.30944539548 746818.7090348629)
3513,1004,R329-1,208615.2535,749722.9198,POINT (208615.25345218895 749722.919791824)
3514,1004,R322-2,208615.2535,749722.9198,POINT (208615.25345218895 749722.919791824)
3515,1004,R321-2,208615.2535,749722.9198,POINT (208615.25345218895 749722.919791824)
3516,1004,R1001-1,208615.2535,749722.9198,POINT (208615.25345218895 749722.919791824)
3517,1004,R322-1,208615.2535,749722.9198,POINT (208615.25345218895 749722.919791824)
3518,1004,R321-1,208615.2535,749722.9198,POINT (208615.25345218895 749722.919791824)
3519,1004,R329-2,208615.2535,749722.9198,POINT (208615.25345218895 749722.919791824)
3520,1004,R1001-2,208615.2535,749722.9198,POINT (208615.25345218895 749722.919791824)
3521,1005,R322-2,209065.7795,750548.0003,POINT (209065.77948314612 750548.0003494017)
3522,1005,R321-2,209065.7795,750548.0003,POINT (209065.77948314612 750548.0003494017)
3523,1005,R329-1,209065.7795,750548.0003,POINT (209065.77948314612 750548.0003494017)
3524,1005,R322-1,209065.7795,750548.0003,POINT (209065.77948314612 750548.0003494017)
3525,1005,R321-1,209065.7795,750548.0003,POINT (209065.77948314612 750548.0003494017)
3526,1005,R329-2,209065.7795,750548.0003,POINT (209065.77948314612 750548.0003494017)
3527,1005,R1001-1,209065.7795,750548.0003,POINT (209065.77948314612 750548.0003494017)
3528,1005,R1001-2,209065.7795,750548.0003,POINT (209065.77948314612 750548.0003494017)
3529,1006,R321-1,208661.7429,751573.1809,POINT (208661.74285778488 751573.1808539564)
3530,1006,R1001-2,208661.7429,751573.1809,POINT (208661.74285778488 751573.1808539564)
3531,1006,R322-1,208661.7429,751573.1809,POINT (208661.74285778488 751573.1808539564)
3532,1006,R1002-2,208661.7429,751573.1809,POINT (208661.74285778488 751573.1808539564)
3533,1006,R323-2,208661.7429,751573.1809,POINT (208661.74285778488 751573.1808539564)
3534,1006,R1003-2,208661.7429,751573.1809,POINT (208661.74285778488 751573.1808539564)
3535,1006,R323-1,208661.7429,751573.1809,POINT (208661.74285778488 751573.1808539564)
3536,1006,R1002-1,208661.7429,751573.1809,POINT (208661.74285778488 751573.1808539564)
3537,1006,R322-2,208661.7429,751573.1809,POINT (208661.74285778488 751573.1808539564)
3538,1006,R321-2,208661.7429,751573.1809,POINT (208661.74285778488 751573.1808539564)
3539,1006,R1001-1,208661.7429,751573.1809,POINT (208661.74285778488 751573.1808539564)
3540,1006,R1003-1,208661.7429,751573.1809,POINT (208661.74285778488 751573.1808539564)
3541,1007,R1002-2,208356.518,751836.2493,POINT (208356.5179858773 751836.2493361885)
3542,1007,R1003-1,208356.518,751836.2493,POINT (208356.5179858773 751836.2493361885)
3543,1007,R1003-2,208356.518,751836.2493,POINT (208356.5179858773 751836.2493361885)
3544,1007,R323-1,208356.518,751836.2493,POINT (208356.5179858773 751836.2493361885)
3545,1007,R323-2,208356.518,751836.2493,POINT (208356.5179858773 751836.2493361885)
3546,1007,R1002-1,208356.518,751836.2493,POINT (208356.5179858773 751836.2493361885)
3547,1008,R323-1,207744.6674,751138.7065,POINT (207744.66740375332 751138.7065071997)
3548,1008,R1003-1,207744.6674,751138.7065,POINT (207744.66740375332 751138.7065071997)
3549,1008,R1002-1,207744.6674,751138.7065,POINT (207744.66740375332 751138.7065071997)
3550,1008,R1003-2,207744.6674,751138.7065,POINT (207744.66740375332 751138.7065071997)
3551,1008,R323-2,207744.6674,751138.7065,POINT (207744.66740375332 751138.7065071997)
3552,1008,R1002-2,207744.6674,751138.7065,POINT (207744.66740375332 751138.7065071997)
3553,1009,R323-1,207326.988,750295.6784,POINT (207326.98796998785 750295.6784313847)
3554,1009,R323-2,207326.988,750295.6784,POINT (207326.98796998785 750295.6784313847)
3555,1010,R323-1,206979.299,749922.8102,POINT (206979.29897230052 749922.8101897985)
3556,1010,R1002-2,206979.299,749922.8102,POINT (206979.29897230052 749922.8101897985)
3557,1010,R1002-1,206979.299,749922.8102,POINT (206979.29897230052 749922.8101897985)
3558,1010,R323-2,206979.299,749922.8102,POINT (206979.29897230052 749922.8101897985)
3559,1011,R323-1,206763.5771,749612.0008,POINT (206763.5771469409 749612.0008188678)
3560,1011,R323-2,206763.5771,749612.0008,POINT (206763.5771469409 749612.0008188678)
3561,1012,R323-1,206498.825,748976.2029,POINT (206498.8250440501 748976.2029478329)
3562,1012,R323-2,206498.825,748976.2029,POINT (206498.8250440501 748976.2029478329)
3563,1013,R323-1,205865.0178,747718.8571,POINT (205865.017848566 747718.8570835384)
3564,1013,R323-2,205865.0178,747718.8571,POINT (205865.017848566 747718.8570835384)
3565,1014,R331-2,207154.8736,745961.0239,POINT (207154.87357885687 745961.0239350856)
3566,1014,R331-1,207154.8736,745961.0239,POINT (207154.87357885687 745961.0239350856)
3567,1015,R329-1,206863.4339,746196.5039,POINT (206863.43390352596 746196.5039176379)
3568,1015,R321-1,206863.4339,746196.5039,POINT (206863.43390352596 746196.5039176379)
3569,1015,R321-2,206863.4339,746196.5039,POINT (206863.43390352596 746196.5039176379)
3570,1015,R322-1,206863.4339,746196.5039,POINT (206863.43390352596 746196.5039176379)
3571,1015,R322-2,206863.4339,746196.5039,POINT (206863.43390352596 746196.5039176379)
3572,1015,R329-2,206863.4339,746196.5039,POINT (206863.43390352596 746196.5039176379)
3573,1015,R331-2,206863.4339,746196.5039,POINT (206863.43390352596 746196.5039176379)
3574,1015,R331-1,206863.4339,746196.5039,POINT (206863.43390352596 746196.5039176379)
3575,1016,R331-1,205605.0931,745589.7711,POINT (205605.09314882217 745589.7711371329)
3576,1016,R331-2,205605.0931,745589.7711,POINT (205605.09314882217 745589.7711371329)
3577,1016,R321-1,205605.0931,745589.7711,POINT (205605.09314882217 745589.7711371329)
3578,1016,R321-2,205605.0931,745589.7711,POINT (205605.09314882217 745589.7711371329)
3579,1016,R322-1,205605.0931,745589.7711,POINT (205605.09314882217 745589.7711371329)
3580,1016,R322-2,205605.0931,745589.7711,POINT (205605.09314882217 745589.7711371329)
3581,1016,R323-1,205605.0931,745589.7711,POINT (205605.09314882217 745589.7711371329)
3582,1016,R323-2,205605.0931,745589.7711,POINT (205605.09314882217 745589.7711371329)
3583,1016,R329-1,205605.0931,745589.7711,POINT (205605.09314882217 745589.7711371329)
3584,1016,R329-2,205605.0931,745589.7711,POINT (205605.09314882217 745589.7711371329)
3585,1017,R331-1,203879.7375,744188.8601,POINT (203879.73748041564 744188.8600692307)
3586,1017,R331-2,203879.7375,744188.8601,POINT (203879.73748041564 744188.8600692307)
3587,1017,R321-1,203879.7375,744188.8601,POINT (203879.73748041564 744188.8600692307)
3588,1017,R321-2,203879.7375,744188.8601,POINT (203879.73748041564 744188.8600692307)
3589,1017,R322-1,203879.7375,744188.8601,POINT (203879.73748041564 744188.8600692307)
3590,1017,R322-2,203879.7375,744188.8601,POINT (203879.73748041564 744188.8600692307)
3591,1017,R323-1,203879.7375,744188.8601,POINT (203879.73748041564 744188.8600692307)
3592,1017,R323-2,203879.7375,744188.8601,POINT (203879.73748041564 744188.8600692307)
3593,1017,R329-1,203879.7375,744188.8601,POINT (203879.73748041564 744188.8600692307)
3594,1017,R329-2,203879.7375,744188.8601,POINT (203879.73748041564 744188.8600692307)
3595,1018,R327-1,202088.2279,744931.5589,POINT (202088.22785216503 744931.5588765949)
3596,1018,R323-2,202088.2279,744931.5589,POINT (202088.22785216503 744931.5588765949)
3597,1018,R330-1,202088.2279,744931.5589,POINT (202088.22785216503 744931.5588765949)
3598,1018,R330-2,202088.2279,744931.5589,POINT (202088.22785216503 744931.5588765949)
3599,1018,R321-1,202088.2279,744931.5589,POINT (202088.22785216503 744931.5588765949)
3600,1018,R321-2,202088.2279,744931.5589,POINT (202088.22785216503 744931.5588765949)
3601,1018,R328-1,202088.2279,744931.5589,POINT (202088.22785216503 744931.5588765949)
3602,1018,R324-2,202088.2279,744931.5589,POINT (202088.22785216503 744931.5588765949)
3603,1018,R324-1,202088.2279,744931.5589,POINT (202088.22785216503 744931.5588765949)
3604,1018,R327-2,202088.2279,744931.5589,POINT (202088.22785216503 744931.5588765949)
3605,1018,R323-1,202088.2279,744931.5589,POINT (202088.22785216503 744931.5588765949)
3606,1018,R328-2,202088.2279,744931.5589,POINT (202088.22785216503 744931.5588765949)
3607,1019,R324-1,201184.3105,745418.9393,POINT (201184.31050133565 745418.9392799921)
3608,1019,R325-1,201184.3105,745418.9393,POINT (201184.31050133565 745418.9392799921)
3609,1019,R325-2,201184.3105,745418.9393,POINT (201184.31050133565 745418.9392799921)
3610,1019,R324-2,201184.3105,745418.9393,POINT (201184.31050133565 745418.9392799921)
3611,1019,R327-2,201184.3105,745418.9393,POINT (201184.31050133565 745418.9392799921)
3612,1019,R321-2,201184.3105,745418.9393,POINT (201184.31050133565 745418.9392799921)
3613,1019,R330-1,201184.3105,745418.9393,POINT (201184.31050133565 745418.9392799921)
3614,1019,R328-2,201184.3105,745418.9393,POINT (201184.31050133565 745418.9392799921)
3615,1019,R323-1,201184.3105,745418.9393,POINT (201184.31050133565 745418.9392799921)
3616,1019,R323-2,201184.3105,745418.9393,POINT (201184.31050133565 745418.9392799921)
3617,1020,R325-1,200928.1864,745941.4355,POINT (200928.18639896787 745941.4354747839)
3618,1020,R321-1,200928.1864,745941.4355,POINT (200928.18639896787 745941.4354747839)
3619,1020,R330-2,200928.1864,745941.4355,POINT (200928.18639896787 745941.4354747839)
3620,1020,R327-1,200928.1864,745941.4355,POINT (200928.18639896787 745941.4354747839)
3621,1020,R321-2,200928.1864,745941.4355,POINT (200928.18639896787 745941.4354747839)
3622,1020,R330-1,200928.1864,745941.4355,POINT (200928.18639896787 745941.4354747839)
3623,1020,R327-2,200928.1864,745941.4355,POINT (200928.18639896787 745941.4354747839)
3624,1020,R325-2,200928.1864,745941.4355,POINT (200928.18639896787 745941.4354747839)
3625,1020,R328-2,200928.1864,745941.4355,POINT (200928.18639896787 745941.4354747839)
3626,1020,R328-1,200928.1864,745941.4355,POINT (200928.18639896787 745941.4354747839)
3627,1021,R327-1,200748.2762,746290.8966,POINT (200748.27619855176 746290.8965968569)
3628,1021,R325-1,200748.2762,746290.8966,POINT (200748.27619855176 746290.8965968569)
3629,1021,R321-1,200748.2762,746290.8966,POINT (200748.27619855176 746290.8965968569)
3630,1021,R330-2,200748.2762,746290.8966,POINT (200748.27619855176 746290.8965968569)
3631,1021,R328-1,200748.2762,746290.8966,POINT (200748.27619855176 746290.8965968569)
3632,1021,R327-2,200748.2762,746290.8966,POINT (200748.27619855176 746290.8965968569)
3633,1021,R325-2,200748.2762,746290.8966,POINT (200748.27619855176 746290.8965968569)
3634,1021,R321-2,200748.2762,746290.8966,POINT (200748.27619855176 746290.8965968569)
3635,1021,R330-1,200748.2762,746290.8966,POINT (200748.27619855176 746290.8965968569)
3636,1021,R328-2,200748.2762,746290.8966,POINT (200748.27619855176 746290.8965968569)
3637,1022,R327-1,200111.0645,747253.0974,POINT (200111.06448134608 747253.097427336)
3638,1022,R325-1,200111.0645,747253.0974,POINT (200111.06448134608 747253.097427336)
3639,1022,R321-1,200111.0645,747253.0974,POINT (200111.06448134608 747253.097427336)
3640,1022,R330-2,200111.0645,747253.0974,POINT (200111.06448134608 747253.097427336)
3641,1022,R328-1,200111.0645,747253.0974,POINT (200111.06448134608 747253.097427336)
3642,1022,R327-2,200111.0645,747253.0974,POINT (200111.06448134608 747253.097427336)
3643,1022,R325-2,200111.0645,747253.0974,POINT (200111.06448134608 747253.097427336)
3644,1022,R321-2,200111.0645,747253.0974,POINT (200111.06448134608 747253.097427336)
3645,1022,R330-1,200111.0645,747253.0974,POINT (200111.06448134608 747253.097427336)
3646,1022,R328-2,200111.0645,747253.0974,POINT (200111.06448134608 747253.097427336)
3647,1023,R327-1,199663.8521,747644.5831,POINT (199663.8520937388 747644.583106321)
3648,1023,R325-1,199663.8521,747644.5831,POINT (199663.8520937388 747644.583106321)
3649,1023,R321-1,199663.8521,747644.5831,POINT (199663.8520937388 747644.583106321)
3650,1023,R330-2,199663.8521,747644.5831,POINT (199663.8520937388 747644.583106321)
3651,1023,R328-1,199663.8521,747644.5831,POINT (199663.8520937388 747644.583106321)
3652,1023,R327-2,199663.8521,747644.5831,POINT (199663.8520937388 747644.583106321)
3653,1023,R325-2,199663.8521,747644.5831,POINT (199663.8520937388 747644.583106321)
3654,1023,R321-2,199663.8521,747644.5831,POINT (199663.8520937388 747644.583106321)
3655,1023,R330-1,199663.8521,747644.5831,POINT (199663.8520937388 747644.583106321)
3656,1023,R328-2,199663.8521,747644.5831,POINT (199663.8520937388 747644.583106321)
3657,1024,R321-1,198946.6296,748444.6595,POINT (198946.6295869827 748444.6595221242)
3658,1024,R330-2,198946.6296,748444.6595,POINT (198946.6295869827 748444.6595221242)
3659,1024,R325-2,198946.6296,748444.6595,POINT (198946.6295869827 748444.6595221242)
3660,1024,R325-1,198946.6296,748444.6595,POINT (198946.6295869827 748444.6595221242)
3661,1024,R330-1,198946.6296,748444.6595,POINT (198946.6295869827 748444.6595221242)
3662,1024,R321-2,198946.6296,748444.6595,POINT (198946.6295869827 748444.6595221242)
3663,1025,R327-2,197390.9113,748444.457,POINT (197390.91132351215 748444.4569970437)
3664,1025,R328-2,197390.9113,748444.457,POINT (197390.91132351215 748444.4569970437)
3665,1025,R328-1,197390.9113,748444.457,POINT (197390.91132351215 748444.4569970437)
3666,1025,R327-1,197390.9113,748444.457,POINT (197390.91132351215 748444.4569970437)
3667,1025,R325-2,197390.9113,748444.457,POINT (197390.91132351215 748444.4569970437)
3668,1025,R325-1,197390.9113,748444.457,POINT (197390.91132351215 748444.4569970437)
3669,1025,R330-2,197390.9113,748444.457,POINT (197390.91132351215 748444.4569970437)
3670,1025,R330-1,197390.9113,748444.457,POINT (197390.91132351215 748444.4569970437)
3671,1026,R327-2,196928.603,748262.2856,POINT (196928.6029601704 748262.2855616347)
3672,1026,R328-1,196928.603,748262.2856,POINT (196928.6029601704 748262.2855616347)
3673,1026,R328-2,196928.603,748262.2856,POINT (196928.6029601704 748262.2855616347)
3674,1026,R327-1,196928.603,748262.2856,POINT (196928.6029601704 748262.2855616347)
3675,1027,R327-2,196604.8908,747931.2037,POINT (196604.8908114608 747931.2036766601)
3676,1027,R328-1,196604.8908,747931.2037,POINT (196604.8908114608 747931.2036766601)
3677,1027,R328-2,196604.8908,747931.2037,POINT (196604.8908114608 747931.2036766601)
3678,1027,R327-1,196604.8908,747931.2037,POINT (196604.8908114608 747931.2036766601)
3679,1028,R328-1,196242.8709,747525.9166,POINT (196242.8709123546 747525.9166476402)
3680,1028,R327-1,196242.8709,747525.9166,POINT (196242.8709123546 747525.9166476402)
3681,1028,R327-2,196242.8709,747525.9166,POINT (196242.8709123546 747525.9166476402)
3682,1028,R328-2,196242.8709,747525.9166,POINT (196242.8709123546 747525.9166476402)
3683,1028,R326-2,196242.8709,747525.9166,POINT (196242.8709123546 747525.9166476402)
3684,1028,R326-1,196242.8709,747525.9166,POINT (196242.8709123546 747525.9166476402)
3685,1029,R327-2,196512.356,745416.5693,POINT (196512.3560330564 745416.5693072975)
3686,1029,R328-1,196512.356,745416.5693,POINT (196512.3560330564 745416.5693072975)
3687,1029,R328-2,196512.356,745416.5693,POINT (196512.3560330564 745416.5693072975)
3688,1029,R327-1,196512.356,745416.5693,POINT (196512.3560330564 745416.5693072975)
3689,1030,R322-2,196353.6089,744376.4439,POINT (196353.60889675948 744376.443861965)
3690,1030,R324-1,196353.6089,744376.4439,POINT (196353.60889675948 744376.443861965)
3691,1030,R324-2,196353.6089,744376.4439,POINT (196353.60889675948 744376.443861965)
3692,1030,R322-1,196353.6089,744376.4439,POINT (196353.60889675948 744376.443861965)
3693,282737,Orange_N,161180.4936,620418.8534,POINT (161180.493572659 620418.853358815)
3694,282737,Orange_S,161180.4936,620418.8534,POINT (161180.493572659 620418.853358815)
3695,282738,Orange_N,160751.6997,620324.3423,POINT (160751.699745398 620324.342343786)
3696,282738,Orange_S,160751.6997,620324.3423,POINT (160751.699745398 620324.342343786)
3697,282739,Orange_N,161478.4162,620633.2327,POINT (161478.416191622 620633.232659779)
3698,282739,Orange_S,161478.4162,620633.2327,POINT (161478.416191622 620633.232659779)
3699,500027,BRT_Blue_E,179825.1187,610765.3768,POINT (179825.118651465 610765.376814409)
3700,500027,BRT_Blue_W,179825.1187,610765.3768,POINT (179825.118651465 610765.376814409)
3701,500031,BRT_Blue_E,179296.6453,612239.281,POINT (179296.645259613 612239.280986762)
3702,500031,BRT_Blue_W,179296.6453,612239.281,POINT (179296.645259613 612239.280986762)
3703,500031,BRT_Pink_E,179296.6453,612239.281,POINT (179296.645259613 612239.280986762)
3704,500031,BRT_Pink_W,179296.6453,612239.281,POINT (179296.645259613 612239.280986762)
3705,500032,BRT_Blue_E,178943.7614,611945.723,POINT (178943.761436898 611945.723039273)
3706,500032,BRT_Blue_W,178943.7614,611945.723,POINT (178943.761436898 611945.723039273)
3707,500033,BRT_Blue_E,176068.106,615610.9348,POINT (176068.10599622 615610.934808251)
3708,500033,BRT_Blue_W,176068.106,615610.9348,POINT (176068.10599622 615610.934808251)
3709,500034,BRT_Blue_E,178909.1506,611424.035,POINT (178909.150587965 611424.034976559)
3710,500034,BRT_Blue_W,178909.1506,611424.035,POINT (178909.150587965 611424.034976559)
3711,500035,BRT_Blue_E,179174.588,611001.6326,POINT (179174.588038617 611001.632608438)
3712,500035,BRT_Blue_W,179174.588,611001.6326,POINT (179174.588038617 611001.632608438)
3713,500042,BRT_Blue_E,178796.6593,612636.6223,POINT (178796.659335073 612636.622320385)
3714,500042,BRT_Blue_W,178796.6593,612636.6223,POINT (178796.659335073 612636.622320385)
3715,500042,BRT_Pink_E,178796.6593,612636.6223,POINT (178796.659335073 612636.622320385)
3716,500042,BRT_Pink_W,178796.6593,612636.6223,POINT (178796.659335073 612636.622320385)
3717,500043,BRT_Blue_E,178661.9339,613091.4627,POINT (178661.933922874 613091.462690108)
3718,500043,BRT_Blue_W,178661.9339,613091.4627,POINT (178661.933922874 613091.462690108)
3719,500044,BRT_Blue_E,178536.1191,613302.7774,POINT (178536.119068017 613302.777362404)
3720,500044,BRT_Blue_W,178536.1191,613302.7774,POINT (178536.119068017 613302.777362404)
3721,500045,BRT_Blue_E,178228.6961,613588.1366,POINT (178228.696149406 613588.136619202)
3722,500045,BRT_Blue_W,178228.6961,613588.1366,POINT (178228.696149406 613588.136619202)
3723,500046,BRT_Blue_E,178068.3307,613792.7108,POINT (178068.330709717 613792.71075314)
3724,500046,BRT_Blue_W,178068.3307,613792.7108,POINT (178068.330709717 613792.71075314)
3725,500046,BRT_Pink_E,178068.3307,613792.7108,POINT (178068.330709717 613792.71075314)
3726,500046,BRT_Pink_W,178068.3307,613792.7108,POINT (178068.330709717 613792.71075314)
3727,500047,BRT_Blue_E,178028.6182,614225.9304,POINT (178028.618187992 614225.930400934)
3728,500047,BRT_Blue_W,178028.6182,614225.9304,POINT (178028.618187992 614225.930400934)
3729,500047,BRT_Pink_E,178028.6182,614225.9304,POINT (178028.618187992 614225.930400934)
3730,500047,BRT_Pink_W,178028.6182,614225.9304,POINT (178028.618187992 614225.930400934)
3731,500049,BRT_Pink_E,159486.7301,617349.877,POINT (159486.730127185 617349.8769952)
3732,500049,BRT_Pink_W,159486.7301,617349.877,POINT (159486.730127185 617349.8769952)
3733,500063,BRT_Blue_E,174601.4327,617161.2023,POINT (174601.432699448 617161.20227508)
3734,500063,BRT_Blue_W,174601.4327,617161.2023,POINT (174601.432699448 617161.20227508)
3735,500063,BRT_Pink_E,174601.4327,617161.2023,POINT (174601.432699448 617161.20227508)
3736,500063,BRT_Pink_W,174601.4327,617161.2023,POINT (174601.432699448 617161.20227508)
3737,500064,BRT_Blue_E,172373.4585,617207.7558,POINT (172373.458526692 617207.755846361)
3738,500064,BRT_Blue_W,172373.4585,617207.7558,POINT (172373.458526692 617207.755846361)
3739,500064,BRT_Pink_E,172373.4585,617207.7558,POINT (172373.458526692 617207.755846361)
3740,500064,BRT_Pink_W,172373.4585,617207.7558,POINT (172373.458526692 617207.755846361)
3741,500065,BRT_Blue_E,171710.944,617297.8376,POINT (171710.944033582 617297.837622244)
3742,500065,BRT_Blue_W,171710.944,617297.8376,POINT (171710.944033582 617297.837622244)
3743,500065,BRT_Pink_E,171710.944,617297.8376,POINT (171710.944033582 617297.837622244)
3744,500065,BRT_Pink_W,171710.944,617297.8376,POINT (171710.944033582 617297.837622244)
3745,500066,BRT_Blue_E,169780.3318,617427.1884,POINT (169780.331843843 617427.188438652)
3746,500066,BRT_Blue_W,169780.3318,617427.1884,POINT (169780.331843843 617427.188438652)
3747,500066,BRT_Pink_E,169780.3318,617427.1884,POINT (169780.331843843 617427.188438652)
3748,500066,BRT_Pink_W,169780.3318,617427.1884,POINT (169780.331843843 617427.188438652)
3749,500070,BRT_Blue_E,168132.0977,618132.1295,POINT (168132.097699268 618132.129525205)
3750,500070,BRT_Blue_W,168132.0977,618132.1295,POINT (168132.097699268 618132.129525205)
3751,500070,BRT_Pink_E,168132.0977,618132.1295,POINT (168132.097699268 618132.129525205)
3752,500070,BRT_Pink_W,168132.0977,618132.1295,POINT (168132.097699268 618132.129525205)
3753,500071,BRT_Blue_E,164622.9547,619321.0596,POINT (164622.954681952 619321.059623787)
3754,500071,BRT_Blue_W,164622.9547,619321.0596,POINT (164622.954681952 619321.059623787)
3755,500071,BRT_Pink_E,164622.9547,619321.0596,POINT (164622.954681952 619321.059623787)
3756,500071,BRT_Pink_W,164622.9547,619321.0596,POINT (164622.954681952 619321.059623787)
3757,500072,BRT_Blue_E,162858.4411,619683.2931,POINT (162858.441086783 619683.293094599)
3758,500072,BRT_Blue_W,162858.4411,619683.2931,POINT (162858.441086783 619683.293094599)
3759,500073,BRT_Pink_E,162824.194,619312.4684,POINT (162824.1939826887 619312.468393169)
3760,500073,BRT_Pink_W,162824.194,619312.4684,POINT (162824.1939826887 619312.468393169)
3761,500086,BRT_Blue_W,157974.6614,620694.7745,POINT (157974.661438177 620694.774510422)
3762,500087,BRT_Blue_E,158078.8105,620892.2355,POINT (158078.810480678 620892.235465082)
3763,500087,BRT_Blue_W,158078.8105,620892.2355,POINT (158078.810480678 620892.235465082)
3764,500088,BRT_Blue_E,158303.7441,621213.8609,POINT (158303.744096227 621213.860862462)
3765,500088,BRT_Blue_W,158303.7441,621213.8609,POINT (158303.744096227 621213.860862462)
3766,500089,BRT_Blue_E,158656.114,621508.8941,POINT (158656.114047128 621508.894104589)
3767,500089,BRT_Blue_W,158656.114,621508.8941,POINT (158656.114047128 621508.894104589)
3768,500090,BRT_Blue_E,159041.0904,621540.6369,POINT (159041.090381595 621540.636913551)
3769,500090,BRT_Blue_W,159041.0904,621540.6369,POINT (159041.090381595 621540.636913551)
3770,500091,BRT_Blue_E,159647.9686,621119.3661,POINT (159647.968604795 621119.366057274)
3771,500091,BRT_Blue_W,159647.9686,621119.3661,POINT (159647.968604795 621119.366057274)
3772,500092,BRT_Blue_E,159983.279,620718.2959,POINT (159983.278963932 620718.295875769)
3773,500092,BRT_Blue_W,159983.279,620718.2959,POINT (159983.278963932 620718.295875769)
3774,500093,BRT_Blue_E,160473.6521,620396.4906,POINT (160473.652118628 620396.490632494)
3775,500093,BRT_Blue_W,160473.6521,620396.4906,POINT (160473.652118628 620396.490632494)
3776,500094,BRT_Blue_E,160764.7257,620362.4476,POINT (160764.725675727 620362.447635672)
3777,500094,BRT_Blue_W,160764.7257,620362.4476,POINT (160764.725675727 620362.447635672)
3778,500095,BRT_Blue_E,161195.7345,620471.739,POINT (161195.734471166 620471.739029405)
3779,500095,BRT_Blue_W,161195.7345,620471.739,POINT (161195.734471166 620471.739029405)
3780,500096,BRT_Blue_E,161488.4664,620690.4945,POINT (161488.466449242 620690.494535556)
3781,500096,BRT_Blue_W,161488.4664,620690.4945,POINT (161488.466449242 620690.494535556)
3782,500097,BRT_Blue_E,161818.9058,620937.6745,POINT (161818.905783085 620937.674454912)
3783,500097,BRT_Blue_W,161818.9058,620937.6745,POINT (161818.905783085 620937.674454912)
3784,500098,BRT_Blue_E,162297.8451,620995.1231,POINT (162297.845058388 620995.123056997)
3785,500098,BRT_Blue_W,162297.8451,620995.1231,POINT (162297.845058388 620995.123056997)
3786,500099,BRT_Blue_E,162797.9903,621039.3104,POINT (162797.990298958 621039.310358862)
3787,500099,BRT_Blue_W,162797.9903,621039.3104,POINT (162797.990298958 621039.310358862)
3788,500100,BRT_Blue_E,163099.5413,620623.9154,POINT (163099.541327815 620623.915393138)
3789,500100,BRT_Blue_W,163099.5413,620623.9154,POINT (163099.541327815 620623.915393138)
3790,500109,BRT_Pink_E,161699.9824,618793.9471,POINT (161699.98235147 618793.947143452)
3791,500109,BRT_Pink_W,161699.9824,618793.9471,POINT (161699.98235147 618793.947143452)
3792,500188,BRT_Pink_E,157240.5857,616525.8344,POINT (157240.585749761 616525.83443351)
3793,500193,BRT_Pink_E,159437.532,617805.757,POINT (159437.532017488 617805.756952111)
3794,500193,BRT_Pink_W,159437.532,617805.757,POINT (159437.532017488 617805.756952111)
3795,500205,BRT_Pink_E,157586.5976,616478.4642,POINT (157586.597635649 616478.464203884)
3796,500205,BRT_Pink_W,157586.5976,616478.4642,POINT (157586.597635649 616478.464203884)
3797,500206,BRT_Pink_E,158110.4477,616258.3167,POINT (158110.447709792 616258.316682266)
3798,500206,BRT_Pink_W,158110.4477,616258.3167,POINT (158110.447709792 616258.316682266)
3799,500207,BRT_Pink_E,157934.2532,615704.4327,POINT (157934.253234443 615704.432663954)
3800,500207,BRT_Pink_W,157934.2532,615704.4327,POINT (157934.253234443 615704.432663954)
3801,500208,BRT_Pink_E,159228.6572,615514.0093,POINT (159228.657216003 615514.009303231)
3802,500208,BRT_Pink_W,159228.6572,615514.0093,POINT (159228.657216003 615514.009303231)
3803,500209,BRT_Pink_E,160436.8564,617513.42,POINT (160436.856355016 617513.420046514)
3804,500209,BRT_Pink_W,160436.8564,617513.42,POINT (160436.856355016 617513.420046514)
3805,500210,BRT_Pink_E,161077.7072,617509.0189,POINT (161077.707230304 617509.018886488)
3806,500210,BRT_Pink_W,161077.7072,617509.0189,POINT (161077.707230304 617509.018886488)
3807,500211,BRT_Pink_E,162493.8459,618694.609,POINT (162493.845856189 618694.608974432)
3808,500211,BRT_Pink_W,162493.8459,618694.609,POINT (162493.845856189 618694.608974432)
3809,500212,BRT_Pink_E,162963.879,619414.9341,POINT (162963.87900261 619414.934140186)
3810,500212,BRT_Pink_W,162963.879,619414.9341,POINT (162963.87900261 619414.934140186)
3811,500214,BRT_Pink_E,178204.8217,614377.6797,POINT (178204.821729673 614377.679744037)
3812,500214,BRT_Pink_W,178204.8217,614377.6797,POINT (178204.821729673 614377.679744037)
3813,500215,BRT_Pink_E,177508.103,613497.4146,POINT (177508.102982113 613497.414601677)
3814,500215,BRT_Pink_W,177508.103,613497.4146,POINT (177508.102982113 613497.414601677)
3815,500216,BRT_Pink_E,177045.8504,613441.6632,POINT (177045.850378359 613441.663169053)
3816,500216,BRT_Pink_W,177045.8504,613441.6632,POINT (177045.850378359 613441.663169053)
3817,500217,BRT_Pink_E,177157.8734,612939.3947,POINT (177157.873387779 612939.394729241)
3818,500217,BRT_Pink_W,177157.8734,612939.3947,POINT (177157.873387779 612939.394729241)
3819,500218,BRT_Pink_E,177238.1111,612478.957,POINT (177238.111145212 612478.956970721)
3820,500218,BRT_Pink_W,177238.1111,612478.957,POINT (177238.111145212 612478.956970721)
3821,500219,BRT_Pink_E,177355.4753,612082.315,POINT (177355.475318781 612082.314953962)
3822,500219,BRT_Pink_W,177355.4753,612082.315,POINT (177355.475318781 612082.314953962)
3823,500220,BRT_Pink_E,177717.1015,612176.6902,POINT (177717.101493304 612176.69015287)
3824,500220,BRT_Pink_W,177717.1015,612176.6902,POINT (177717.101493304 612176.69015287)
3825,500221,BRT_Pink_E,178454.9009,612316.9488,POINT (178454.900856896 612316.948781503)
3826,500221,BRT_Pink_W,178454.9009,612316.9488,POINT (178454.900856896 612316.948781503)
3827,500222,BRT_Blue_E,178977.3649,612406.3237,POINT (178977.364877083 612406.323738052)
3828,500222,BRT_Blue_W,178977.3649,612406.3237,POINT (178977.364877083 612406.323738052)
3829,500222,BRT_Pink_E,178977.3649,612406.3237,POINT (178977.364877083 612406.323738052)
3830,500222,BRT_Pink_W,178977.3649,612406.3237,POINT (178977.364877083 612406.323738052)
3831,500223,BRT_Pink_E,179987.5131,612055.281,POINT (179987.51314506 612055.281014202)
3832,500223,BRT_Pink_W,179987.5131,612055.281,POINT (179987.51314506 612055.281014202)
3833,500224,BRT_Pink_E,179850.5588,611488.98,POINT (179850.558816485 611488.979989732)
3834,500224,BRT_Pink_W,179850.5588,611488.98,POINT (179850.558816485 611488.979989732)
3835,500225,BRT_Pink_E,179877.239,611055.4867,POINT (179877.238976216 611055.486697306)
3836,500225,BRT_Pink_W,179877.239,611055.4867,POINT (179877.238976216 611055.486697306)
3837,500233,BRT_Blue_E,180582.835,611191.8454,POINT (180582.834987075 611191.84536394)
3838,500233,BRT_Pink_W,180582.835,611191.8454,POINT (180582.834987075 611191.84536394)
3839,500237,BRT_Blue_E,177037.9574,615141.3485,POINT (177037.957354785 615141.348489361)
3840,500237,BRT_Blue_W,177037.9574,615141.3485,POINT (177037.957354785 615141.348489361)
3841,500237,BRT_Pink_E,177037.9574,615141.3485,POINT (177037.957354785 615141.348489361)
3842,500237,BRT_Pink_W,177037.9574,615141.3485,POINT (177037.957354785 615141.348489361)
3843,500238,BRT_Blue_E,180565.3357,610644.7037,POINT (180565.335680198 610644.703652486)
3844,500238,BRT_Blue_W,180565.3357,610644.7037,POINT (180565.335680198 610644.703652486)
3845,512073,Light-Blue_S,176165.9537,640990.6824,POINT (176165.95370621336 640990.682403514)
3846,512073,Turquoise_N,176165.9537,640990.6824,POINT (176165.95370621336 640990.682403514)
3847,512073,Turquoise_S,176165.9537,640990.6824,POINT (176165.95370621336 640990.682403514)
3848,512077,Orange_N,159676.7102,619002.5689,POINT (159676.71021000002 619002.5688890001)
3849,512077,Orange_S,159676.7102,619002.5689,POINT (159676.71021000002 619002.5688890001)
3850,512077,RedN,159676.7102,619002.5689,POINT (159676.71021000002 619002.5688890001)
3851,512077,RedS,159676.7102,619002.5689,POINT (159676.71021000002 619002.5688890001)
3852,512078,Orange_N,163951.3206,623831.4349,POINT (163951.32062299998 623831.434914)
3853,512078,Orange_S,163951.3206,623831.4349,POINT (163951.32062299998 623831.434914)
3854,512078,RedN,163951.3206,623831.4349,POINT (163951.32062299998 623831.434914)
3855,512078,RedS,163951.3206,623831.4349,POINT (163951.32062299998 623831.434914)
3856,512081,Turquoise_N,175259.6669,639864.7798,POINT (175259.6668977776 639864.7798290221)
3857,512081,Turquoise_S,175259.6669,639864.7798,POINT (175259.6668977776 639864.7798290221)
3858,512082,Turquoise_N,175589.8201,640536.7641,POINT (175589.820131 640536.7641439999)
3859,512082,Turquoise_S,175589.8201,640536.7641,POINT (175589.820131 640536.7641439999)
3860,512087,RedN,161138.8194,618882.0324,POINT (161138.81943099998 618882.032408)
3861,512087,RedS,161138.8194,618882.0324,POINT (161138.81943099998 618882.032408)
3862,512088,Orange_N,159752.3135,620072.1563,POINT (159752.313513577 620072.1563349897)
3863,512088,Orange_S,159752.3135,620072.1563,POINT (159752.313513577 620072.1563349897)
3864,512089,Orange_N,159971.544,620507.5997,POINT (159971.543966 620507.5997119999)
3865,512089,Orange_S,159971.544,620507.5997,POINT (159971.543966 620507.5997119999)
3866,512094,Orange_N,159443.3347,617816.8521,POINT (159443.33468799997 617816.8521360001)
3867,512094,Orange_S,159443.3347,617816.8521,POINT (159443.33468799997 617816.8521360001)
3868,512095,Orange_N,162241.2174,622431.3284,POINT (162241.21743100003 622431.328449)
3869,512095,Orange_S,162241.2174,622431.3284,POINT (162241.21743100003 622431.328449)
3870,512095,RedN,162241.2174,622431.3284,POINT (162241.21743100003 622431.328449)
3871,512095,RedS,162241.2174,622431.3284,POINT (162241.21743100003 622431.328449)
3872,512097,Orange_N,166674.6233,632836.536,POINT (166674.62329599998 632836.536038)
3873,512097,Orange_S,166674.6233,632836.536,POINT (166674.62329599998 632836.536038)
3874,512097,RedN,166674.6233,632836.536,POINT (166674.62329599998 632836.536038)
3875,512097,RedS,166674.6233,632836.536,POINT (166674.62329599998 632836.536038)
3876,512100,RedN,161634.9641,618756.754,POINT (161634.964139 618756.753999)
3877,512100,RedS,161634.9641,618756.754,POINT (161634.964139 618756.753999)
3878,512105,Orange_N,166105.7551,633159.4221,POINT (166105.75514700002 633159.4221419999)
3879,512105,Orange_S,166105.7551,633159.4221,POINT (166105.75514700002 633159.4221419999)
3880,512105,RedN,166105.7551,633159.4221,POINT (166105.75514700002 633159.4221419999)
3881,512105,RedS,166105.7551,633159.4221,POINT (166105.75514700002 633159.4221419999)
3882,512108,Light-Blue_S,175802.1074,641812.4229,POINT (175802.10742702076 641812.4229377221)
3883,512110,Light-Blue_S,179023.0115,644069.7912,POINT (179023.0115098267 644069.7911663527)
3884,512110,Turquoise_N,179023.0115,644069.7912,POINT (179023.0115098267 644069.7911663527)
3885,512110,Turquoise_S,179023.0115,644069.7912,POINT (179023.0115098267 644069.7911663527)
3886,512111,Light-Blue_S,181513.8812,646368.4966,POINT (181513.8812413341 646368.4966024169)
3887,512111,Turquoise_N,181513.8812,646368.4966,POINT (181513.8812413341 646368.4966024169)
3888,512111,Turquoise_S,181513.8812,646368.4966,POINT (181513.8812413341 646368.4966024169)
3889,512117,Light-Blue_S,180269.9905,644515.0102,POINT (180269.990548 644515.010208)
3890,512117,Turquoise_N,180269.9905,644515.0102,POINT (180269.990548 644515.010208)
3891,512117,Turquoise_S,180269.9905,644515.0102,POINT (180269.990548 644515.010208)
3892,512118,Light-Blue_S,177809.9985,642848.2791,POINT (177809.99853977238 642848.2790975763)
3893,512118,Turquoise_N,177809.9985,642848.2791,POINT (177809.99853977238 642848.2790975763)
3894,512118,Turquoise_S,177809.9985,642848.2791,POINT (177809.99853977238 642848.2790975763)
3895,512120,Orange_N,165611.9911,625946.5595,POINT (165611.99113287986 625946.5594818895)
3896,512120,Orange_S,165611.9911,625946.5595,POINT (165611.99113287986 625946.5594818895)
3897,512120,RedN,165611.9911,625946.5595,POINT (165611.99113287986 625946.5594818895)
3898,512120,RedS,165611.9911,625946.5595,POINT (165611.99113287986 625946.5594818895)
3899,512121,RedN,167489.2027,635902.655,POINT (167489.20272100004 635902.65501)
3900,512121,RedS,167489.2027,635902.655,POINT (167489.20272100004 635902.65501)
3901,512122,RedN,167182.3749,635490.1194,POINT (167182.37486799998 635490.119383)
3902,512122,RedS,167182.3749,635490.1194,POINT (167182.37486799998 635490.119383)
3903,512123,RedN,166798.9629,634610.8541,POINT (166798.962884 634610.8540530001)
3904,512123,RedS,166798.9629,634610.8541,POINT (166798.962884 634610.8540530001)
3905,512124,RedN,166261.618,633703.4619,POINT (166261.618026 633703.4618820002)
3906,512124,RedS,166261.618,633703.4619,POINT (166261.618026 633703.4618820002)
3907,512132,Orange_N,168034.4889,632047.0488,POINT (168034.48885603363 632047.0487948293)
3908,512132,Orange_S,168034.4889,632047.0488,POINT (168034.48885603363 632047.0487948293)
3909,512132,RedN,168034.4889,632047.0488,POINT (168034.48885603363 632047.0487948293)
3910,512132,RedS,168034.4889,632047.0488,POINT (168034.48885603363 632047.0487948293)
3911,512133,Orange_N,159550.2161,618359.8874,POINT (159550.21614301004 618359.8873725319)
3912,512133,Orange_S,159550.2161,618359.8874,POINT (159550.21614301004 618359.8873725319)
3913,512134,Orange_N,168462.8422,631444.6611,POINT (168462.84224300002 631444.661111)
3914,512134,Orange_S,168462.8422,631444.6611,POINT (168462.84224300002 631444.661111)
3915,512134,RedN,168462.8422,631444.6611,POINT (168462.84224300002 631444.661111)
3916,512134,RedS,168462.8422,631444.6611,POINT (168462.84224300002 631444.661111)
3917,512146,Light-Blue_S,177090.4598,642158.2536,POINT (177090.459778 642158.2535789999)
3918,512146,Turquoise_N,177090.4598,642158.2536,POINT (177090.459778 642158.2535789999)
3919,512146,Turquoise_S,177090.4598,642158.2536,POINT (177090.459778 642158.2535789999)
3920,512147,Orange_N,167567.3338,632338.3461,POINT (167567.333821 632338.3460520002)
3921,512147,Orange_S,167567.3338,632338.3461,POINT (167567.333821 632338.3460520002)
3922,512147,RedN,167567.3338,632338.3461,POINT (167567.333821 632338.3460520002)
3923,512147,RedS,167567.3338,632338.3461,POINT (167567.333821 632338.3460520002)
3924,512148,RedN,162051.0517,619787.9216,POINT (162051.051705 619787.9216150001)
3925,512148,RedS,162051.0517,619787.9216,POINT (162051.051705 619787.9216150001)
3926,512149,Orange_N,157942.2802,617240.3797,POINT (157942.28020285975 617240.3797072705)
3927,512149,Orange_S,157942.2802,617240.3797,POINT (157942.28020285975 617240.3797072705)
3928,512149,RedN,157942.2802,617240.3797,POINT (157942.28020285975 617240.3797072705)
3929,512149,RedS,157942.2802,617240.3797,POINT (157942.28020285975 617240.3797072705)
3930,512150,Light-Blue_S,180843.8139,644820.4453,POINT (180843.813949989 644820.445281979)
3931,512151,Light-Blue_S,181259.2131,645061.1818,POINT (181259.213126689 645061.181789365)
3932,512155,RedN,160668.7175,618962.4002,POINT (160668.71747100004 618962.4002479999)
3933,512155,RedS,160668.7175,618962.4002,POINT (160668.71747100004 618962.4002479999)
3934,512156,RedN,160137.6006,618967.1186,POINT (160137.60062500002 618967.118611)
3935,512156,RedS,160137.6006,618967.1186,POINT (160137.60062500002 618967.118611)
3936,512157,RedN,161929.7086,619326.703,POINT (161929.70858 619326.702997)
3937,512157,RedS,161929.7086,619326.703,POINT (161929.70858 619326.702997)
3938,512160,Light-Blue_S,181161.4008,645718.398,POINT (181161.400835365 645718.397963343)
3939,512161,Light-Blue_S,181664.3053,646425.7674,POINT (181664.305307211 646425.767399656)
3940,512161,Turquoise_S,181664.3053,646425.7674,POINT (181664.305307211 646425.767399656)
3941,512162,Light-Blue_S,178266.7856,643307.7301,POINT (178266.78561807817 643307.7300746879)
3942,512162,Turquoise_N,178266.7856,643307.7301,POINT (178266.78561807817 643307.7300746879)
3943,512162,Turquoise_S,178266.7856,643307.7301,POINT (178266.78561807817 643307.7300746879)
3944,512163,Orange_N,158539.3434,617652.5872,POINT (158539.34339999998 617652.5871979998)
3945,512163,Orange_S,158539.3434,617652.5872,POINT (158539.34339999998 617652.5871979998)
3946,512164,Orange_N,158979.4417,617899.5243,POINT (158979.441703 617899.5242570001)
3947,512164,Orange_S,158979.4417,617899.5243,POINT (158979.441703 617899.5242570001)
3948,512165,Orange_N,157537.7037,617028.7451,POINT (157537.70373 617028.7451449999)
3949,512165,Orange_S,157537.7037,617028.7451,POINT (157537.70373 617028.7451449999)
3950,512165,RedN,157537.7037,617028.7451,POINT (157537.70373 617028.7451449999)
3951,512165,RedS,157537.7037,617028.7451,POINT (157537.70373 617028.7451449999)
3952,512166,Orange_N,157175.6518,616506.9097,POINT (157175.65176199996 616506.909731)
3953,512166,Orange_S,157175.6518,616506.9097,POINT (157175.65176199996 616506.909731)
3954,512166,RedN,157175.6518,616506.9097,POINT (157175.65176199996 616506.909731)
3955,512166,RedS,157175.6518,616506.9097,POINT (157175.65176199996 616506.909731)
3956,512167,Orange_N,159728.7529,619476.7182,POINT (159728.75292468048 619476.7182221558)
3957,512167,Orange_S,159728.7529,619476.7182,POINT (159728.75292468048 619476.7182221558)
3958,512175,RedN,162039.2829,620185.2955,POINT (162039.28286634956 620185.2954918657)
3959,512175,RedS,162039.2829,620185.2955,POINT (162039.28286634956 620185.2954918657)
3960,512177,Orange_N,161741.2663,621111.5761,POINT (161741.26629954376 621111.5760841245)
3961,512177,Orange_S,161741.2663,621111.5761,POINT (161741.26629954376 621111.5760841245)
3962,512178,RedN,161916.4105,621616.4808,POINT (161916.4105492875 621616.4807935333)
3963,512178,RedS,161916.4105,621616.4808,POINT (161916.4105492875 621616.4807935333)
3964,512179,RedN,162044.6429,622022.8943,POINT (162044.64291900003 622022.8943099999)
3965,512179,RedS,162044.6429,622022.8943,POINT (162044.64291900003 622022.8943099999)
3966,512180,Orange_N,162562.9388,622704.0758,POINT (162562.938828 622704.075814)
3967,512180,Orange_S,162562.9388,622704.0758,POINT (162562.938828 622704.075814)
3968,512180,RedN,162562.9388,622704.0758,POINT (162562.938828 622704.075814)
3969,512180,RedS,162562.9388,622704.0758,POINT (162562.938828 622704.075814)
3970,512181,Orange_N,162996.7864,622840.2668,POINT (162996.786394 622840.2668150001)
3971,512181,Orange_S,162996.7864,622840.2668,POINT (162996.786394 622840.2668150001)
3972,512181,RedN,162996.7864,622840.2668,POINT (162996.786394 622840.2668150001)
3973,512181,RedS,162996.7864,622840.2668,POINT (162996.786394 622840.2668150001)
3974,512183,Orange_N,163485.5812,622908.0642,POINT (163485.58119099998 622908.06418)
3975,512183,Orange_S,163485.5812,622908.0642,POINT (163485.58119099998 622908.06418)
3976,512183,RedN,163485.5812,622908.0642,POINT (163485.58119099998 622908.06418)
3977,512183,RedS,163485.5812,622908.0642,POINT (163485.58119099998 622908.06418)
3978,512184,Orange_N,163800.639,623334.1864,POINT (163800.63897600002 623334.186383)
3979,512184,Orange_S,163800.639,623334.1864,POINT (163800.63897600002 623334.186383)
3980,512184,RedN,163800.639,623334.1864,POINT (163800.63897600002 623334.186383)
3981,512184,RedS,163800.639,623334.1864,POINT (163800.63897600002 623334.186383)
3982,512185,Orange_N,168096.1364,631645.4903,POINT (168096.13635699442 631645.4903199594)
3983,512185,Orange_S,168096.1364,631645.4903,POINT (168096.13635699442 631645.4903199594)
3984,512185,RedN,168096.1364,631645.4903,POINT (168096.13635699442 631645.4903199594)
3985,512185,RedS,168096.1364,631645.4903,POINT (168096.13635699442 631645.4903199594)
3986,512190,Orange_N,167139.0972,632577.3297,POINT (167139.09722700002 632577.329661)
3987,512190,Orange_S,167139.0972,632577.3297,POINT (167139.09722700002 632577.329661)
3988,512190,RedN,167139.0972,632577.3297,POINT (167139.09722700002 632577.329661)
3989,512190,RedS,167139.0972,632577.3297,POINT (167139.09722700002 632577.329661)
3990,512192,RedN,166562.4535,634215.192,POINT (166562.45349599994 634215.1920459999)
3991,512192,RedS,166562.4535,634215.192,POINT (166562.45349599994 634215.1920459999)
3992,512193,RedN,167003.1484,635067.1655,POINT (167003.148401 635067.165459)
3993,512193,RedS,167003.1484,635067.1655,POINT (167003.148401 635067.165459)
3994,512195,RedN,167728.4028,636276.5735,POINT (167728.402819 636276.57348)
3995,512195,RedS,167728.4028,636276.5735,POINT (167728.402819 636276.57348)
3996,512213,RedN,159167.5473,619156.6225,POINT (159167.54732300004 619156.6224999999)
3997,512213,RedS,159167.5473,619156.6225,POINT (159167.54732300004 619156.6224999999)
3998,512214,RedN,158636.3992,619252.4272,POINT (158636.39921299997 619252.4272260001)
3999,512214,RedS,158636.3992,619252.4272,POINT (158636.39921299997 619252.4272260001)
4000,512228,Turquoise_N,174704.957,639360.387,POINT (174704.956985 639360.387022)
4001,512230,Light-Blue_S,175694.2805,641443.8397,POINT (175694.28051131038 641443.8397285527)
4002,512231,Light-Blue_S,175879.4264,641011.8885,POINT (175879.4263621552 641011.8885403294)
4003,512232,Light-Blue_S,179410.8023,644140.3462,POINT (179410.80233605226 644140.346150748)
4004,512232,Turquoise_N,179410.8023,644140.3462,POINT (179410.80233605226 644140.346150748)
4005,512232,Turquoise_S,179410.8023,644140.3462,POINT (179410.80233605226 644140.346150748)
4006,512233,Light-Blue_S,179769.9728,644312.9088,POINT (179769.972768 644312.9088260002)
4007,512233,Turquoise_N,179769.9728,644312.9088,POINT (179769.972768 644312.9088260002)
4008,512233,Turquoise_S,179769.9728,644312.9088,POINT (179769.972768 644312.9088260002)
4009,512234,Turquoise_N,180373.9268,645021.3425,POINT (180373.926849 645021.342539)
4010,512234,Turquoise_S,180373.9268,645021.3425,POINT (180373.926849 645021.342539)
4011,512235,Turquoise_N,180477.9803,645700.7649,POINT (180477.9802751363 645700.7649055825)
4012,512235,Turquoise_S,180477.9803,645700.7649,POINT (180477.9802751363 645700.7649055825)
4013,512236,Turquoise_N,180910.7438,646157.298,POINT (180910.74377890225 646157.2979764985)
4014,512236,Turquoise_S,180910.7438,646157.298,POINT (180910.74377890225 646157.2979764985)
4015,512237,Light-Blue_S,175763.3131,642129.8639,POINT (175763.31308599998 642129.8639410001)
4016,512238,Light-Blue_S,175520.4891,642438.3487,POINT (175520.48905499998 642438.3487340001)
4017,512240,Light-Blue_S,175107.2003,642630.0976,POINT (175107.20033954913 642630.0976399909)
4018,512241,Light-Blue_S,174987.1961,643596.6565,POINT (174987.19607111884 643596.6565068775)
4019,512242,Light-Blue_S,174982.8007,644080.8258,POINT (174982.80068661465 644080.8257850882)
4020,512249,Light-Blue_S,174862.3358,643046.4426,POINT (174862.33575816912 643046.4425879122)
4021,512267,Turquoise_N,174937.0562,639596.6151,POINT (174937.05615611587 639596.6151192512)
4022,512267,Turquoise_S,174937.0562,639596.6151,POINT (174937.05615611587 639596.6151192512)
4023,512268,Turquoise_N,175420.1138,640217.7429,POINT (175420.11376352562 640217.74285096)
4024,512268,Turquoise_S,175420.1138,640217.7429,POINT (175420.11376352562 640217.74285096)
4025,512269,RedS,168625.0708,636722.5884,POINT (168625.070782402 636722.588357645)
4026,512270,RedN,168253.0805,636500.776,POINT (168253.080463138 636500.775989117)
4027,512270,RedS,168253.0805,636500.776,POINT (168253.080463138 636500.775989117)
4028,512272,Orange_N,168597.3182,630032.8874,POINT (168597.31822695272 630032.8874224154)
4029,512272,Orange_S,168597.3182,630032.8874,POINT (168597.31822695272 630032.8874224154)
4030,512272,RedN,168597.3182,630032.8874,POINT (168597.31822695272 630032.8874224154)
4031,512272,RedS,168597.3182,630032.8874,POINT (168597.31822695272 630032.8874224154)
4032,512273,Orange_N,168189.4386,629114.2052,POINT (168189.43864951673 629114.2052377864)
4033,512273,Orange_S,168189.4386,629114.2052,POINT (168189.43864951673 629114.2052377864)
4034,512273,RedN,168189.4386,629114.2052,POINT (168189.43864951673 629114.2052377864)
4035,512273,RedS,168189.4386,629114.2052,POINT (168189.43864951673 629114.2052377864)
4036,512274,Orange_N,166549.8923,627843.2841,POINT (166549.89233363312 627843.2840572157)
4037,512274,Orange_S,166549.8923,627843.2841,POINT (166549.89233363312 627843.2840572157)
4038,512274,RedN,166549.8923,627843.2841,POINT (166549.89233363312 627843.2840572157)
4039,512274,RedS,166549.8923,627843.2841,POINT (166549.89233363312 627843.2840572157)
4040,512275,Orange_N,162475.542,621269.7581,POINT (162475.54197349976 621269.7580978373)
4041,512275,Orange_S,162475.542,621269.7581,POINT (162475.54197349976 621269.7580978373)
4042,512275,RedN,162475.542,621269.7581,POINT (162475.54197349976 621269.7580978373)
4043,512275,RedS,162475.542,621269.7581,POINT (162475.54197349976 621269.7580978373)
4044,512276,RedN,162261.2289,621483.9477,POINT (162261.2289391453 621483.9476973742)
4045,512276,RedS,162261.2289,621483.9477,POINT (162261.2289391453 621483.9476973742)
4046,512278,RedN,162272.3653,620395.6758,POINT (162272.3652508075 620395.675818447)
4047,512278,RedS,162272.3653,620395.6758,POINT (162272.3652508075 620395.675818447)
4048,512279,RedN,158624.96,618993.347,POINT (158624.96003640714 618993.3470194192)
4049,512279,RedS,158624.96,618993.347,POINT (158624.96003640714 618993.3470194192)
4050,512280,RedN,158429.0226,618535.0417,POINT (158429.02263644387 618535.041699454)
4051,512280,RedS,158429.0226,618535.0417,POINT (158429.02263644387 618535.041699454)
4052,512281,RedN,157897.1154,618146.9126,POINT (157897.115398414 618146.91259554)
4053,512281,RedS,157897.1154,618146.9126,POINT (157897.115398414 618146.91259554)
4054,512282,RedN,158063.3579,617816.8603,POINT (158063.3579187367 617816.8603281247)
4055,512282,RedS,158063.3579,617816.8603,POINT (158063.3579187367 617816.8603281247)
4056,512283,Orange_N,158263.9702,617431.5775,POINT (158263.97015666 617431.577497531)
4057,512283,Orange_S,158263.9702,617431.5775,POINT (158263.97015666 617431.577497531)
4058,512283,RedN,158263.9702,617431.5775,POINT (158263.97015666 617431.577497531)
4059,512283,RedS,158263.9702,617431.5775,POINT (158263.97015666 617431.577497531)
4060,512284,Orange_N,157143.603,615823.4253,POINT (157143.6030397222 615823.4253220756)
4061,512284,Orange_S,157143.603,615823.4253,POINT (157143.6030397222 615823.4253220756)
4062,512284,RedN,157143.603,615823.4253,POINT (157143.6030397222 615823.4253220756)
4063,512284,RedS,157143.603,615823.4253,POINT (157143.6030397222 615823.4253220756)
4064,512285,Orange_N,158536.3153,615647.9996,POINT (158536.3153198709 615647.9995673373)
4065,512285,RedN,158536.3153,615647.9996,POINT (158536.3153198709 615647.9995673373)
4066,512286,Orange_S,166003.9396,633428.4834,POINT (166003.93957812787 633428.4834092995)
4067,512288,Orange_N,162559.6293,621726.2816,POINT (162559.629346546 621726.281632899)
4068,512288,Orange_S,162559.6293,621726.2816,POINT (162559.629346546 621726.281632899)
4069,512289,Orange_N,162478.8126,622138.0119,POINT (162478.812645346 622138.011938585)
4070,512289,Orange_S,162478.8126,622138.0119,POINT (162478.812645346 622138.011938585)
4071,51006,LRT10,221854.4309,635734.1979,POINT (221854.4309 635734.1979)
4072,51007,LRT10,222136.8319,635379.7362,POINT (222136.8319 635379.7362)
4073,51009,LRT10,222277.6546,634749.4966,POINT (222277.6546 634749.4966)
4074,51010,LRT10,222068.2869,634041.8656,POINT (222068.2869 634041.8656)
4075,51012,LRT10,221528.1936,633366.9097,POINT (221528.1936 633366.9097)
4076,51013,LRT10,221605.1938,632620.9821,POINT (221605.1938 632620.9821)
4077,51014,LRT10,221673.3835,632192.2709,POINT (221673.3835 632192.2709)
4078,51018,LRT9,220766.0895,632246.2303,POINT (220766.0895 632246.2303)
4079,51019,LRT9,220473.9714,632431.6272,POINT (220473.9714 632431.6272)
4080,51020,LRT9,220115.1767,632591.4181,POINT (220115.1767 632591.4181)
4081,51021,LRT9,219688.9636,632791.8999,POINT (219688.9636 632791.8999)
4082,51022,LRT9,219277.3891,632862.3853,POINT (219277.3891 632862.3853)
4083,51103,LRT9,219097.941,632458.8069,POINT (219097.941 632458.8069)
4084,51211,LRT10,221729.6307,637424.3495,POINT (221729.6307 637424.3495)
4085,51212,LRT10,221677.974,637831.0482,POINT (221677.974 637831.0482)
4086,51213,LRT10,221839.1809,638373.5803,POINT (221839.1809 638373.5803)
4087,51216,LRT10,221568.1315,638801.832,POINT (221568.1315 638801.832)
4088,51218,LRT10,221120.5442,639613.5473,POINT (221120.5442 639613.5473)
4089,51220,LRT10,221246.8344,639286.7353,POINT (221246.8344 639286.7353)
4090,51221,LRT10,220579.7418,640329.1651,POINT (220579.7418 640329.1651)
4091,51224,LRT10,221462.5977,640997.1936,POINT (221462.5977 640997.1936)
4092,51225,LRT10,220581.1381,640820.7411,POINT (220581.1381 640820.7411)
4093,51231,LRT9,221503.9078,631540.0449,POINT (221503.9078 631540.0449)
4094,51233,LRT9,222219.455,631286.8532,POINT (222219.455 631286.8532)
4095,51236,LRT9,219213.8536,632045.5911,POINT (219213.8536 632045.5911)
4096,51237,LRT9,219376.2023,631615.6953,POINT (219376.2023 631615.6953)
4097,51238,LRT9,219472.2991,631283.5896,POINT (219472.2991 631283.5896)
4098,51272,LRT10,222310.632,632308.854,POINT (222310.632 632308.854)
4099,51276,LRT10,221663.342,636612.9988,POINT (221663.342 636612.9988)
4100,50113,LRT31,220916.3301,627803.3756,POINT (220916.3301 627803.3756)
4101,50114,LRT31,221509.0428,627653.7951,POINT (221509.0428 627653.7951)
4102,50115,LRT31,222200.434,627700.4723,POINT (222200.434 627700.4723)
4103,50117,LRT31,222313.8164,628544.381,POINT (222313.8164 628544.381)
4104,50118,LRT31,222313.8164,628544.381,POINT (222313.8164 628544.381)
4105,51001,LRT11,222667.6785,637351.8944,POINT (222667.6785 637351.8944)
4106,51001,LRT51,222667.6785,637351.8944,POINT (222667.6785 637351.8944)
4107,51002,LRT11,222840.256,637035.3864,POINT (222840.256 637035.3864)
4108,51002,LRT51,222840.256,637035.3864,POINT (222840.256 637035.3864)
4109,51003,LRT11,222595.5114,636770.0943,POINT (222595.5114 636770.0943)
4110,51003,LRT51,222595.5114,636770.0943,POINT (222595.5114 636770.0943)
4111,51004,LRT11,222754.3023,636285.716,POINT (222754.3023 636285.716)
4112,51004,LRT51,222754.3023,636285.716,POINT (222754.3023 636285.716)
4113,51005,LRT11,221790.1412,636334.4803,POINT (221790.1412 636334.4803)
4114,51005,LRT51,221790.1412,636334.4803,POINT (221790.1412 636334.4803)
4115,51006,LRT11,221854.4309,635734.1979,POINT (221854.4309 635734.1979)
4116,51006,LRT51,221854.4309,635734.1979,POINT (221854.4309 635734.1979)
4117,51007,LRT11,222136.8319,635379.7362,POINT (222136.8319 635379.7362)
4118,51007,LRT51,222136.8319,635379.7362,POINT (222136.8319 635379.7362)
4119,51009,LRT11,222277.6546,634749.4966,POINT (222277.6546 634749.4966)
4120,51009,LRT51,222277.6546,634749.4966,POINT (222277.6546 634749.4966)
4121,51010,LRT11,222068.2869,634041.8656,POINT (222068.2869 634041.8656)
4122,51010,LRT51,222068.2869,634041.8656,POINT (222068.2869 634041.8656)
4123,51012,LRT11,221528.1936,633366.9097,POINT (221528.1936 633366.9097)
4124,51013,LRT11,221605.1938,632620.9821,POINT (221605.1938 632620.9821)
4125,51014,LRT11,221673.3835,632192.2709,POINT (221673.3835 632192.2709)
4126,51014,LRT31,221673.3835,632192.2709,POINT (221673.3835 632192.2709)
4127,51015,LRT71,219743.7859,628858.3081,POINT (219743.7859 628858.3081)
4128,51015,LRT31,219743.7859,628858.3081,POINT (219743.7859 628858.3081)
4129,51016,LRT11,221306.4251,631880.9309,POINT (221306.4251 631880.9309)
4130,51016,LRT31,221306.4251,631880.9309,POINT (221306.4251 631880.9309)
4131,51018,LRT11,220766.0895,632246.2303,POINT (220766.0895 632246.2303)
4132,51018,LRT31,220766.0895,632246.2303,POINT (220766.0895 632246.2303)
4133,51019,LRT11,220473.9714,632431.6272,POINT (220473.9714 632431.6272)
4134,51019,LRT31,220473.9714,632431.6272,POINT (220473.9714 632431.6272)
4135,51020,LRT11,220115.1767,632591.4181,POINT (220115.1767 632591.4181)
4136,51020,LRT31,220115.1767,632591.4181,POINT (220115.1767 632591.4181)
4137,51021,LRT11,219688.9636,632791.8999,POINT (219688.9636 632791.8999)
4138,51021,LRT21,219688.9636,632791.8999,POINT (219688.9636 632791.8999)
4139,51021,LRT31,219688.9636,632791.8999,POINT (219688.9636 632791.8999)
4140,51022,LRT11,219277.3891,632862.3853,POINT (219277.3891 632862.3853)
4141,51022,LRT21,219277.3891,632862.3853,POINT (219277.3891 632862.3853)
4142,51023,LRT11,218858.2394,632613.6542,POINT (218858.2394 632613.6542)
4143,51023,LRT21,218858.2394,632613.6542,POINT (218858.2394 632613.6542)
4144,51024,LRT71,220041.7877,628696.3477,POINT (220041.7877 628696.3477)
4145,51024,LRT31,220041.7877,628696.3477,POINT (220041.7877 628696.3477)
4146,51025,LRT11,218225.3744,632232.9224,POINT (218225.3744 632232.9224)
4147,51025,LRT21,218225.3744,632232.9224,POINT (218225.3744 632232.9224)
4148,51026,LRT11,217926.556,631990.1863,POINT (217926.556 631990.1863)
4149,51026,LRT21,217926.556,631990.1863,POINT (217926.556 631990.1863)
4150,51027,LRT11,217608.2954,631580.6006,POINT (217608.2954 631580.6006)
4151,51027,LRT21,217608.2954,631580.6006,POINT (217608.2954 631580.6006)
4152,51028,LRT11,217285.1545,630909.0808,POINT (217285.1545 630909.0808)
4153,51028,LRT21,217285.1545,630909.0808,POINT (217285.1545 630909.0808)
4154,51030,LRT71,221427.1071,633666.8424,POINT (221427.1071 633666.8424)
4155,51032,LRT11,222844.862,638689.0426,POINT (222844.862 638689.0426)
4156,51032,LRT51,222844.862,638689.0426,POINT (222844.862 638689.0426)
4157,51033,LRT11,215238.824,629378.6201,POINT (215238.824 629378.6201)
4158,51033,LRT21,215238.824,629378.6201,POINT (215238.824 629378.6201)
4159,51033,LRT81,215238.824,629378.6201,POINT (215238.824 629378.6201)
4160,51034,LRT11,215238.824,629378.6201,POINT (215238.824 629378.6201)
4161,51034,LRT21,215238.824,629378.6201,POINT (215238.824 629378.6201)
4162,51034,LRT81,215238.824,629378.6201,POINT (215238.824 629378.6201)
4163,51035,LRT11,215238.824,629378.6201,POINT (215238.824 629378.6201)
4164,51035,LRT21,215238.824,629378.6201,POINT (215238.824 629378.6201)
4165,51035,LRT81,215238.824,629378.6201,POINT (215238.824 629378.6201)
4166,51036,LRT41,222826.9616,633763.1543,POINT (222826.9616 633763.1543)
4167,51036,LRT71,222826.9616,633763.1543,POINT (222826.9616 633763.1543)
4168,51038,LRT41,223155.955,633358.5783,POINT (223155.955 633358.5783)
4169,51038,LRT71,223155.955,633358.5783,POINT (223155.955 633358.5783)
4170,51039,LRT61,218646.2403,626692.0688,POINT (218646.2403 626692.0688)
4171,51040,LRT81,216670.6902,629854.4926,POINT (216670.6902 629854.4926)
4172,51042,LRT81,217283.0994,629438.3395,POINT (217283.0994 629438.3395)
4173,51043,LRT81,217055.6073,628798.6439,POINT (217055.6073 628798.6439)
4174,51048,LRT81,219144.7879,629244.6249,POINT (219144.7879 629244.6249)
4175,51049,LRT81,219491.9548,629267.4068,POINT (219491.9548 629267.4068)
4176,51050,LRT81,219993.7269,629617.4442,POINT (219993.7269 629617.4442)
4177,51051,LRT71,220477.3558,629534.1064,POINT (220477.3558 629534.1064)
4178,51051,LRT81,220477.3558,629534.1064,POINT (220477.3558 629534.1064)
4179,51052,LRT41,221543.9034,633942.4561,POINT (221543.9034 633942.4561)
4180,51052,LRT51,221543.9034,633942.4561,POINT (221543.9034 633942.4561)
4181,51052,LRT71,221543.9034,633942.4561,POINT (221543.9034 633942.4561)
4182,51053,LRT81,220623.9692,628652.8022,POINT (220623.9692 628652.8022)
4183,51053,LRT31,220623.9692,628652.8022,POINT (220623.9692 628652.8022)
4184,51055,LRT81,217646.8639,628517.6118,POINT (217646.8639 628517.6118)
4185,51056,LRT11,215238.824,629378.6201,POINT (215238.824 629378.6201)
4186,51056,LRT21,215238.824,629378.6201,POINT (215238.824 629378.6201)
4187,51056,LRT81,215238.824,629378.6201,POINT (215238.824 629378.6201)
4188,51100,LRT51,218633.1908,632765.0626,POINT (218633.1908 632765.0626)
4189,51100,LRT31,218633.1908,632765.0626,POINT (218633.1908 632765.0626)
4190,51101,LRT51,217986.696,632766.3855,POINT (217986.696 632766.3855)
4191,51101,LRT31,217986.696,632766.3855,POINT (217986.696 632766.3855)
4192,51103,LRT41,219097.941,632458.8069,POINT (219097.941 632458.8069)
4193,51103,LRT31,219097.941,632458.8069,POINT (219097.941 632458.8069)
4194,51103,LRT31,219097.941,632458.8069,POINT (219097.941 632458.8069)
4195,51104,LRT41,218371.0931,626508.2988,POINT (218371.0931 626508.2988)
4196,51104,LRT61,218371.0931,626508.2988,POINT (218371.0931 626508.2988)
4197,51106,LRT61,220661.1561,632190.1368,POINT (220661.1561 632190.1368)
4198,51106,LRT71,220661.1561,632190.1368,POINT (220661.1561 632190.1368)
4199,51107,LRT61,220806.8314,632730.2013,POINT (220806.8314 632730.2013)
4200,51107,LRT71,220806.8314,632730.2013,POINT (220806.8314 632730.2013)
4201,51108,LRT61,218525.5714,636178.8371,POINT (218525.5714 636178.8371)
4202,51109,LRT61,217993.1609,636813.2111,POINT (217993.1609 636813.2111)
4203,51110,LRT31,217902.9481,628912.5213,POINT (217902.9481 628912.5213)
4204,51110,LRT71,217902.9481,628912.5213,POINT (217902.9481 628912.5213)
4205,51110,LRT81,217902.9481,628912.5213,POINT (217902.9481 628912.5213)
4206,51111,LRT31,218340.0342,628809.812,POINT (218340.0342 628809.812)
4207,51111,LRT71,218340.0342,628809.812,POINT (218340.0342 628809.812)
4208,51111,LRT81,218340.0342,628809.812,POINT (218340.0342 628809.812)
4209,51112,LRT11,215238.824,629378.6201,POINT (215238.824 629378.6201)
4210,51112,LRT21,215238.824,629378.6201,POINT (215238.824 629378.6201)
4211,51112,LRT81,215238.824,629378.6201,POINT (215238.824 629378.6201)
4212,51114,LRT31,217646.8639,628517.6118,POINT (217646.8639 628517.6118)
4213,51114,LRT71,217646.8639,628517.6118,POINT (217646.8639 628517.6118)
4214,51114,LRT81,217646.8639,628517.6118,POINT (217646.8639 628517.6118)
4215,51115,LRT11,214412.1176,630165.8881,POINT (214412.1176 630165.8881)
4216,51115,LRT81,214412.1176,630165.8881,POINT (214412.1176 630165.8881)
4217,51117,LRT11,214078.3694,630241.3179,POINT (214078.3694 630241.3179)
4218,51117,LRT81,214078.3694,630241.3179,POINT (214078.3694 630241.3179)
4219,51119,LRT41,218527.8091,626770.4624,POINT (218527.8091 626770.4624)
4220,51120,LRT41,217243.0284,627421.8661,POINT (217243.0284 627421.8661)
4221,51120,LRT61,217243.0284,627421.8661,POINT (217243.0284 627421.8661)
4222,51121,LRT41,217307.4512,627200.1749,POINT (217307.4512 627200.1749)
4223,51121,LRT61,217307.4512,627200.1749,POINT (217307.4512 627200.1749)
4224,51122,LRT41,217321.7928,626827.049,POINT (217321.7928 626827.049)
4225,51122,LRT61,217321.7928,626827.049,POINT (217321.7928 626827.049)
4226,51123,LRT41,217677.8958,626657.3393,POINT (217677.8958 626657.3393)
4227,51123,LRT61,217677.8958,626657.3393,POINT (217677.8958 626657.3393)
4228,51124,LRT41,217218.2379,626775.2895,POINT (217218.2379 626775.2895)
4229,51124,LRT61,217218.2379,626775.2895,POINT (217218.2379 626775.2895)
4230,51125,LRT41,217967.3383,626496.4142,POINT (217967.3383 626496.4142)
4231,51125,LRT61,217967.3383,626496.4142,POINT (217967.3383 626496.4142)
4232,51127,LRT11,216913.0475,630681.5625,POINT (216913.0475 630681.5625)
4233,51127,LRT21,216913.0475,630681.5625,POINT (216913.0475 630681.5625)
4234,51128,LRT11,216611.4224,630483.8463,POINT (216611.4224 630483.8463)
4235,51128,LRT21,216611.4224,630483.8463,POINT (216611.4224 630483.8463)
4236,51129,LRT11,216334.6361,629925.1281,POINT (216334.6361 629925.1281)
4237,51129,LRT21,216334.6361,629925.1281,POINT (216334.6361 629925.1281)
4238,51129,LRT81,216334.6361,629925.1281,POINT (216334.6361 629925.1281)
4239,51130,LRT11,216008.0005,629693.7168,POINT (216008.0005 629693.7168)
4240,51130,LRT21,216008.0005,629693.7168,POINT (216008.0005 629693.7168)
4241,51130,LRT81,216008.0005,629693.7168,POINT (216008.0005 629693.7168)
4242,51131,LRT11,215635.7519,629709.0358,POINT (215635.7519 629709.0358)
4243,51131,LRT21,215635.7519,629709.0358,POINT (215635.7519 629709.0358)
4244,51131,LRT81,215635.7519,629709.0358,POINT (215635.7519 629709.0358)
4245,51132,LRT51,217620.3003,632770.0367,POINT (217620.3003 632770.0367)
4246,51132,LRT31,217620.3003,632770.0367,POINT (217620.3003 632770.0367)
4247,51133,LRT51,217268.5096,632730.9842,POINT (217268.5096 632730.9842)
4248,51133,LRT31,217268.5096,632730.9842,POINT (217268.5096 632730.9842)
4249,51134,LRT61,220842.9603,628657.5158,POINT (220842.9603 628657.5158)
4250,51135,LRT61,221011.4066,629094.6947,POINT (221011.4066 629094.6947)
4251,51136,LRT41,218940.3621,628862.974,POINT (218940.3621 628862.974)
4252,51136,LRT31,218940.3621,628862.974,POINT (218940.3621 628862.974)
4253,51136,LRT71,218940.3621,628862.974,POINT (218940.3621 628862.974)
4254,51136,LRT81,218940.3621,628862.974,POINT (218940.3621 628862.974)
4255,51138,LRT71,219279.241,628737.6193,POINT (219279.241 628737.6193)
4256,51138,LRT31,219279.241,628737.6193,POINT (219279.241 628737.6193)
4257,51141,LRT41,218867.1808,628319.207,POINT (218867.1808 628319.207)
4258,51142,LRT41,218940.3621,628862.974,POINT (218940.3621 628862.974)
4259,51142,LRT31,218940.3621,628862.974,POINT (218940.3621 628862.974)
4260,51142,LRT71,218940.3621,628862.974,POINT (218940.3621 628862.974)
4261,51142,LRT81,218940.3621,628862.974,POINT (218940.3621 628862.974)
4262,51143,LRT71,220366.2108,628898.5752,POINT (220366.2108 628898.5752)
4263,51143,LRT81,220366.2108,628898.5752,POINT (220366.2108 628898.5752)
4264,51144,LRT41,218555.6663,627267.5597,POINT (218555.6663 627267.5597)
4265,51145,LRT61,219404.634,626584.0769,POINT (219404.634 626584.0769)
4266,51146,LRT61,220094.2321,627204.4842,POINT (220094.2321 627204.4842)
4267,51146,LRT81,220094.2321,627204.4842,POINT (220094.2321 627204.4842)
4268,51147,LRT61,219070.851,626637.4291,POINT (219070.851 626637.4291)
4269,51148,LRT41,218743.0468,627722.8447,POINT (218743.0468 627722.8447)
4270,51150,LRT61,220609.9952,628087.1968,POINT (220609.9952 628087.1968)
4271,51150,LRT81,220609.9952,628087.1968,POINT (220609.9952 628087.1968)
4272,51150,LRT31,220609.9952,628087.1968,POINT (220609.9952 628087.1968)
4273,51151,LRT61,220278.659,627548.7441,POINT (220278.659 627548.7441)
4274,51151,LRT81,220278.659,627548.7441,POINT (220278.659 627548.7441)
4275,51152,LRT61,221324.7813,630656.0849,POINT (221324.7813 630656.0849)
4276,51152,LRT71,221324.7813,630656.0849,POINT (221324.7813 630656.0849)
4277,51155,LRT41,218707.2208,630461.1341,POINT (218707.2208 630461.1341)
4278,51155,LRT31,218707.2208,630461.1341,POINT (218707.2208 630461.1341)
4279,51155,LRT31,218707.2208,630461.1341,POINT (218707.2208 630461.1341)
4280,51156,LRT41,218667.8652,631060.416,POINT (218667.8652 631060.416)
4281,51156,LRT31,218667.8652,631060.416,POINT (218667.8652 631060.416)
4282,51156,LRT31,218667.8652,631060.416,POINT (218667.8652 631060.416)
4283,51157,LRT41,218858.5769,629300.2407,POINT (218858.5769 629300.2407)
4284,51157,LRT31,218858.5769,629300.2407,POINT (218858.5769 629300.2407)
4285,51157,LRT31,218858.5769,629300.2407,POINT (218858.5769 629300.2407)
4286,51158,LRT41,219026.6918,629837.9445,POINT (219026.6918 629837.9445)
4287,51158,LRT31,219026.6918,629837.9445,POINT (219026.6918 629837.9445)
4288,51158,LRT31,219026.6918,629837.9445,POINT (219026.6918 629837.9445)
4289,51160,LRT41,218592.9083,631622.2123,POINT (218592.9083 631622.2123)
4290,51160,LRT31,218592.9083,631622.2123,POINT (218592.9083 631622.2123)
4291,51160,LRT31,218592.9083,631622.2123,POINT (218592.9083 631622.2123)
4292,51161,LRT41,218828.5289,632000.2937,POINT (218828.5289 632000.2937)
4293,51161,LRT31,218828.5289,632000.2937,POINT (218828.5289 632000.2937)
4294,51161,LRT31,218828.5289,632000.2937,POINT (218828.5289 632000.2937)
4295,51163,LRT61,221215.6712,629510.9284,POINT (221215.6712 629510.9284)
4296,51164,LRT61,221365.6664,629862.1978,POINT (221365.6664 629862.1978)
4297,51166,LRT71,220904.6406,630122.3927,POINT (220904.6406 630122.3927)
4298,51167,LRT71,220477.3558,629534.1064,POINT (220477.3558 629534.1064)
4299,51167,LRT81,220477.3558,629534.1064,POINT (220477.3558 629534.1064)
4300,51170,LRT61,220678.8431,631464.7734,POINT (220678.8431 631464.7734)
4301,51170,LRT71,220678.8431,631464.7734,POINT (220678.8431 631464.7734)
4302,51171,LRT61,220534.1308,631786.0481,POINT (220534.1308 631786.0481)
4303,51171,LRT71,220534.1308,631786.0481,POINT (220534.1308 631786.0481)
4304,51172,LRT61,221026.0576,631105.6182,POINT (221026.0576 631105.6182)
4305,51172,LRT71,221026.0576,631105.6182,POINT (221026.0576 631105.6182)
4306,51175,LRT61,218978.1489,635536.7413,POINT (218978.1489 635536.7413)
4307,51177,LRT61,220253.4452,634130.6611,POINT (220253.4452 634130.6611)
4308,51178,LRT61,219827.3462,634166.8661,POINT (219827.3462 634166.8661)
4309,51179,LRT61,219411.7977,635004.6508,POINT (219411.7977 635004.6508)
4310,51180,LRT41,219938.0602,633302.2345,POINT (219938.0602 633302.2345)
4311,51180,LRT51,219938.0602,633302.2345,POINT (219938.0602 633302.2345)
4312,51181,LRT41,220331.3639,633362.7131,POINT (220331.3639 633362.7131)
4313,51181,LRT51,220331.3639,633362.7131,POINT (220331.3639 633362.7131)
4314,51182,LRT41,219277.3891,632862.3853,POINT (219277.3891 632862.3853)
4315,51182,LRT51,219277.3891,632862.3853,POINT (219277.3891 632862.3853)
4316,51185,LRT41,219701.6886,633028.2309,POINT (219701.6886 633028.2309)
4317,51185,LRT51,219701.6886,633028.2309,POINT (219701.6886 633028.2309)
4318,51186,LRT61,221009.7782,633302.6506,POINT (221009.7782 633302.6506)
4319,51186,LRT71,221009.7782,633302.6506,POINT (221009.7782 633302.6506)
4320,51187,LRT61,220905.1014,633679.6936,POINT (220905.1014 633679.6936)
4321,51188,LRT41,220905.1014,633679.6936,POINT (220905.1014 633679.6936)
4322,51188,LRT51,220905.1014,633679.6936,POINT (220905.1014 633679.6936)
4323,51189,LRT41,221178.8947,633858.7295,POINT (221178.8947 633858.7295)
4324,51189,LRT51,221178.8947,633858.7295,POINT (221178.8947 633858.7295)
4325,51193,LRT41,222176.8058,633684.822,POINT (222176.8058 633684.822)
4326,51193,LRT71,222176.8058,633684.822,POINT (222176.8058 633684.822)
4327,51194,LRT41,221785.8621,633889.3467,POINT (221785.8621 633889.3467)
4328,51194,LRT51,221785.8621,633889.3467,POINT (221785.8621 633889.3467)
4329,51194,LRT71,221785.8621,633889.3467,POINT (221785.8621 633889.3467)
4330,51195,LRT41,222517.175,633832.9355,POINT (222517.175 633832.9355)
4331,51195,LRT71,222517.175,633832.9355,POINT (222517.175 633832.9355)
4332,51196,LRT41,222680.9901,634247.2956,POINT (222680.9901 634247.2956)
4333,51196,LRT71,222680.9901,634247.2956,POINT (222680.9901 634247.2956)
4334,51198,LRT11,222321.0762,637850.7899,POINT (222321.0762 637850.7899)
4335,51198,LRT51,222321.0762,637850.7899,POINT (222321.0762 637850.7899)
4336,51200,LRT11,222273.1027,638280.5573,POINT (222273.1027 638280.5573)
4337,51200,LRT51,222273.1027,638280.5573,POINT (222273.1027 638280.5573)
4338,51201,LRT11,222589.8108,638366.8763,POINT (222589.8108 638366.8763)
4339,51201,LRT51,222589.8108,638366.8763,POINT (222589.8108 638366.8763)
4340,51203,LRT41,217052.2547,627166.7199,POINT (217052.2547 627166.7199)
4341,51203,LRT61,217052.2547,627166.7199,POINT (217052.2547 627166.7199)
4342,51228,LRT11,221306.4251,631880.9309,POINT (221306.4251 631880.9309)
4343,51228,LRT31,221306.4251,631880.9309,POINT (221306.4251 631880.9309)
4344,51232,LRT61,221324.7813,630656.0849,POINT (221324.7813 630656.0849)
4345,51232,LRT71,221324.7813,630656.0849,POINT (221324.7813 630656.0849)
4346,50113,LRT32,220916.3301,627803.3756,POINT (220916.3301 627803.3756)
4347,50114,LRT32,221509.0428,627653.7951,POINT (221509.0428 627653.7951)
4348,50115,LRT32,222200.434,627700.4723,POINT (222200.434 627700.4723)
4349,50117,LRT32,222313.8164,628544.381,POINT (222313.8164 628544.381)
4350,50118,LRT32,222313.8164,628544.381,POINT (222313.8164 628544.381)
4351,51001,LRT12,222667.6785,637351.8944,POINT (222667.6785 637351.8944)
4352,51001,LRT52,222667.6785,637351.8944,POINT (222667.6785 637351.8944)
4353,51002,LRT12,222840.256,637035.3864,POINT (222840.256 637035.3864)
4354,51002,LRT52,222840.256,637035.3864,POINT (222840.256 637035.3864)
4355,51003,LRT12,222595.5114,636770.0943,POINT (222595.5114 636770.0943)
4356,51003,LRT52,222595.5114,636770.0943,POINT (222595.5114 636770.0943)
4357,51004,LRT12,222754.3023,636285.716,POINT (222754.3023 636285.716)
4358,51004,LRT52,222754.3023,636285.716,POINT (222754.3023 636285.716)
4359,51005,LRT12,221790.1412,636334.4803,POINT (221790.1412 636334.4803)
4360,51005,LRT52,221790.1412,636334.4803,POINT (221790.1412 636334.4803)
4361,51006,LRT12,221854.4309,635734.1979,POINT (221854.4309 635734.1979)
4362,51006,LRT52,221854.4309,635734.1979,POINT (221854.4309 635734.1979)
4363,51007,LRT12,222136.8319,635379.7362,POINT (222136.8319 635379.7362)
4364,51007,LRT52,222136.8319,635379.7362,POINT (222136.8319 635379.7362)
4365,51009,LRT12,222277.6546,634749.4966,POINT (222277.6546 634749.4966)
4366,51009,LRT52,222277.6546,634749.4966,POINT (222277.6546 634749.4966)
4367,51010,LRT12,222068.2869,634041.8656,POINT (222068.2869 634041.8656)
4368,51010,LRT52,222068.2869,634041.8656,POINT (222068.2869 634041.8656)
4369,51012,LRT12,221528.1936,633366.9097,POINT (221528.1936 633366.9097)
4370,51013,LRT12,221605.1938,632620.9821,POINT (221605.1938 632620.9821)
4371,51014,LRT12,221673.3835,632192.2709,POINT (221673.3835 632192.2709)
4372,51014,LRT32,221673.3835,632192.2709,POINT (221673.3835 632192.2709)
4373,51015,LRT72,219743.7859,628858.3081,POINT (219743.7859 628858.3081)
4374,51015,LRT32,219743.7859,628858.3081,POINT (219743.7859 628858.3081)
4375,51016,LRT12,221306.4251,631880.9309,POINT (221306.4251 631880.9309)
4376,51016,LRT32,221306.4251,631880.9309,POINT (221306.4251 631880.9309)
4377,51018,LRT12,220766.0895,632246.2303,POINT (220766.0895 632246.2303)
4378,51018,LRT32,220766.0895,632246.2303,POINT (220766.0895 632246.2303)
4379,51019,LRT12,220473.9714,632431.6272,POINT (220473.9714 632431.6272)
4380,51019,LRT32,220473.9714,632431.6272,POINT (220473.9714 632431.6272)
4381,51020,LRT12,220115.1767,632591.4181,POINT (220115.1767 632591.4181)
4382,51020,LRT32,220115.1767,632591.4181,POINT (220115.1767 632591.4181)
4383,51021,LRT12,219688.9636,632791.8999,POINT (219688.9636 632791.8999)
4384,51021,LRT22,219688.9636,632791.8999,POINT (219688.9636 632791.8999)
4385,51021,LRT32,219688.9636,632791.8999,POINT (219688.9636 632791.8999)
4386,51022,LRT12,219277.3891,632862.3853,POINT (219277.3891 632862.3853)
4387,51022,LRT22,219277.3891,632862.3853,POINT (219277.3891 632862.3853)
4388,51023,LRT12,218858.2394,632613.6542,POINT (218858.2394 632613.6542)
4389,51023,LRT22,218858.2394,632613.6542,POINT (218858.2394 632613.6542)
4390,51024,LRT72,220041.7877,628696.3477,POINT (220041.7877 628696.3477)
4391,51024,LRT32,220041.7877,628696.3477,POINT (220041.7877 628696.3477)
4392,51025,LRT12,218225.3744,632232.9224,POINT (218225.3744 632232.9224)
4393,51025,LRT22,218225.3744,632232.9224,POINT (218225.3744 632232.9224)
4394,51026,LRT12,217926.556,631990.1863,POINT (217926.556 631990.1863)
4395,51026,LRT22,217926.556,631990.1863,POINT (217926.556 631990.1863)
4396,51027,LRT12,217608.2954,631580.6006,POINT (217608.2954 631580.6006)
4397,51027,LRT22,217608.2954,631580.6006,POINT (217608.2954 631580.6006)
4398,51028,LRT12,217285.1545,630909.0808,POINT (217285.1545 630909.0808)
4399,51028,LRT22,217285.1545,630909.0808,POINT (217285.1545 630909.0808)
4400,51030,LRT72,221427.1071,633666.8424,POINT (221427.1071 633666.8424)
4401,51032,LRT12,222844.862,638689.0426,POINT (222844.862 638689.0426)
4402,51032,LRT52,222844.862,638689.0426,POINT (222844.862 638689.0426)
4403,51033,LRT12,215238.824,629378.6201,POINT (215238.824 629378.6201)
4404,51033,LRT22,215238.824,629378.6201,POINT (215238.824 629378.6201)
4405,51033,LRT82,215238.824,629378.6201,POINT (215238.824 629378.6201)
4406,51034,LRT12,215238.824,629378.6201,POINT (215238.824 629378.6201)
4407,51034,LRT22,215238.824,629378.6201,POINT (215238.824 629378.6201)
4408,51034,LRT82,215238.824,629378.6201,POINT (215238.824 629378.6201)
4409,51035,LRT12,215238.824,629378.6201,POINT (215238.824 629378.6201)
4410,51035,LRT22,215238.824,629378.6201,POINT (215238.824 629378.6201)
4411,51035,LRT82,215238.824,629378.6201,POINT (215238.824 629378.6201)
4412,51036,LRT42,222826.9616,633763.1543,POINT (222826.9616 633763.1543)
4413,51036,LRT72,222826.9616,633763.1543,POINT (222826.9616 633763.1543)
4414,51038,LRT42,223155.955,633358.5783,POINT (223155.955 633358.5783)
4415,51038,LRT72,223155.955,633358.5783,POINT (223155.955 633358.5783)
4416,51039,LRT62,218646.2403,626692.0688,POINT (218646.2403 626692.0688)
4417,51040,LRT82,216670.6902,629854.4926,POINT (216670.6902 629854.4926)
4418,51042,LRT82,217283.0994,629438.3395,POINT (217283.0994 629438.3395)
4419,51043,LRT82,217055.6073,628798.6439,POINT (217055.6073 628798.6439)
4420,51048,LRT82,219144.7879,629244.6249,POINT (219144.7879 629244.6249)
4421,51049,LRT82,219491.9548,629267.4068,POINT (219491.9548 629267.4068)
4422,51050,LRT82,219993.7269,629617.4442,POINT (219993.7269 629617.4442)
4423,51051,LRT72,220477.3558,629534.1064,POINT (220477.3558 629534.1064)
4424,51051,LRT82,220477.3558,629534.1064,POINT (220477.3558 629534.1064)
4425,51052,LRT42,221543.9034,633942.4561,POINT (221543.9034 633942.4561)
4426,51052,LRT52,221543.9034,633942.4561,POINT (221543.9034 633942.4561)
4427,51052,LRT72,221543.9034,633942.4561,POINT (221543.9034 633942.4561)
4428,51053,LRT82,220623.9692,628652.8022,POINT (220623.9692 628652.8022)
4429,51053,LRT32,220623.9692,628652.8022,POINT (220623.9692 628652.8022)
4430,51055,LRT82,217646.8639,628517.6118,POINT (217646.8639 628517.6118)
4431,51056,LRT12,215238.824,629378.6201,POINT (215238.824 629378.6201)
4432,51056,LRT22,215238.824,629378.6201,POINT (215238.824 629378.6201)
4433,51056,LRT82,215238.824,629378.6201,POINT (215238.824 629378.6201)
4434,51100,LRT52,218633.1908,632765.0626,POINT (218633.1908 632765.0626)
4435,51100,LRT32,218633.1908,632765.0626,POINT (218633.1908 632765.0626)
4436,51101,LRT52,217986.696,632766.3855,POINT (217986.696 632766.3855)
4437,51101,LRT32,217986.696,632766.3855,POINT (217986.696 632766.3855)
4438,51103,LRT42,219097.941,632458.8069,POINT (219097.941 632458.8069)
4439,51103,LRT32,219097.941,632458.8069,POINT (219097.941 632458.8069)
4440,51103,LRT32,219097.941,632458.8069,POINT (219097.941 632458.8069)
4441,51104,LRT42,218371.0931,626508.2988,POINT (218371.0931 626508.2988)
4442,51104,LRT62,218371.0931,626508.2988,POINT (218371.0931 626508.2988)
4443,51106,LRT62,220661.1561,632190.1368,POINT (220661.1561 632190.1368)
4444,51106,LRT72,220661.1561,632190.1368,POINT (220661.1561 632190.1368)
4445,51107,LRT62,220806.8314,632730.2013,POINT (220806.8314 632730.2013)
4446,51107,LRT72,220806.8314,632730.2013,POINT (220806.8314 632730.2013)
4447,51108,LRT62,218525.5714,636178.8371,POINT (218525.5714 636178.8371)
4448,51109,LRT62,217993.1609,636813.2111,POINT (217993.1609 636813.2111)
4449,51110,LRT32,217902.9481,628912.5213,POINT (217902.9481 628912.5213)
4450,51110,LRT72,217902.9481,628912.5213,POINT (217902.9481 628912.5213)
4451,51110,LRT82,217902.9481,628912.5213,POINT (217902.9481 628912.5213)
4452,51111,LRT32,218340.0342,628809.812,POINT (218340.0342 628809.812)
4453,51111,LRT72,218340.0342,628809.812,POINT (218340.0342 628809.812)
4454,51111,LRT82,218340.0342,628809.812,POINT (218340.0342 628809.812)
4455,51112,LRT12,215238.824,629378.6201,POINT (215238.824 629378.6201)
4456,51112,LRT22,215238.824,629378.6201,POINT (215238.824 629378.6201)
4457,51112,LRT82,215238.824,629378.6201,POINT (215238.824 629378.6201)
4458,51114,LRT32,217646.8639,628517.6118,POINT (217646.8639 628517.6118)
4459,51114,LRT72,217646.8639,628517.6118,POINT (217646.8639 628517.6118)
4460,51114,LRT82,217646.8639,628517.6118,POINT (217646.8639 628517.6118)
4461,51115,LRT12,214412.1176,630165.8881,POINT (214412.1176 630165.8881)
4462,51115,LRT82,214412.1176,630165.8881,POINT (214412.1176 630165.8881)
4463,51117,LRT12,214078.3694,630241.3179,POINT (214078.3694 630241.3179)
4464,51117,LRT82,214078.3694,630241.3179,POINT (214078.3694 630241.3179)
4465,51119,LRT42,218527.8091,626770.4624,POINT (218527.8091 626770.4624)
4466,51120,LRT42,217243.0284,627421.8661,POINT (217243.0284 627421.8661)
4467,51120,LRT62,217243.0284,627421.8661,POINT (217243.0284 627421.8661)
4468,51121,LRT42,217307.4512,627200.1749,POINT (217307.4512 627200.1749)
4469,51121,LRT62,217307.4512,627200.1749,POINT (217307.4512 627200.1749)
4470,51122,LRT42,217321.7928,626827.049,POINT (217321.7928 626827.049)
4471,51122,LRT62,217321.7928,626827.049,POINT (217321.7928 626827.049)
4472,51123,LRT42,217677.8958,626657.3393,POINT (217677.8958 626657.3393)
4473,51123,LRT62,217677.8958,626657.3393,POINT (217677.8958 626657.3393)
4474,51124,LRT42,217218.2379,626775.2895,POINT (217218.2379 626775.2895)
4475,51124,LRT62,217218.2379,626775.2895,POINT (217218.2379 626775.2895)
4476,51125,LRT42,217967.3383,626496.4142,POINT (217967.3383 626496.4142)
4477,51125,LRT62,217967.3383,626496.4142,POINT (217967.3383 626496.4142)
4478,51127,LRT12,216913.0475,630681.5625,POINT (216913.0475 630681.5625)
4479,51127,LRT22,216913.0475,630681.5625,POINT (216913.0475 630681.5625)
4480,51128,LRT12,216611.4224,630483.8463,POINT (216611.4224 630483.8463)
4481,51128,LRT22,216611.4224,630483.8463,POINT (216611.4224 630483.8463)
4482,51129,LRT12,216334.6361,629925.1281,POINT (216334.6361 629925.1281)
4483,51129,LRT22,216334.6361,629925.1281,POINT (216334.6361 629925.1281)
4484,51129,LRT82,216334.6361,629925.1281,POINT (216334.6361 629925.1281)
4485,51130,LRT12,216008.0005,629693.7168,POINT (216008.0005 629693.7168)
4486,51130,LRT22,216008.0005,629693.7168,POINT (216008.0005 629693.7168)
4487,51130,LRT82,216008.0005,629693.7168,POINT (216008.0005 629693.7168)
4488,51131,LRT12,215635.7519,629709.0358,POINT (215635.7519 629709.0358)
4489,51131,LRT22,215635.7519,629709.0358,POINT (215635.7519 629709.0358)
4490,51131,LRT82,215635.7519,629709.0358,POINT (215635.7519 629709.0358)
4491,51132,LRT52,217620.3003,632770.0367,POINT (217620.3003 632770.0367)
4492,51132,LRT32,217620.3003,632770.0367,POINT (217620.3003 632770.0367)
4493,51133,LRT52,217268.5096,632730.9842,POINT (217268.5096 632730.9842)
4494,51133,LRT32,217268.5096,632730.9842,POINT (217268.5096 632730.9842)
4495,51134,LRT62,220842.9603,628657.5158,POINT (220842.9603 628657.5158)
4496,51135,LRT62,221011.4066,629094.6947,POINT (221011.4066 629094.6947)
4497,51136,LRT42,218940.3621,628862.974,POINT (218940.3621 628862.974)
4498,51136,LRT32,218940.3621,628862.974,POINT (218940.3621 628862.974)
4499,51136,LRT72,218940.3621,628862.974,POINT (218940.3621 628862.974)
4500,51136,LRT82,218940.3621,628862.974,POINT (218940.3621 628862.974)
4501,51138,LRT72,219279.241,628737.6193,POINT (219279.241 628737.6193)
4502,51138,LRT32,219279.241,628737.6193,POINT (219279.241 628737.6193)
4503,51141,LRT42,218867.1808,628319.207,POINT (218867.1808 628319.207)
4504,51142,LRT42,218940.3621,628862.974,POINT (218940.3621 628862.974)
4505,51142,LRT32,218940.3621,628862.974,POINT (218940.3621 628862.974)
4506,51142,LRT72,218940.3621,628862.974,POINT (218940.3621 628862.974)
4507,51142,LRT82,218940.3621,628862.974,POINT (218940.3621 628862.974)
4508,51143,LRT72,220366.2108,628898.5752,POINT (220366.2108 628898.5752)
4509,51143,LRT82,220366.2108,628898.5752,POINT (220366.2108 628898.5752)
4510,51144,LRT42,218555.6663,627267.5597,POINT (218555.6663 627267.5597)
4511,51145,LRT62,219404.634,626584.0769,POINT (219404.634 626584.0769)
4512,51146,LRT62,220094.2321,627204.4842,POINT (220094.2321 627204.4842)
4513,51146,LRT82,220094.2321,627204.4842,POINT (220094.2321 627204.4842)
4514,51147,LRT62,219070.851,626637.4291,POINT (219070.851 626637.4291)
4515,51148,LRT42,218743.0468,627722.8447,POINT (218743.0468 627722.8447)
4516,51150,LRT62,220609.9952,628087.1968,POINT (220609.9952 628087.1968)
4517,51150,LRT82,220609.9952,628087.1968,POINT (220609.9952 628087.1968)
4518,51150,LRT32,220609.9952,628087.1968,POINT (220609.9952 628087.1968)
4519,51151,LRT62,220278.659,627548.7441,POINT (220278.659 627548.7441)
4520,51151,LRT82,220278.659,627548.7441,POINT (220278.659 627548.7441)
4521,51152,LRT62,221324.7813,630656.0849,POINT (221324.7813 630656.0849)
4522,51152,LRT72,221324.7813,630656.0849,POINT (221324.7813 630656.0849)
4523,51155,LRT42,218707.2208,630461.1341,POINT (218707.2208 630461.1341)
4524,51155,LRT32,218707.2208,630461.1341,POINT (218707.2208 630461.1341)
4525,51155,LRT32,218707.2208,630461.1341,POINT (218707.2208 630461.1341)
4526,51156,LRT42,218667.8652,631060.416,POINT (218667.8652 631060.416)
4527,51156,LRT32,218667.8652,631060.416,POINT (218667.8652 631060.416)
4528,51156,LRT32,218667.8652,631060.416,POINT (218667.8652 631060.416)
4529,51157,LRT42,218858.5769,629300.2407,POINT (218858.5769 629300.2407)
4530,51157,LRT32,218858.5769,629300.2407,POINT (218858.5769 629300.2407)
4531,51157,LRT32,218858.5769,629300.2407,POINT (218858.5769 629300.2407)
4532,51158,LRT42,219026.6918,629837.9445,POINT (219026.6918 629837.9445)
4533,51158,LRT32,219026.6918,629837.9445,POINT (219026.6918 629837.9445)
4534,51158,LRT32,219026.6918,629837.9445,POINT (219026.6918 629837.9445)
4535,51160,LRT42,218592.9083,631622.2123,POINT (218592.9083 631622.2123)
4536,51160,LRT32,218592.9083,631622.2123,POINT (218592.9083 631622.2123)
4537,51160,LRT32,218592.9083,631622.2123,POINT (218592.9083 631622.2123)
4538,51161,LRT42,218828.5289,632000.2937,POINT (218828.5289 632000.2937)
4539,51161,LRT32,218828.5289,632000.2937,POINT (218828.5289 632000.2937)
4540,51161,LRT32,218828.5289,632000.2937,POINT (218828.5289 632000.2937)
4541,51163,LRT62,221215.6712,629510.9284,POINT (221215.6712 629510.9284)
4542,51164,LRT62,221365.6664,629862.1978,POINT (221365.6664 629862.1978)
4543,51166,LRT72,220904.6406,630122.3927,POINT (220904.6406 630122.3927)
4544,51167,LRT72,220477.3558,629534.1064,POINT (220477.3558 629534.1064)
4545,51167,LRT82,220477.3558,629534.1064,POINT (220477.3558 629534.1064)
4546,51170,LRT62,220678.8431,631464.7734,POINT (220678.8431 631464.7734)
4547,51170,LRT72,220678.8431,631464.7734,POINT (220678.8431 631464.7734)
4548,51171,LRT62,220534.1308,631786.0481,POINT (220534.1308 631786.0481)
4549,51171,LRT72,220534.1308,631786.0481,POINT (220534.1308 631786.0481)
4550,51172,LRT62,221026.0576,631105.6182,POINT (221026.0576 631105.6182)
4551,51172,LRT72,221026.0576,631105.6182,POINT (221026.0576 631105.6182)
4552,51175,LRT62,218978.1489,635536.7413,POINT (218978.1489 635536.7413)
4553,51177,LRT62,220253.4452,634130.6611,POINT (220253.4452 634130.6611)
4554,51178,LRT62,219827.3462,634166.8661,POINT (219827.3462 634166.8661)
4555,51179,LRT62,219411.7977,635004.6508,POINT (219411.7977 635004.6508)
4556,51180,LRT42,219938.0602,633302.2345,POINT (219938.0602 633302.2345)
4557,51180,LRT52,219938.0602,633302.2345,POINT (219938.0602 633302.2345)
4558,51181,LRT42,220331.3639,633362.7131,POINT (220331.3639 633362.7131)
4559,51181,LRT52,220331.3639,633362.7131,POINT (220331.3639 633362.7131)
4560,51182,LRT42,219277.3891,632862.3853,POINT (219277.3891 632862.3853)
4561,51182,LRT52,219277.3891,632862.3853,POINT (219277.3891 632862.3853)
4562,51185,LRT42,219701.6886,633028.2309,POINT (219701.6886 633028.2309)
4563,51185,LRT52,219701.6886,633028.2309,POINT (219701.6886 633028.2309)
4564,51186,LRT62,221009.7782,633302.6506,POINT (221009.7782 633302.6506)
4565,51186,LRT72,221009.7782,633302.6506,POINT (221009.7782 633302.6506)
4566,51187,LRT62,220905.1014,633679.6936,POINT (220905.1014 633679.6936)
4567,51188,LRT42,220905.1014,633679.6936,POINT (220905.1014 633679.6936)
4568,51188,LRT52,220905.1014,633679.6936,POINT (220905.1014 633679.6936)
4569,51189,LRT42,221178.8947,633858.7295,POINT (221178.8947 633858.7295)
4570,51189,LRT52,221178.8947,633858.7295,POINT (221178.8947 633858.7295)
4571,51193,LRT42,222176.8058,633684.822,POINT (222176.8058 633684.822)
4572,51193,LRT72,222176.8058,633684.822,POINT (222176.8058 633684.822)
4573,51194,LRT42,221785.8621,633889.3467,POINT (221785.8621 633889.3467)
4574,51194,LRT52,221785.8621,633889.3467,POINT (221785.8621 633889.3467)
4575,51194,LRT72,221785.8621,633889.3467,POINT (221785.8621 633889.3467)
4576,51195,LRT42,222517.175,633832.9355,POINT (222517.175 633832.9355)
4577,51195,LRT72,222517.175,633832.9355,POINT (222517.175 633832.9355)
4578,51196,LRT42,222680.9901,634247.2956,POINT (222680.9901 634247.2956)
4579,51196,LRT72,222680.9901,634247.2956,POINT (222680.9901 634247.2956)
4580,51198,LRT12,222321.0762,637850.7899,POINT (222321.0762 637850.7899)
4581,51198,LRT52,222321.0762,637850.7899,POINT (222321.0762 637850.7899)
4582,51200,LRT12,222273.1027,638280.5573,POINT (222273.1027 638280.5573)
4583,51200,LRT52,222273.1027,638280.5573,POINT (222273.1027 638280.5573)
4584,51201,LRT12,222589.8108,638366.8763,POINT (222589.8108 638366.8763)
4585,51201,LRT52,222589.8108,638366.8763,POINT (222589.8108 638366.8763)
4586,51203,LRT42,217052.2547,627166.7199,POINT (217052.2547 627166.7199)
4587,51203,LRT62,217052.2547,627166.7199,POINT (217052.2547 627166.7199)
4588,51228,LRT12,221306.4251,631880.9309,POINT (221306.4251 631880.9309)
4589,51228,LRT32,221306.4251,631880.9309,POINT (221306.4251 631880.9309)
4590,51232,LRT62,221324.7813,630656.0849,POINT (221324.7813 630656.0849)
4591,51232,LRT72,221324.7813,630656.0849,POINT (221324.7813 630656.0849)
4592,467180,4.1_Arad-BS,188658.801,578137.8485,POINT (188658.80097229246 578137.8485002147)
4593,467180,4.1_BS-Arad,188658.801,578137.8485,POINT (188658.80097229246 578137.8485002147)
4594,467180,4.2_LRT_BRS-Shoket,188658.801,578137.8485,POINT (188658.80097229246 578137.8485002147)
4595,467180,4.2_LRT_Shoket-BRS,188658.801,578137.8485,POINT (188658.80097229246 578137.8485002147)
4596,467192,4.1_Arad-BS,185010.679,575447.1948,POINT (185010.6790426858 575447.1947885719)
4597,467192,4.1_BS-Arad,185010.679,575447.1948,POINT (185010.6790426858 575447.1947885719)
4598,467192,4.2_LRT_BRS-Shoket,185010.679,575447.1948,POINT (185010.6790426858 575447.1947885719)
4599,467192,4.2_LRT_Shoket-BRS,185010.679,575447.1948,POINT (185010.6790426858 575447.1947885719)
4600,467194,4.1_Arad-BS,182749.3463,573257.9135,POINT (182749.34629621927 573257.9135339188)
4601,467194,4.1_BS-Arad,182749.3463,573257.9135,POINT (182749.34629621927 573257.9135339188)
4602,467194,4.2_LRT_BRS-Shoket,182749.3463,573257.9135,POINT (182749.34629621927 573257.9135339188)
4603,467194,4.2_LRT_Shoket-BRS,182749.3463,573257.9135,POINT (182749.34629621927 573257.9135339188)
4604,467194,4.3_Ofakim-TelSheva,182749.3463,573257.9135,POINT (182749.34629621927 573257.9135339188)
4605,467194,4.3_TelSheva-Ofakim,182749.3463,573257.9135,POINT (182749.34629621927 573257.9135339188)
4606,467197,4.1_Arad-BS,181887.3474,574400.3369,POINT (181887.34744186795 574400.3368564049)
4607,467197,4.1_BS-Arad,181887.3474,574400.3369,POINT (181887.34744186795 574400.3368564049)
4608,467197,4.2_LRT_BRS-Shoket,181887.3474,574400.3369,POINT (181887.34744186795 574400.3368564049)
4609,467197,4.2_LRT_Shoket-BRS,181887.3474,574400.3369,POINT (181887.34744186795 574400.3368564049)
4610,467199,4.1_Arad-BS,181151.6352,574446.0112,POINT (181151.63521051453 574446.0112328952)
4611,467199,4.1_BS-Arad,181151.6352,574446.0112,POINT (181151.63521051453 574446.0112328952)
4612,467199,4.2_LRT_BRS-Shoket,181151.6352,574446.0112,POINT (181151.63521051453 574446.0112328952)
4613,467199,4.2_LRT_Shoket-BRS,181151.6352,574446.0112,POINT (181151.63521051453 574446.0112328952)
4614,467248,4.1_Arad-BS,182379.3839,573614.0194,POINT (182379.38385130372 573614.0194106332)
4615,467248,4.1_BS-Arad,182379.3839,573614.0194,POINT (182379.38385130372 573614.0194106332)
4616,467248,4.2_LRT_BRS-Shoket,182379.3839,573614.0194,POINT (182379.38385130372 573614.0194106332)
4617,467248,4.2_LRT_Shoket-BRS,182379.3839,573614.0194,POINT (182379.38385130372 573614.0194106332)
4618,467249,4.1_Arad-BS,183414.3666,574017.4547,POINT (183414.36663035426 574017.4546510123)
4619,467249,4.1_BS-Arad,183414.3666,574017.4547,POINT (183414.36663035426 574017.4546510123)
4620,467249,4.2_LRT_BRS-Shoket,183414.3666,574017.4547,POINT (183414.36663035426 574017.4546510123)
4621,467249,4.2_LRT_Shoket-BRS,183414.3666,574017.4547,POINT (183414.36663035426 574017.4546510123)
4622,467250,4.1_Arad-BS,185907.232,576459.2698,POINT (185907.23203505215 576459.2697684985)
4623,467250,4.1_BS-Arad,185907.232,576459.2698,POINT (185907.23203505215 576459.2697684985)
4624,467250,4.2_LRT_BRS-Shoket,185907.232,576459.2698,POINT (185907.23203505215 576459.2697684985)
4625,467250,4.2_LRT_Shoket-BRS,185907.232,576459.2698,POINT (185907.23203505215 576459.2697684985)
4626,467251,4.2_LRT_BRS-Shoket,187570.1239,577284.123,POINT (187570.12390775263 577284.1229537477)
4627,467750,4.1_Arad-BS,180760.9789,574458.4182,POINT (180760.97886582973 574458.4181961077)
4628,467750,4.1_BS-Arad,180760.9789,574458.4182,POINT (180760.97886582973 574458.4181961077)
4629,467750,4.2_LRT_Shoket-BRS,180760.9789,574458.4182,POINT (180760.97886582973 574458.4181961077)
4630,467750,4.4_Bee'rSheva-Rahat_Main,180760.9789,574458.4182,POINT (180760.97886582973 574458.4181961077)
4631,467750,4.4_Rahat-Bee'rSheva_Main,180760.9789,574458.4182,POINT (180760.97886582973 574458.4181961077)
4632,467750,4.5_Bee'rSheva-Rahat,180760.9789,574458.4182,POINT (180760.97886582973 574458.4181961077)
4633,467750,4.5_Rahat-Bee'rSheva,180760.9789,574458.4182,POINT (180760.97886582973 574458.4181961077)
4634,467791,4.1_Arad-BS,190543.7303,579526.9982,POINT (190543.73026576245 579526.9982166009)
4635,467791,4.1_BS-Arad,190543.7303,579526.9982,POINT (190543.73026576245 579526.9982166009)
4636,467791,4.2_LRT_BRS-Shoket,190543.7303,579526.9982,POINT (190543.73026576245 579526.9982166009)
4637,467791,4.2_LRT_Shoket-BRS,190543.7303,579526.9982,POINT (190543.73026576245 579526.9982166009)
4638,467794,4.1_Arad-BS,192602.9642,577843.4011,POINT (192602.964158392 577843.4010872869)
4639,467794,4.1_BS-Arad,192602.9642,577843.4011,POINT (192602.964158392 577843.4010872869)
4640,467822,4.1_Arad-BS,179045.5717,572843.1643,POINT (179045.5716913566 572843.1642600693)
4641,467822,4.1_BS-Arad,179045.5717,572843.1643,POINT (179045.5716913566 572843.1642600693)
4642,467822,4.3_Ofakim-TelSheva,179045.5717,572843.1643,POINT (179045.5716913566 572843.1642600693)
4643,467822,4.3_TelSheva-Ofakim,179045.5717,572843.1643,POINT (179045.5716913566 572843.1642600693)
4644,467824,4.1_Arad-BS,178372.6147,573274.8688,POINT (178372.61471806752 573274.8688236771)
4645,467824,4.1_BS-Arad,178372.6147,573274.8688,POINT (178372.61471806752 573274.8688236771)
4646,467824,4.3_Ofakim-TelSheva,178372.6147,573274.8688,POINT (178372.61471806752 573274.8688236771)
4647,467824,4.3_TelSheva-Ofakim,178372.6147,573274.8688,POINT (178372.61471806752 573274.8688236771)
4648,467825,4.1_Arad-BS,177596.0416,573578.1885,POINT (177596.04163960705 573578.1885117481)
4649,467825,4.1_BS-Arad,177596.0416,573578.1885,POINT (177596.04163960705 573578.1885117481)
4650,467825,4.3_Ofakim-TelSheva,177596.0416,573578.1885,POINT (177596.04163960705 573578.1885117481)
4651,467825,4.3_TelSheva-Ofakim,177596.0416,573578.1885,POINT (177596.04163960705 573578.1885117481)
4652,467827,4.1_Arad-BS,176167.4985,574573.3407,POINT (176167.49850418 574573.3406679493)
4653,467827,4.1_BS-Arad,176167.4985,574573.3407,POINT (176167.49850418 574573.3406679493)
4654,467827,4.3_Ofakim-TelSheva,176167.4985,574573.3407,POINT (176167.49850418 574573.3406679493)
4655,467827,4.3_TelSheva-Ofakim,176167.4985,574573.3407,POINT (176167.49850418 574573.3406679493)
4656,467873,4.1_Arad-BS,220154.2697,573852.4078,POINT (220154.2697379093 573852.4078247494)
4657,467873,4.1_BS-Arad,220154.2697,573852.4078,POINT (220154.2697379093 573852.4078247494)
4658,467909,4.1_Arad-BS,180216.8785,574189.337,POINT (180216.87850517672 574189.3369845169)
4659,467909,4.1_BS-Arad,180216.8785,574189.337,POINT (180216.87850517672 574189.3369845169)
4660,467920,4.1_Arad-BS,205874.3258,574297.8847,POINT (205874.3257787788 574297.884719427)
4661,467920,4.1_BS-Arad,205874.3258,574297.8847,POINT (205874.3257787788 574297.884719427)
4662,467922,4.1_Arad-BS,218802.3475,573002.7679,POINT (218802.3475105697 573002.7678621727)
4663,467922,4.1_BS-Arad,218802.3475,573002.7679,POINT (218802.3475105697 573002.7678621727)
4664,467941,4.1_Arad-BS,179724.9353,573942.1513,POINT (179724.93529005433 573942.1512693246)
4665,467941,4.1_BS-Arad,179724.9353,573942.1513,POINT (179724.93529005433 573942.1512693246)
4666,467948,4.1_Arad-BS,179443.3127,573300.4579,POINT (179443.3126701751 573300.4579475904)
4667,467948,4.1_BS-Arad,179443.3127,573300.4579,POINT (179443.3126701751 573300.4579475904)
4668,467202,4.2_LRT_BRS-Shoket,180756.0066,574064.8193,POINT (180756.00656435892 574064.8192979079)
4669,467202,4.2_LRT_Shoket-BRS,180756.0066,574064.8193,POINT (180756.00656435892 574064.8192979079)
4670,467202,4.4_Bee'rSheva-Rahat_Main,180756.0066,574064.8193,POINT (180756.00656435892 574064.8192979079)
4671,467202,4.4_Rahat-Bee'rSheva_Main,180756.0066,574064.8193,POINT (180756.00656435892 574064.8192979079)
4672,467202,4.5_Bee'rSheva-Rahat,180756.0066,574064.8193,POINT (180756.00656435892 574064.8192979079)
4673,467202,4.5_Rahat-Bee'rSheva,180756.0066,574064.8193,POINT (180756.00656435892 574064.8192979079)
4674,467205,4.2_LRT_BRS-Shoket,180744.5651,573207.4419,POINT (180744.56506922428 573207.4419290826)
4675,467205,4.2_LRT_Shoket-BRS,180744.5651,573207.4419,POINT (180744.56506922428 573207.4419290826)
4676,467205,4.4_Bee'rSheva-Rahat_Main,180744.5651,573207.4419,POINT (180744.56506922428 573207.4419290826)
4677,467205,4.4_Rahat-Bee'rSheva_Main,180744.5651,573207.4419,POINT (180744.56506922428 573207.4419290826)
4678,467205,4.5_Bee'rSheva-Rahat,180744.5651,573207.4419,POINT (180744.56506922428 573207.4419290826)
4679,467205,4.5_Rahat-Bee'rSheva,180744.5651,573207.4419,POINT (180744.56506922428 573207.4419290826)
4680,467208,4.2_LRT_BRS-Shoket,180536.9326,572700.3871,POINT (180536.9325509066 572700.3870510272)
4681,467208,4.2_LRT_Shoket-BRS,180536.9326,572700.3871,POINT (180536.9325509066 572700.3870510272)
4682,467208,4.4_Bee'rSheva-Rahat_Main,180536.9326,572700.3871,POINT (180536.9325509066 572700.3870510272)
4683,467208,4.4_Rahat-Bee'rSheva_Main,180536.9326,572700.3871,POINT (180536.9325509066 572700.3870510272)
4684,467208,4.5_Bee'rSheva-Rahat,180536.9326,572700.3871,POINT (180536.9325509066 572700.3870510272)
4685,467208,4.5_Rahat-Bee'rSheva,180536.9326,572700.3871,POINT (180536.9325509066 572700.3870510272)
4686,467211,4.2_LRT_BRS-Shoket,180565.6727,572305.7775,POINT (180565.67266172802 572305.777466393)
4687,467211,4.2_LRT_Shoket-BRS,180565.6727,572305.7775,POINT (180565.67266172802 572305.777466393)
4688,467211,4.3_Ofakim-TelSheva,180565.6727,572305.7775,POINT (180565.67266172802 572305.777466393)
4689,467211,4.3_TelSheva-Ofakim,180565.6727,572305.7775,POINT (180565.67266172802 572305.777466393)
4690,467811,4.2_LRT_BRS-Shoket,185313.0207,570209.8092,POINT (185313.02067217283 570209.8091808402)
4691,467811,4.2_LRT_Shoket-BRS,185313.0207,570209.8092,POINT (185313.02067217283 570209.8091808402)
4692,467818,4.2_LRT_BRS-Shoket,184140.2546,570407.378,POINT (184140.254608017 570407.3780111336)
4693,467818,4.2_LRT_Shoket-BRS,184140.2546,570407.378,POINT (184140.254608017 570407.3780111336)
4694,467819,4.2_LRT_BRS-Shoket,182149.1891,570801.4259,POINT (182149.18908463966 570801.4258640136)
4695,467819,4.2_LRT_Shoket-BRS,182149.1891,570801.4259,POINT (182149.18908463966 570801.4258640136)
4696,467943,4.2_LRT_BRS-Shoket,180893.0032,571576.5501,POINT (180893.00318564486 571576.5501171547)
4697,467943,4.2_LRT_Shoket-BRS,180893.0032,571576.5501,POINT (180893.00318564486 571576.5501171547)
4698,467944,4.2_LRT_BRS-Shoket,182977.6641,570587.1916,POINT (182977.66411487528 570587.1915649718)
4699,467944,4.2_LRT_Shoket-BRS,182977.6641,570587.1916,POINT (182977.66411487528 570587.1915649718)
4700,467759,4.5_Bee'rSheva-Rahat,176515.1151,590464.1271,POINT (176515.11508703075 590464.1271224049)
4701,467759,4.5_Rahat-Bee'rSheva,176515.1151,590464.1271,POINT (176515.11508703075 590464.1271224049)
4702,467761,4.5_Bee'rSheva-Rahat,177001.4823,588428.9159,POINT (177001.4823065782 588428.9159251252)
4703,467761,4.5_Rahat-Bee'rSheva,177001.4823,588428.9159,POINT (177001.4823065782 588428.9159251252)
4704,467763,4.4_Bee'rSheva-Rahat_Main,177245.8778,589073.2541,POINT (177245.8777685137 589073.2540612512)
4705,467763,4.4_Rahat-Bee'rSheva_Main,177245.8778,589073.2541,POINT (177245.8777685137 589073.2540612512)
4706,467763,4.5_Bee'rSheva-Rahat,177245.8778,589073.2541,POINT (177245.8777685137 589073.2540612512)
4707,467763,4.5_Rahat-Bee'rSheva,177245.8778,589073.2541,POINT (177245.8777685137 589073.2540612512)
4708,467765,4.5_Bee'rSheva-Rahat,177052.7861,587310.1427,POINT (177052.7861150243 587310.1426892658)
4709,467765,4.5_Rahat-Bee'rSheva,177052.7861,587310.1427,POINT (177052.7861150243 587310.1426892658)
4710,467767,4.5_Bee'rSheva-Rahat,176413.0335,586338.4446,POINT (176413.03351483052 586338.4445583778)
4711,467767,4.5_Rahat-Bee'rSheva,176413.0335,586338.4446,POINT (176413.03351483052 586338.4445583778)
4712,467805,4.3_Ofakim-TelSheva,188150.013,573317.5185,POINT (188150.01304036236 573317.5185061903)
4713,467805,4.3_TelSheva-Ofakim,188150.013,573317.5185,POINT (188150.01304036236 573317.5185061903)
4714,467808,4.3_Ofakim-TelSheva,186300.6734,572912.0509,POINT (186300.6733839011 572912.0509137412)
4715,467808,4.3_TelSheva-Ofakim,186300.6734,572912.0509,POINT (186300.6733839011 572912.0509137412)
4716,467821,4.3_Ofakim-TelSheva,179844.3075,572657.6222,POINT (179844.3074969329 572657.6222034481)
4717,467821,4.3_TelSheva-Ofakim,179844.3075,572657.6222,POINT (179844.3074969329 572657.6222034481)
4718,467821,4.4_Bee'rSheva-Rahat_Main,179844.3075,572657.6222,POINT (179844.3074969329 572657.6222034481)
4719,467821,4.4_Rahat-Bee'rSheva_Main,179844.3075,572657.6222,POINT (179844.3074969329 572657.6222034481)
4720,467821,4.5_Bee'rSheva-Rahat,179844.3075,572657.6222,POINT (179844.3074969329 572657.6222034481)
4721,467821,4.5_Rahat-Bee'rSheva,179844.3075,572657.6222,POINT (179844.3074969329 572657.6222034481)
4722,467829,4.4_Bee'rSheva-Rahat_Main,180658.2315,575703.8483,POINT (180658.23151878815 575703.8483104525)
4723,467829,4.4_Rahat-Bee'rSheva_Main,180658.2315,575703.8483,POINT (180658.23151878815 575703.8483104525)
4724,467829,4.5_Bee'rSheva-Rahat,180658.2315,575703.8483,POINT (180658.23151878815 575703.8483104525)
4725,467829,4.5_Rahat-Bee'rSheva,180658.2315,575703.8483,POINT (180658.23151878815 575703.8483104525)
4726,467836,4.3_Ofakim-TelSheva,185443.4264,572881.5236,POINT (185443.42636041171 572881.5235538764)
4727,467836,4.3_TelSheva-Ofakim,185443.4264,572881.5236,POINT (185443.42636041171 572881.5235538764)
4728,467867,4.3_Ofakim-TelSheva,181380.6129,572631.2177,POINT (181380.61290048237 572631.2176667656)
4729,467867,4.3_TelSheva-Ofakim,181380.6129,572631.2177,POINT (181380.61290048237 572631.2176667656)
4730,467884,4.4_Bee'rSheva-Rahat_Main,178628.3617,572410.3541,POINT (178628.36172870395 572410.3540953737)
4731,467884,4.4_Rahat-Bee'rSheva_Main,178628.3617,572410.3541,POINT (178628.36172870395 572410.3540953737)
4732,467884,4.5_Bee'rSheva-Rahat,178628.3617,572410.3541,POINT (178628.36172870395 572410.3540953737)
4733,467884,4.5_Rahat-Bee'rSheva,178628.3617,572410.3541,POINT (178628.36172870395 572410.3540953737)
4734,467893,4.3_Ofakim-TelSheva,162469.9066,580835.7216,POINT (162469.9065676619 580835.7216440463)
4735,467893,4.3_TelSheva-Ofakim,162469.9066,580835.7216,POINT (162469.9065676619 580835.7216440463)
4736,467906,4.4_Bee'rSheva-Rahat_Main,177597.1397,571435.1287,POINT (177597.13973388216 571435.1287008164)
4737,467906,4.4_Rahat-Bee'rSheva_Main,177597.1397,571435.1287,POINT (177597.13973388216 571435.1287008164)
4738,467906,4.5_Bee'rSheva-Rahat,177597.1397,571435.1287,POINT (177597.13973388216 571435.1287008164)
4739,467906,4.5_Rahat-Bee'rSheva,177597.1397,571435.1287,POINT (177597.13973388216 571435.1287008164)
4740,467907,4.4_Bee'rSheva-Rahat_Main,178251.4954,571851.6665,POINT (178251.49537202646 571851.6664895782)
4741,467907,4.4_Rahat-Bee'rSheva_Main,178251.4954,571851.6665,POINT (178251.49537202646 571851.6664895782)
4742,467907,4.5_Bee'rSheva-Rahat,178251.4954,571851.6665,POINT (178251.49537202646 571851.6664895782)
4743,467907,4.5_Rahat-Bee'rSheva,178251.4954,571851.6665,POINT (178251.49537202646 571851.6664895782)
4744,467932,4.3_Ofakim-TelSheva,163965.3517,579480.602,POINT (163965.35169728874 579480.6019619161)
4745,467932,4.3_TelSheva-Ofakim,163965.3517,579480.602,POINT (163965.35169728874 579480.6019619161)
4746,467933,4.3_Ofakim-TelSheva,163931.1907,580167.8069,POINT (163931.1907312154 580167.8068891992)
4747,467933,4.3_TelSheva-Ofakim,163931.1907,580167.8069,POINT (163931.1907312154 580167.8068891992)
4748,467934,4.3_Ofakim-TelSheva,163796.5822,581011.667,POINT (163796.58216299128 581011.6670257419)
4749,467934,4.3_TelSheva-Ofakim,163796.5822,581011.667,POINT (163796.58216299128 581011.6670257419)
4750,467940,4.3_Ofakim-TelSheva,182095.5811,572690.3032,POINT (182095.5810775992 572690.3032411226)
4751,467940,4.3_TelSheva-Ofakim,182095.5811,572690.3032,POINT (182095.5810775992 572690.3032411226)
4752,467942,4.4_Bee'rSheva-Rahat_Main,180300.5215,576239.165,POINT (180300.52153920158 576239.1650046333)
4753,467942,4.4_Rahat-Bee'rSheva_Main,180300.5215,576239.165,POINT (180300.52153920158 576239.1650046333)
4754,467942,4.5_Bee'rSheva-Rahat,180300.5215,576239.165,POINT (180300.52153920158 576239.1650046333)
4755,467942,4.5_Rahat-Bee'rSheva,180300.5215,576239.165,POINT (180300.52153920158 576239.1650046333)
4756,467947,4.3_Ofakim-TelSheva,166118.5069,579521.8888,POINT (166118.50690417027 579521.8887730421)
4757,467947,4.3_TelSheva-Ofakim,166118.5069,579521.8888,POINT (166118.50690417027 579521.8887730421)
4758,467949,4.3_Ofakim-TelSheva,164924.8012,579073.7395,POINT (164924.80123602902 579073.7394624035)
4759,467949,4.3_TelSheva-Ofakim,164924.8012,579073.7395,POINT (164924.80123602902 579073.7394624035)
4760,467950,4.4_Bee'rSheva-Rahat_Main,180740.4533,575014.6586,POINT (180740.45326185218 575014.6585794716)
4761,467950,4.4_Rahat-Bee'rSheva_Main,180740.4533,575014.6586,POINT (180740.45326185218 575014.6585794716)
4762,467950,4.5_Bee'rSheva-Rahat,180740.4533,575014.6586,POINT (180740.45326185218 575014.6585794716)
4763,467950,4.5_Rahat-Bee'rSheva,180740.4533,575014.6586,POINT (180740.45326185218 575014.6585794716)
4764,467755,4.4_Bee'rSheva-Rahat_Main,174422.3619,588026.9965,POINT (174422.36188323164 588026.9964897763)
4765,467755,4.4_Rahat-Bee'rSheva_Main,174422.3619,588026.9965,POINT (174422.36188323164 588026.9964897763)
4766,467756,4.4_Bee'rSheva-Rahat_Main,175243.1156,588459.371,POINT (175243.11556825167 588459.3710215642)
4767,467756,4.4_Rahat-Bee'rSheva_Main,175243.1156,588459.371,POINT (175243.11556825167 588459.3710215642)
4768,467758,4.4_Bee'rSheva-Rahat_Main,176722.654,589539.4152,POINT (176722.65398614132 589539.4151741461)
4769,467758,4.4_Rahat-Bee'rSheva_Main,176722.654,589539.4152,POINT (176722.65398614132 589539.4151741461)
4770,467764,4.4_Bee'rSheva-Rahat_Main,178100.0926,589095.1236,POINT (178100.09260018868 589095.1236186335)
4771,467764,4.4_Rahat-Bee'rSheva_Main,178100.0926,589095.1236,POINT (178100.09260018868 589095.1236186335)
4772,467925,4.4_Bee'rSheva-Rahat_Main,180756.912,586470.4044,POINT (180756.912047797 586470.4044437824)
4773,467925,4.4_Rahat-Bee'rSheva_Main,180756.912,586470.4044,POINT (180756.912047797 586470.4044437824)
4774,467926,4.4_Bee'rSheva-Rahat_Main,180023.7562,586741.8018,POINT (180023.75616880393 586741.8018492935)
4775,467926,4.4_Rahat-Bee'rSheva_Main,180023.7562,586741.8018,POINT (180023.75616880393 586741.8018492935)
4776,467927,4.4_Bee'rSheva-Rahat_Main,179391.4602,587654.751,POINT (179391.460179923 587654.7510287006)
4777,467927,4.4_Rahat-Bee'rSheva_Main,179391.4602,587654.751,POINT (179391.460179923 587654.7510287006)
4778,467928,4.4_Bee'rSheva-Rahat_Main,178722.2372,588949.2034,POINT (178722.2371652584 588949.2033758006)
4779,467928,4.4_Rahat-Bee'rSheva_Main,178722.2372,588949.2034,POINT (178722.2371652584 588949.2033758006)
4780,467807,4.3_Ofakim-TelSheva,187089.8316,572889.6363,POINT (187089.83158763032 572889.6362808589)
4781,467807,4.3_TelSheva-Ofakim,187089.8316,572889.6363,POINT (187089.83158763032 572889.6362808589)
4782,525015,BluRT1,183112.4137,642110.4345,POINT (183112.4137 642110.4345)
4783,525017,BluRT1,183059.3005,642616.6148,POINT (183059.3005 642616.6148)
4784,525019,BluRT1,182983.418,643102.6386,POINT (182983.418 643102.6386)
4785,525020,BluRT1,182841.864,643480.8189,POINT (182841.864 643480.8189)
4786,525025,BluRT1,182600.3096,643899.166,POINT (182600.3096 643899.166)
4787,525030,BluRT1,182456.7945,644357.21,POINT (182456.7945 644357.21)
4788,525032,BluRT1,182369.9365,644705.2679,POINT (182369.9365 644705.2679)
4789,525034,BluRT1,182294.1322,645044.247,POINT (182294.1322 645044.247)
4790,525038,BluRT1,182145.557,645482.0427,POINT (182145.557 645482.0427)
4791,525042,BluRT1,181850.29,646020.8888,POINT (181850.29 646020.8888)
4792,525043,BluRT1,181777.0013,646257.0049,POINT (181777.0013 646257.0049)
4793,525045,BluRT1,181562.9348,646631.6706,POINT (181562.9348 646631.6706)
4794,525049,BluRT1,181114.9634,647632.886,POINT (181114.9634 647632.886)
4795,525051,BluRT1,181076.5061,648025.6571,POINT (181076.5061 648025.6571)
4796,525054,BluRT1,181150.5313,648556.106,POINT (181150.5313 648556.106)
4797,525056,BluRT1,181279.1757,649376.9131,POINT (181279.1757 649376.9131)
4798,525201,BluRT1,181432.4474,650612.9576,POINT (181432.4474 650612.9576)
4799,525059,BluRT1,181461.1608,650779.8747,POINT (181461.1608 650779.8747)
4800,525200,BluRT1,181490.36,650980.8364,POINT (181490.36 650980.8364)
4801,525061,BluRT1,181547.7993,651319.3156,POINT (181547.7993 651319.3156)
4802,525062,BluRT1,181500.5321,651876.7862,POINT (181500.5321 651876.7862)
4803,525065,BluRT1,181594.1449,652442.3204,POINT (181594.1449 652442.3204)
4804,525069,BluRT1,181722.0678,653014.474,POINT (181722.0678 653014.474)
4805,525074,BluRT1,181952.3679,653491.8926,POINT (181952.3679 653491.8926)
4806,525076,BluRT1,182179.8734,654286.9695,POINT (182179.8734 654286.9695)
4807,525081,BluRT1,182634.9917,655668.3309,POINT (182634.9917 655668.3309)
4808,525084,BluRT1,183324.8563,656542.3096,POINT (183324.8563 656542.3096)
4809,525087,BluRT1,182618.4794,657699.0079,POINT (182618.4794 657699.0079)
4810,525089,BluRT1,182292.5537,658231.8317,POINT (182292.5537 658231.8317)
4811,525091,BluRT1,181854.9543,658813.8844,POINT (181854.9543 658813.8844)
4812,525097,BluRT1,179380.5179,660677.1954,POINT (179380.5179 660677.1954)
4813,525099,BluRT2,178959.1235,660947.1801,POINT (178959.1235 660947.1801)
4814,525097,BluRT2,179380.5179,660677.1954,POINT (179380.5179 660677.1954)
4815,525093,BluRT2,181110.263,659563.3442,POINT (181110.263 659563.3442)
4816,525091,BluRT2,181854.9543,658813.8844,POINT (181854.9543 658813.8844)
4817,525089,BluRT2,182292.5537,658231.8317,POINT (182292.5537 658231.8317)
4818,525087,BluRT2,182618.4794,657699.0079,POINT (182618.4794 657699.0079)
4819,525084,BluRT2,183324.8563,656542.3096,POINT (183324.8563 656542.3096)
4820,525081,BluRT2,182634.9917,655668.3309,POINT (182634.9917 655668.3309)
4821,525076,BluRT2,182179.8734,654286.9695,POINT (182179.8734 654286.9695)
4822,525074,BluRT2,181952.3679,653491.8926,POINT (181952.3679 653491.8926)
4823,525069,BluRT2,181722.0678,653014.474,POINT (181722.0678 653014.474)
4824,525065,BluRT2,181594.1449,652442.3204,POINT (181594.1449 652442.3204)
4825,525062,BluRT2,181500.5321,651876.7862,POINT (181500.5321 651876.7862)
4826,525061,BluRT2,181547.7993,651319.3156,POINT (181547.7993 651319.3156)
4827,525200,BluRT2,181490.36,650980.8364,POINT (181490.36 650980.8364)
4828,525059,BluRT2,181461.1608,650779.8747,POINT (181461.1608 650779.8747)
4829,525201,BluRT2,181432.4474,650612.9576,POINT (181432.4474 650612.9576)
4830,525056,BluRT2,181279.1757,649376.9131,POINT (181279.1757 649376.9131)
4831,525054,BluRT2,181150.5313,648556.106,POINT (181150.5313 648556.106)
4832,525051,BluRT2,181076.5061,648025.6571,POINT (181076.5061 648025.6571)
4833,525049,BluRT2,181114.9634,647632.886,POINT (181114.9634 647632.886)
4834,525045,BluRT2,181562.9348,646631.6706,POINT (181562.9348 646631.6706)
4835,525043,BluRT2,181777.0013,646257.0049,POINT (181777.0013 646257.0049)
4836,525042,BluRT2,181850.29,646020.8888,POINT (181850.29 646020.8888)
4837,525038,BluRT2,182145.557,645482.0427,POINT (182145.557 645482.0427)
4838,525034,BluRT2,182294.1322,645044.247,POINT (182294.1322 645044.247)
4839,525032,BluRT2,182369.9365,644705.2679,POINT (182369.9365 644705.2679)
4840,525030,BluRT2,182456.7945,644357.21,POINT (182456.7945 644357.21)
4841,525025,BluRT2,182600.3096,643899.166,POINT (182600.3096 643899.166)
4842,525020,BluRT2,182841.864,643480.8189,POINT (182841.864 643480.8189)
4843,525019,BluRT2,182983.418,643102.6386,POINT (182983.418 643102.6386)
4844,525017,BluRT2,183059.3005,642616.6148,POINT (183059.3005 642616.6148)
4845,521077,M1-KS-LOD,193991.5292,675765.4979,POINT(193991.529249 675765.497892)
4846,521076,M1-KS-LOD,193619.2961,675353.2425,POINT(193619.296056 675353.242536)
4847,521075,M1-KS-LOD,191974.3957,675679.5264,POINT(191974.395734 675679.526371)
4848,521074,M1-KS-LOD,190868.2119,675980.5996,POINT(190868.211921 675980.599599)
4849,521073,M1-KS-LOD,190094.3107,675971.8563,POINT(190094.310718 675971.856261)
4850,521071,M1-KS-LOD,190212.1762,673771.3212,POINT(190212.176185 673771.321174)
4851,525203,M1-KS-LOD,190196.9662,672445.7612,POINT(190196.966155 672445.761224)
4852,521070,M1-KS-LOD,189857.6068,672295.5681,POINT(189857.606841 672295.568093)
4853,521069,M1-KS-LOD,188651.5618,672483.8594,POINT(188651.561841 672483.859441)
4854,521068,M1-KS-LOD,187337.4847,672657.003,POINT(187337.484714 672657.003026)
4855,521067,M1-KS-LOD,186324.3613,672814.9079,POINT(186324.361347 672814.907874)
4856,521032,M1-KS-LOD,185149.5562,673021.477,POINT(185149.556218 673021.477028)
4857,521066,M1-KS-LOD,184905.2676,672467.0069,POINT(184905.267592 672467.006874)
4858,521064,M1-KS-LOD,184232.1769,671742.3333,POINT(184232.176929 671742.333281)
4859,521063,M1-KS-LOD,182078.0371,670995.1837,POINT(182078.037082 670995.183731)
4860,521062,M1-KS-LOD,181537.8079,670093.4642,POINT(181537.807879 670093.464188)
4861,521028,M1-KS-LOD,181418.5859,669064.5852,POINT(181418.585862 669064.585193)
4862,521027,M1-KS-LOD,181293.6437,668110.8256,POINT(181293.643711 668110.825578)
4863,521026,M1-KS-LOD,180614.6092,667341.7075,POINT(180614.609153 667341.707466)
4864,521025,M1-KS-LOD,180848.9753,666399.4313,POINT(180848.975274 666399.431306)
4865,521024,M1-KS-LOD,180938.8476,665688.0887,POINT(180938.847645 665688.088746)
4866,521023,M1-KS-LOD,180792.9973,664532.1311,POINT(180792.997347 664532.131083)
4867,521022,M1-KS-LOD,180523.5935,663376.6897,POINT(180523.593528 663376.689655)
4868,521021,M1-KS-LOD,179908.1597,662275.0633,POINT(179908.159741 662275.063313)
4869,521061,M1-KS-LOD,179658.9033,661503.4147,POINT(179658.903341 661503.414662)
4870,521060,M1-KS-LOD,178977.8154,660615.6023,POINT(178977.815428 660615.602254)
4871,521058,M1-KS-LOD,178322.0544,659981.3459,POINT(178322.054391 659981.345941)
4872,521057,M1-KS-LOD,177995.6579,659109.9107,POINT(177995.657904 659109.910706)
4873,521056,M1-KS-LOD,177928.5244,657875.2793,POINT(177928.52435 657875.279349)
4874,521055,M1-KS-LOD,178869.1384,656916.6836,POINT(178869.138356 656916.683629)
4875,521012,M1-KS-LOD,180633.5545,655248.1841,POINT(180633.554465 655248.184139)
4876,521051,M1-KS-LOD,181982.9704,654300.6641,POINT(181982.970427 654300.664123)
4877,521050,M1-KS-LOD,183291.3598,653282.2842,POINT(183291.359806 653282.284197)
4878,521052,M1-KS-LOD,184298.2763,653110.2764,POINT(184298.276331 653110.276409)
4879,521049,M1-KS-LOD,185146.0403,653071.6668,POINT(185146.040341 653071.66681)
4880,521048,M1-KS-LOD,185136.5701,652079.1246,POINT(185136.570062 652079.124553)
4881,521047,M1-KS-LOD,185201.7616,650581.91,POINT(185201.761561 650581.909987)
4882,521053,M1-KS-LOD,185216.1383,649417.6416,POINT(185216.138303 649417.6416)
4883,521046,M1-KS-LOD,186423.3431,649174.5272,POINT(186423.343124 649174.527209)
4884,521041,M1-KS-LOD,187364.5792,648671.5042,POINT(187364.579226 648671.504158)
4885,521045,M1-KS-LOD,188417.8706,648406.7954,POINT(188417.870573 648406.795431)
4886,521044,M1-KS-LOD,189324.6027,649491.7435,POINT(189324.602666 649491.743488)
4887,521035,M1-KS-LOD,189379.2934,649588.6216,POINT(189379.293414 649588.621623)
4888,521043,M1-KS-LOD,189874.8229,650356.5694,POINT(189874.822913 650356.569377)
4889,521078,M1-KS-LOD,190425.4502,651667.7587,POINT(190425.450211 651667.758688)
4890,525088,M1-KS-LOD,190583.1498,652231.9665,POINT(190583.14982 652231.96647)
4891,521079,M1-KS-LOD,190013.5272,652532.3715,POINT(190013.527202 652532.371524)
4892,521080,M1-LOD-KS,188679.0952,652736.7345,POINT(188679.095242 652736.734524)
4893,521079,M1-LOD-KS,190013.5272,652532.3715,POINT(190013.527202 652532.371524)
4894,525088,M1-LOD-KS,190583.1498,652231.9665,POINT(190583.14982 652231.96647)
4895,521078,M1-LOD-KS,190425.4502,651667.7587,POINT(190425.450211 651667.758688)
4896,521043,M1-LOD-KS,189874.8229,650356.5694,POINT(189874.822913 650356.569377)
4897,521035,M1-LOD-KS,189379.2934,649588.6216,POINT(189379.293414 649588.621623)
4898,521044,M1-LOD-KS,189324.6027,649491.7435,POINT(189324.602666 649491.743488)
4899,521045,M1-LOD-KS,188417.8706,648406.7954,POINT(188417.870573 648406.795431)
4900,521041,M1-LOD-KS,187364.5792,648671.5042,POINT(187364.579226 648671.504158)
4901,521046,M1-LOD-KS,186423.3431,649174.5272,POINT(186423.343124 649174.527209)
4902,521053,M1-LOD-KS,185216.1383,649417.6416,POINT(185216.138303 649417.6416)
4903,521047,M1-LOD-KS,185201.7616,650581.91,POINT(185201.761561 650581.909987)
4904,521048,M1-LOD-KS,185136.5701,652079.1246,POINT(185136.570062 652079.124553)
4905,521049,M1-LOD-KS,185146.0403,653071.6668,POINT(185146.040341 653071.66681)
4906,521052,M1-LOD-KS,184298.2763,653110.2764,POINT(184298.276331 653110.276409)
4907,521050,M1-LOD-KS,183291.3598,653282.2842,POINT(183291.359806 653282.284197)
4908,521051,M1-LOD-KS,181982.9704,654300.6641,POINT(181982.970427 654300.664123)
4909,521012,M1-LOD-KS,180633.5545,655248.1841,POINT(180633.554465 655248.184139)
4910,521055,M1-LOD-KS,178869.1384,656916.6836,POINT(178869.138356 656916.683629)
4911,521056,M1-LOD-KS,177928.5244,657875.2793,POINT(177928.52435 657875.279349)
4912,521057,M1-LOD-KS,177995.6579,659109.9107,POINT(177995.657904 659109.910706)
4913,521058,M1-LOD-KS,178322.0544,659981.3459,POINT(178322.054391 659981.345941)
4914,521060,M1-LOD-KS,178977.8154,660615.6023,POINT(178977.815428 660615.602254)
4915,521061,M1-LOD-KS,179658.9033,661503.4147,POINT(179658.903341 661503.414662)
4916,521021,M1-LOD-KS,179908.1597,662275.0633,POINT(179908.159741 662275.063313)
4917,521022,M1-LOD-KS,180523.5935,663376.6897,POINT(180523.593528 663376.689655)
4918,521023,M1-LOD-KS,180792.9973,664532.1311,POINT(180792.997347 664532.131083)
4919,521024,M1-LOD-KS,180938.8476,665688.0887,POINT(180938.847645 665688.088746)
4920,521025,M1-LOD-KS,180848.9753,666399.4313,POINT(180848.975274 666399.431306)
4921,521026,M1-LOD-KS,180614.6092,667341.7075,POINT(180614.609153 667341.707466)
4922,521027,M1-LOD-KS,181293.6437,668110.8256,POINT(181293.643711 668110.825578)
4923,521028,M1-LOD-KS,181418.5859,669064.5852,POINT(181418.585862 669064.585193)
4924,521062,M1-LOD-KS,181537.8079,670093.4642,POINT(181537.807879 670093.464188)
4925,521063,M1-LOD-KS,182078.0371,670995.1837,POINT(182078.037082 670995.183731)
4926,521064,M1-LOD-KS,184232.1769,671742.3333,POINT(184232.176929 671742.333281)
4927,521066,M1-LOD-KS,184905.2676,672467.0069,POINT(184905.267592 672467.006874)
4928,521032,M1-LOD-KS,185149.5562,673021.477,POINT(185149.556218 673021.477028)
4929,521067,M1-LOD-KS,186324.3613,672814.9079,POINT(186324.361347 672814.907874)
4930,521068,M1-LOD-KS,187337.4847,672657.003,POINT(187337.484714 672657.003026)
4931,521069,M1-LOD-KS,188651.5618,672483.8594,POINT(188651.561841 672483.859441)
4932,521070,M1-LOD-KS,189857.6068,672295.5681,POINT(189857.606841 672295.568093)
4933,525203,M1-LOD-KS,190196.9662,672445.7612,POINT(190196.966155 672445.761224)
4934,521071,M1-LOD-KS,190212.1762,673771.3212,POINT(190212.176185 673771.321174)
4935,521073,M1-LOD-KS,190094.3107,675971.8563,POINT(190094.310718 675971.856261)
4936,521074,M1-LOD-KS,190868.2119,675980.5996,POINT(190868.211921 675980.599599)
4937,521075,M1-LOD-KS,191974.3957,675679.5264,POINT(191974.395734 675679.526371)
4938,521076,M1-LOD-KS,193619.2961,675353.2425,POINT(193619.296056 675353.242536)
4939,521054,M1-RA-RE,189629.3268,678806.4902,POINT(189629.326777 678806.490196)
4940,521039,M1-RA-RE,189268.7247,678332.5354,POINT(189268.724716 678332.535378)
4941,521031,M1-RA-RE,189172.782,677387.0382,POINT(189172.782022 677387.038215)
4942,521038,M1-RA-RE,188056.5364,676460.9879,POINT(188056.536441 676460.987854)
4943,521037,M1-RA-RE,186103.7656,676594.3495,POINT(186103.765569 676594.349515)
4944,521036,M1-RA-RE,185051.6875,675902.1977,POINT(185051.687501 675902.197725)
4945,521034,M1-RA-RE,185331.6339,674808.1153,POINT(185331.633888 674808.115308)
4946,521033,M1-RA-RE,185296.5474,673510.1735,POINT(185296.547369 673510.173453)
4947,521032,M1-RA-RE,185149.5562,673021.477,POINT(185149.556218 673021.477028)
4948,521066,M1-RA-RE,184905.2676,672467.0069,POINT(184905.267592 672467.006874)
4949,521064,M1-RA-RE,184232.1769,671742.3333,POINT(184232.176929 671742.333281)
4950,521063,M1-RA-RE,182078.0371,670995.1837,POINT(182078.037082 670995.183731)
4951,521062,M1-RA-RE,181537.8079,670093.4642,POINT(181537.807879 670093.464188)
4952,521028,M1-RA-RE,181418.5859,669064.5852,POINT(181418.585862 669064.585193)
4953,521027,M1-RA-RE,181293.6437,668110.8256,POINT(181293.643711 668110.825578)
4954,521026,M1-RA-RE,180614.6092,667341.7075,POINT(180614.609153 667341.707466)
4955,521025,M1-RA-RE,180848.9753,666399.4313,POINT(180848.975274 666399.431306)
4956,521024,M1-RA-RE,180938.8476,665688.0887,POINT(180938.847645 665688.088746)
4957,521023,M1-RA-RE,180792.9973,664532.1311,POINT(180792.997347 664532.131083)
4958,521022,M1-RA-RE,180523.5935,663376.6897,POINT(180523.593528 663376.689655)
4959,521021,M1-RA-RE,179908.1597,662275.0633,POINT(179908.159741 662275.063313)
4960,521061,M1-RA-RE,179658.9033,661503.4147,POINT(179658.903341 661503.414662)
4961,521060,M1-RA-RE,178977.8154,660615.6023,POINT(178977.815428 660615.602254)
4962,521058,M1-RA-RE,178322.0544,659981.3459,POINT(178322.054391 659981.345941)
4963,521057,M1-RA-RE,177995.6579,659109.9107,POINT(177995.657904 659109.910706)
4964,521056,M1-RA-RE,177928.5244,657875.2793,POINT(177928.52435 657875.279349)
4965,521055,M1-RA-RE,178869.1384,656916.6836,POINT(178869.138356 656916.683629)
4966,521012,M1-RA-RE,180633.5545,655248.1841,POINT(180633.554465 655248.184139)
4967,521011,M1-RA-RE,180893.9289,653638.3292,POINT(180893.928883 653638.329176)
4968,521010,M1-RA-RE,181202.6505,652494.4299,POINT(181202.650547 652494.429933)
4969,521009,M1-RA-RE,181421.2139,650901.7357,POINT(181421.213892 650901.73569)
4970,521008,M1-RA-RE,181224.036,649485.3067,POINT(181224.036039 649485.306685)
4971,521007,M1-RA-RE,181087.1081,648562.9307,POINT(181087.108115 648562.930706)
4972,521042,M1-RA-RE,181309.4526,646968.3349,POINT(181309.452626 646968.33485)
4973,521006,M1-RA-RE,181761.1167,646029.0156,POINT(181761.116705 646029.015595)
4974,521004,M1-RA-RE,182316.6609,644585.2208,POINT(182316.660913 644585.220814)
4975,521003,M1-RA-RE,182707.8952,643536.2723,POINT(182707.895188 643536.272314)
4976,521002,M1-RE-RA,182785.3352,641894.7937,POINT(182785.335171 641894.793661)
4977,521003,M1-RE-RA,182707.8952,643536.2723,POINT(182707.895188 643536.272314)
4978,521004,M1-RE-RA,182316.6609,644585.2208,POINT(182316.660913 644585.220814)
4979,521006,M1-RE-RA,181761.1167,646029.0156,POINT(181761.116705 646029.015595)
4980,521042,M1-RE-RA,181309.4526,646968.3349,POINT(181309.452626 646968.33485)
4981,521007,M1-RE-RA,181087.1081,648562.9307,POINT(181087.108115 648562.930706)
4982,521008,M1-RE-RA,181224.036,649485.3067,POINT(181224.036039 649485.306685)
4983,521009,M1-RE-RA,181421.2139,650901.7357,POINT(181421.213892 650901.73569)
4984,521010,M1-RE-RA,181202.6505,652494.4299,POINT(181202.650547 652494.429933)
4985,521011,M1-RE-RA,180893.9289,653638.3292,POINT(180893.928883 653638.329176)
4986,521012,M1-RE-RA,180633.5545,655248.1841,POINT(180633.554465 655248.184139)
4987,521055,M1-RE-RA,178869.1384,656916.6836,POINT(178869.138356 656916.683629)
4988,521056,M1-RE-RA,177928.5244,657875.2793,POINT(177928.52435 657875.279349)
4989,521057,M1-RE-RA,177995.6579,659109.9107,POINT(177995.657904 659109.910706)
4990,521058,M1-RE-RA,178322.0544,659981.3459,POINT(178322.054391 659981.345941)
4991,521060,M1-RE-RA,178977.8154,660615.6023,POINT(178977.815428 660615.602254)
4992,521061,M1-RE-RA,179658.9033,661503.4147,POINT(179658.903341 661503.414662)
4993,521021,M1-RE-RA,179908.1597,662275.0633,POINT(179908.159741 662275.063313)
4994,521022,M1-RE-RA,180523.5935,663376.6897,POINT(180523.593528 663376.689655)
4995,521023,M1-RE-RA,180792.9973,664532.1311,POINT(180792.997347 664532.131083)
4996,521024,M1-RE-RA,180938.8476,665688.0887,POINT(180938.847645 665688.088746)
4997,521025,M1-RE-RA,180848.9753,666399.4313,POINT(180848.975274 666399.431306)
4998,521026,M1-RE-RA,180614.6092,667341.7075,POINT(180614.609153 667341.707466)
4999,521027,M1-RE-RA,181293.6437,668110.8256,POINT(181293.643711 668110.825578)
5000,521028,M1-RE-RA,181418.5859,669064.5852,POINT(181418.585862 669064.585193)
5001,521062,M1-RE-RA,181537.8079,670093.4642,POINT(181537.807879 670093.464188)
5002,521063,M1-RE-RA,182078.0371,670995.1837,POINT(182078.037082 670995.183731)
5003,521064,M1-RE-RA,184232.1769,671742.3333,POINT(184232.176929 671742.333281)
5004,521066,M1-RE-RA,184905.2676,672467.0069,POINT(184905.267592 672467.006874)
5005,521032,M1-RE-RA,185149.5562,673021.477,POINT(185149.556218 673021.477028)
5006,521033,M1-RE-RA,185296.5474,673510.1735,POINT(185296.547369 673510.173453)
5007,521034,M1-RE-RA,185331.6339,674808.1153,POINT(185331.633888 674808.115308)
5008,521036,M1-RE-RA,185051.6875,675902.1977,POINT(185051.687501 675902.197725)
5009,521037,M1-RE-RA,186103.7656,676594.3495,POINT(186103.765569 676594.349515)
5010,521038,M1-RE-RA,188056.5364,676460.9879,POINT(188056.536441 676460.987854)
5011,521031,M1-RE-RA,189172.782,677387.0382,POINT(189172.782022 677387.038215)
5012,521039,M1-RE-RA,189268.7247,678332.5354,POINT(189268.724716 678332.535378)
